step,tokens,loss,lr,grad_norm,tokens_per_s,train_seconds
1,8192,9.74275,2e-06,5.18218,22764.3,0.359862
2,16384,9.76237,4e-06,5.65168,43875.6,0.546572
3,24576,9.72421,6e-06,5.64185,43142.2,0.736456
4,32768,9.7026,8e-06,5.76272,40451.1,0.938972
5,40960,9.71584,1e-05,5.27529,40861,1.13946
6,49152,9.66803,1.2e-05,5.31013,35370,1.37107
7,57344,9.61782,1.4e-05,5.42588,41483.4,1.56854
8,65536,9.58962,1.6e-05,4.74988,43718.6,1.75592
9,73728,9.51692,1.8e-05,4.91019,42471.9,1.9488
10,81920,9.46761,2e-05,4.59523,42087.5,2.14344
11,90112,9.4138,2.2e-05,4.31715,35729.8,2.37272
12,98304,9.3879,2.4e-05,3.79954,41196.1,2.57157
13,106496,9.35054,2.6e-05,3.6819,42025.1,2.76651
14,114688,9.291,2.8e-05,3.27034,41830.1,2.96235
15,122880,9.2461,3e-05,3.00528,41315.6,3.16062
16,131072,9.23055,3.2e-05,2.67199,38664.2,3.3725
17,139264,9.19287,3.4e-05,2.38113,41357.2,3.57058
18,147456,9.1531,3.6e-05,2.50922,41856,3.7663
19,155648,9.11657,3.8e-05,2.16968,41901,3.96181
20,163840,9.12815,4e-05,1.99618,41528.3,4.15907
21,172032,9.057,4.2e-05,1.99819,40401.3,4.36183
22,180224,9.04628,4.4e-05,1.95546,42751.2,4.55346
23,188416,9.05993,4.6e-05,1.8593,41911.2,4.74892
24,196608,9.01053,4.8e-05,1.91155,42267.5,4.94273
25,204800,9.0321,5e-05,1.98988,42274.4,5.13651
26,212992,8.99953,5.2e-05,1.83924,43236,5.32598
27,221184,8.99786,5.4e-05,1.79366,42405.1,5.51917
28,229376,8.99044,5.6e-05,1.82527,42545.5,5.71171
29,237568,8.95885,5.8e-05,1.77651,42872.8,5.90279
30,245760,8.96699,6e-05,1.75441,35878.8,6.13111
31,253952,8.88376,6.2e-05,1.83058,36464.3,6.35577
32,262144,8.84909,6.4e-05,1.86047,42751.2,6.54739
33,270336,8.83463,6.6e-05,1.85348,42745.7,6.73904
34,278528,8.84237,6.8e-05,1.7558,42260,6.93289
35,286720,8.81993,7e-05,1.72519,37830.1,7.14943
36,294912,8.77872,7.2e-05,1.75305,39271.3,7.35803
37,303104,8.75413,7.4e-05,1.72109,41842.8,7.55381
38,311296,8.70232,7.6e-05,1.76505,43210,7.7434
39,319488,8.6653,7.8e-05,1.75596,42056.8,7.93818
40,327680,8.63955,8e-05,1.76889,39445.9,8.14586
41,335872,8.60271,8.2e-05,1.73498,40191.4,8.34968
42,344064,8.54572,8.4e-05,1.8001,42292.8,8.54338
43,352256,8.47188,8.6e-05,1.81692,41906.5,8.73886
44,360448,8.45101,8.8e-05,1.83178,42086.2,8.93351
45,368640,8.41125,9e-05,1.90873,42705.3,9.12534
46,376832,8.38836,9.2e-05,1.9282,42699.2,9.31719
47,385024,8.44332,9.4e-05,1.80966,41802.7,9.51316
48,393216,8.34304,9.6e-05,1.81511,41669.7,9.70975
49,401408,8.31804,9.8e-05,1.81052,41774.9,9.90585
50,409600,8.30855,0.0001,1.77329,41983.8,10.101
51,417792,8.24021,0.000102,1.76303,40746.1,10.302
52,425984,8.22075,0.000104,1.59724,44052.1,10.488
53,434176,8.17456,0.000106,1.64641,43583.6,10.6759
54,442368,8.12508,0.000108,1.65531,43711.5,10.8634
55,450560,8.14798,0.00011,1.72913,37117,11.0841
56,458752,8.11248,0.000112,1.7065,37499,11.3025
57,466944,7.95617,0.000114,1.69216,42256.4,11.4964
58,475136,7.97073,0.000116,1.60935,43013.7,11.6868
59,483328,8.00608,0.000118,1.60218,42431.2,11.8799
60,491520,7.97133,0.00012,1.49014,38520,12.0926
61,499712,7.96139,0.000122,1.52165,39240,12.3013
62,507904,7.75605,0.000124,1.6648,40100.1,12.5056
63,516096,7.78611,0.000126,1.56966,40863.6,12.7061
64,524288,7.83949,0.000128,1.48295,42133,12.9005
65,532480,7.79958,0.00013,1.44895,42175.6,13.0948
66,540672,7.64891,0.000132,1.44122,41755.6,13.291
67,548864,7.73516,0.000134,1.39914,41051.3,13.4905
68,557056,7.57725,0.000136,1.40661,41038.9,13.6901
69,565248,7.58477,0.000138,1.35455,41800.7,13.8861
70,573440,7.62655,0.00014,1.33681,43387,14.0749
71,581632,7.42612,0.000142,1.46884,39826.8,14.2806
72,589824,7.57897,0.000144,1.31908,42413.3,14.4738
73,598016,7.47433,0.000146,1.37151,41754.4,14.67
74,606208,7.46011,0.000148,1.30598,42071.8,14.8647
75,614400,7.46,0.00015,1.25012,43051.6,15.0549
76,622592,7.48741,0.000152,1.21994,43438.5,15.2435
77,630784,7.5049,0.000154,1.20257,43628.3,15.4313
78,638976,7.33985,0.000156,1.23654,43421.1,15.62
79,647168,7.35769,0.000158,1.14959,43543.8,15.8081
80,655360,7.28242,0.00016,1.1216,37230.6,16.0281
81,663552,7.20453,0.000162,1.14316,38840.8,16.239
82,671744,7.29042,0.000164,1.08722,39380.3,16.4471
83,679936,7.34311,0.000166,0.951773,40365.5,16.65
84,688128,7.22604,0.000168,1.06451,42117.6,16.8445
85,696320,7.1969,0.00017,1.08782,41942.1,17.0398
86,704512,7.127,0.000172,1.00203,41080.1,17.2393
87,712704,7.18302,0.000174,0.864607,40058.1,17.4438
88,720896,7.22044,0.000176,0.893109,40962,17.6437
89,729088,7.04471,0.000178,0.955513,42259.1,17.8376
90,737280,7.10995,0.00018,0.88983,42107.7,18.0321
91,745472,7.12656,0.000182,0.860525,38957.8,18.2424
92,753664,7.10369,0.000184,0.885768,40876,18.4428
93,761856,6.92865,0.000186,0.967182,41349.3,18.641
94,770048,6.98088,0.000188,0.824126,42662.4,18.833
95,778240,7.04514,0.00019,0.738233,42799,19.0244
96,786432,6.90526,0.000192,0.78575,42249.1,19.2183
97,794624,6.94309,0.000194,0.799989,41932.5,19.4136
98,802816,6.85372,0.000196,0.890136,41687.5,19.6101
99,811008,6.97823,0.000198,0.76757,42579.3,19.8025
100,819200,6.84138,0.0002,0.788168,42817.4,19.9939
101,827392,6.99156,0.000202,0.804451,40911.5,20.1941
102,835584,6.87385,0.000204,0.704143,44105.6,20.3798
103,843776,6.86251,0.000206,0.865385,44095.1,20.5656
104,851968,6.83397,0.000208,0.846497,44047.8,20.7516
105,860160,6.85124,0.00021,0.832236,37725.1,20.9687
106,868352,6.84306,0.000212,0.846765,37708.9,21.186
107,876544,6.96929,0.000214,0.892231,42835.8,21.3772
108,884736,6.86895,0.000216,1.15805,43255.5,21.5666
109,892928,6.75188,0.000218,1.20276,43384.9,21.7554
110,901120,6.84341,0.00022,1.10287,38978,21.9656
111,909312,6.76591,0.000222,0.88082,36434.7,22.1905
112,917504,6.82393,0.000224,0.895426,42548.8,22.383
113,925696,6.77783,0.000226,1.353,42777.2,22.5745
114,933888,6.55069,0.000228,0.949561,42506,22.7672
115,942080,6.78404,0.00023,1.16106,39422.9,22.975
116,950272,6.54518,0.000232,1.07311,38259.1,23.1891
117,958464,6.66041,0.000234,0.770517,42170.4,23.3834
118,966656,6.66394,0.000236,1.00426,42702,23.5752
119,974848,6.64231,0.000238,0.789026,42619.1,23.7674
120,983040,6.6432,0.00024,0.822103,40318.8,23.9706
121,991232,6.6194,0.000242,0.861473,36791.7,24.1933
122,999424,6.60929,0.000244,0.768435,42049.4,24.3881
123,1007616,6.75074,0.000246,0.901684,42949.5,24.5788
124,1015808,6.79365,0.000248,0.886244,42745.3,24.7705
125,1024000,6.41529,0.00025,0.914125,41720,24.9668
126,1032192,6.54702,0.000252,1.13093,43171.2,25.1566
127,1040384,6.64812,0.000254,0.7978,43613,25.3444
128,1048576,6.54121,0.000256,0.984917,43630.4,25.5322
129,1056768,6.54457,0.000258,0.844569,43424.3,25.7208
130,1064960,6.57394,0.00026,0.798361,37417.9,25.9398
131,1073152,6.59682,0.000262,0.75416,35036.3,26.1736
132,1081344,6.60555,0.000264,0.695318,43188.3,26.3633
133,1089536,6.51694,0.000266,0.738639,42573.4,26.5557
134,1097728,6.51284,0.000268,0.741272,42441.3,26.7487
135,1105920,6.46781,0.00027,0.891668,38228.4,26.963
136,1114112,6.50484,0.000272,0.956201,37050.9,27.1841
137,1122304,6.50404,0.000274,0.838215,41682.4,27.3806
138,1130496,6.54297,0.000276,0.833124,42293.4,27.5743
139,1138688,6.50747,0.000278,0.787828,42863.9,27.7654
140,1146880,6.49156,0.00028,1.00293,39822.5,27.9712
141,1155072,6.61657,0.000282,0.986833,36708.7,28.1943
142,1163264,6.37455,0.000284,0.82393,41805.6,28.3903
143,1171456,6.54418,0.000286,0.856814,42382.3,28.5836
144,1179648,6.48268,0.000288,0.852007,42489.7,28.7764
145,1187840,6.52452,0.00029,0.803606,40288,28.9797
146,1196032,6.48268,0.000292,0.848539,39342.7,29.1879
147,1204224,6.46877,0.000294,0.893641,41515.4,29.3852
148,1212416,6.45454,0.000296,0.75859,42490.3,29.578
149,1220608,6.45886,0.000298,0.818584,42632.4,29.7702
150,1228800,6.25787,0.0003,0.793595,41297.9,29.9686
151,1236992,6.40078,0.000302,0.748458,39929.4,30.1737
152,1245184,6.38613,0.000304,0.801093,42990.1,30.3643
153,1253376,6.43082,0.000306,0.901709,43029.3,30.5547
154,1261568,6.45774,0.000308,0.896745,42875.2,30.7457
155,1269760,6.29815,0.00031,0.833843,35998.3,30.9733
156,1277952,6.33125,0.000312,0.87033,39156.1,31.1825
157,1286144,6.41167,0.000314,0.794122,42364.5,31.3759
158,1294336,6.2394,0.000316,0.835295,43040.6,31.5662
159,1302528,6.06828,0.000318,0.892554,42555.8,31.7587
160,1310720,6.38047,0.00032,0.851966,38181.9,31.9733
161,1318912,6.32944,0.000322,0.957377,37370.3,32.1925
162,1327104,6.28564,0.000324,0.792053,42789.3,32.3839
163,1335296,6.31468,0.000326,0.806872,42557.8,32.5764
164,1343488,6.29296,0.000328,0.855887,41903.2,32.7719
165,1351680,6.3389,0.00033,0.855994,39263,32.9806
166,1359872,6.3202,0.000332,0.915628,39606.1,33.1874
167,1368064,6.26049,0.000334,0.832203,42189.1,33.3816
168,1376256,6.10633,0.000336,0.914912,42489.7,33.5744
169,1384448,6.08381,0.000338,0.83292,42151.4,33.7687
170,1392640,6.25606,0.00034,0.875116,40002.2,33.9735
171,1400832,6.24723,0.000342,0.855939,37483.9,34.192
172,1409024,6.31366,0.000344,0.843436,42162.8,34.3863
173,1417216,6.19797,0.000346,0.856925,42433.3,34.5794
174,1425408,6.41143,0.000348,0.742732,42043.2,34.7742
175,1433600,6.28866,0.00035,0.922701,41166.3,34.9732
176,1441792,6.15914,0.000352,1.20615,43074.1,35.1634
177,1449984,6.3326,0.000354,0.938963,43685,35.351
178,1458176,6.31127,0.000356,0.786987,43415.7,35.5396
179,1466368,6.11879,0.000358,1.05564,43210.9,35.7292
180,1474560,6.2084,0.00036,0.822911,36984.1,35.9507
181,1482752,6.23919,0.000362,0.838674,36215.5,36.1769
182,1490944,6.29337,0.000364,0.762592,43027.8,36.3673
183,1499136,6.21701,0.000366,0.920507,43177.8,36.557
184,1507328,6.1668,0.000368,0.874371,42861.6,36.7482
185,1515520,6.13508,0.00037,0.832344,38450.8,36.9612
186,1523712,6.14884,0.000372,0.835052,37993.6,37.1768
187,1531904,6.21523,0.000374,0.841314,42088,37.3715
188,1540096,6.28132,0.000376,0.856784,42688.8,37.5634
189,1548288,6.0363,0.000378,0.932206,42805.7,37.7547
190,1556480,6.21343,0.00038,0.940477,38769.1,37.9661
191,1564672,6.0542,0.000382,0.84566,35915.9,38.1941
192,1572864,6.18239,0.000384,0.915894,41987.6,38.3892
193,1581056,6.16231,0.000386,0.983624,42363.1,38.5826
194,1589248,6.21851,0.000388,0.797076,43025.4,38.773
195,1597440,6.02589,0.00039,0.919873,40924.2,38.9732
196,1605632,6.17156,0.000392,0.840294,39604,39.18
197,1613824,6.1804,0.000394,0.820857,41815.5,39.376
198,1622016,6.24209,0.000396,1.09905,42157.9,39.5703
199,1630208,6.17737,0.000398,0.912014,42834.4,39.7615
200,1638400,6.16435,0.0004,0.819891,42170.2,39.9558
201,1646592,6.03227,0.000402,0.797473,40034.2,40.1604
202,1654784,5.96837,0.000404,0.841907,43391.5,40.3492
203,1662976,6.17081,0.000406,0.741664,43082.1,40.5393
204,1671168,6.0028,0.000408,0.834035,43114.4,40.7293
205,1679360,5.9554,0.00041,0.820327,36058.6,40.9565
206,1687552,6.06889,0.000412,0.939265,38686.2,41.1683
207,1695744,6.12604,0.000414,0.949126,42359,41.3617
208,1703936,6.05698,0.000416,0.84818,42962.9,41.5524
209,1712128,6.06354,0.000418,0.902569,42278.2,41.7461
210,1720320,6.03199,0.00042,0.858559,37564.5,41.9642
211,1728512,6.18431,0.000422,0.892161,37341.8,42.1836
212,1736704,6.04956,0.000424,0.853478,42807.9,42.3749
213,1744896,6.02541,0.000426,0.823834,42760.9,42.5665
214,1753088,6.07003,0.000428,0.817274,41961,42.7618
215,1761280,6.03114,0.00043,0.816266,38409,42.975
216,1769472,6.08501,0.000432,0.715787,39574.1,43.182
217,1777664,5.90609,0.000434,0.992963,42037.2,43.3769
218,1785856,5.91089,0.000436,0.807494,42802.5,43.5683
219,1794048,5.96244,0.000438,0.827808,41577.8,43.7653
220,1802240,6.05436,0.00044,0.846259,39619.8,43.9721
221,1810432,5.96329,0.000442,0.920887,37419.7,44.191
222,1818624,6.10556,0.000444,0.847886,42207.7,44.3851
223,1826816,6.07282,0.000446,0.830452,42723.7,44.5769
224,1835008,5.93952,0.000448,0.991772,42306.9,44.7705
225,1843200,5.86871,0.00045,0.8896,41098.5,44.9698
226,1851392,6.12344,0.000452,0.945166,42714.2,45.1616
227,1859584,6.08788,0.000454,0.761958,42855.9,45.3528
228,1867776,5.90201,0.000456,0.937484,42991.5,45.5433
229,1875968,5.93178,0.000458,0.722132,42877.2,45.7344
230,1884160,6.04565,0.00046,0.835925,35848.1,45.9629
231,1892352,5.86863,0.000462,0.808149,37098.2,46.1837
232,1900544,5.88256,0.000464,0.893804,42916.9,46.3746
233,1908736,6.16503,0.000466,0.765236,43002,46.5651
234,1916928,6.01953,0.000468,0.798341,42206.4,46.7592
235,1925120,5.87651,0.00047,0.85375,37552.5,46.9773
236,1933312,5.90216,0.000472,0.800598,39682.7,47.1838
237,1941504,6.17296,0.000474,0.850881,42569.1,47.3762
238,1949696,5.93746,0.000476,0.822268,42795.1,47.5676
239,1957888,6.0876,0.000478,0.852817,41542.4,47.7648
240,1966080,5.97892,0.00048,0.834863,38303,47.9787
241,1974272,6.0356,0.000482,0.775278,37026.2,48.1999
242,1982464,5.74557,0.000484,0.850465,42224.1,48.394
243,1990656,6.0849,0.000486,0.95827,43031.4,48.5843
244,1998848,5.78955,0.000488,0.808885,42092.8,48.7789
245,2007040,5.88079,0.00049,0.782915,39969.1,48.9839
246,2015232,6.0443,0.000492,0.830478,40394.1,49.1867
247,2023424,6.12051,0.000494,0.890165,42026,49.3816
248,2031616,5.83227,0.000496,0.831763,43278.9,49.5709
249,2039808,5.81923,0.000498,0.782034,42620.7,49.7631
250,2048000,5.91873,0.0005,0.749752,41251.3,49.9617
251,2056192,5.92159,0.000502,0.904271,39988.2,50.1666
252,2064384,5.89981,0.000504,0.846699,43568.8,50.3546
253,2072576,5.77723,0.000506,0.945107,43770,50.5418
254,2080768,5.94174,0.000508,0.824723,43854.2,50.7286
255,2088960,5.97217,0.00051,0.835301,37215.2,50.9487
256,2097152,5.89492,0.000512,0.93972,38550.1,51.1612
257,2105344,5.87587,0.000514,0.941575,42605.6,51.3535
258,2113536,6.02148,0.000516,0.797921,42785.6,51.5449
259,2121728,5.88573,0.000518,0.878452,43013.2,51.7354
260,2129920,5.80764,0.00052,0.977316,38833.8,51.9463
261,2138112,6.00142,0.000522,0.95472,35638.6,52.1762
262,2146304,5.90237,0.000524,0.8454,42503.9,52.3689
263,2154496,5.9056,0.000526,0.894542,42615.7,52.5612
264,2162688,6.09296,0.000528,0.800455,42274.5,52.7549
265,2170880,6.00146,0.00053,0.932855,39397.9,52.9629
266,2179072,5.94892,0.000532,0.788933,38614.8,53.175
267,2187264,5.83727,0.000534,0.801215,41319.6,53.3733
268,2195456,5.87369,0.000536,0.812796,42448,53.5663
269,2203648,5.98303,0.000538,0.793404,42321.6,53.7598
270,2211840,5.67908,0.00054,1.13016,40190.6,53.9637
271,2220032,5.82477,0.000542,0.847288,37612.3,54.1815
272,2228224,6.03516,0.000544,0.81465,41645.5,54.3782
273,2236416,5.75936,0.000546,0.817845,42461.5,54.5711
274,2244608,5.80521,0.000548,0.757924,42751,54.7627
275,2252800,5.80341,0.00055,0.831141,41435.3,54.9604
276,2260992,5.80073,0.000552,0.765383,42981.1,55.151
277,2269184,5.84087,0.000554,0.799362,42893.3,55.342
278,2277376,5.89471,0.000556,0.920228,43144.9,55.5319
279,2285568,5.83184,0.000558,0.764593,42654.8,55.7239
280,2293760,5.86615,0.00056,0.880541,37203.8,55.9441
281,2301952,6.00415,0.000562,0.869995,35810.9,56.1729
282,2310144,5.95,0.000564,0.768048,42915.9,56.3638
283,2318336,5.86332,0.000566,0.757314,43023.8,56.5542
284,2326528,5.95817,0.000568,0.839799,42395.8,56.7474
285,2334720,5.97076,0.00057,0.83508,37491.5,56.9659
286,2342912,5.85816,0.000572,0.906056,37727.9,57.183
287,2351104,5.82475,0.000574,0.831553,42215.9,57.3771
288,2359296,5.83703,0.000576,0.919914,43080.4,57.5672
289,2367488,5.89733,0.000578,0.853891,41920.6,57.7627
290,2375680,5.9018,0.00058,0.809655,39492.1,57.9701
291,2383872,5.76955,0.000582,0.914271,36514.7,58.1944
292,2392064,5.76557,0.000584,0.832592,42280.1,58.3882
293,2400256,5.92313,0.000586,0.818226,42973.8,58.5788
294,2408448,5.73303,0.000588,0.792727,42162.1,58.7731
295,2416640,5.82733,0.00059,0.788347,40542.4,58.9752
296,2424832,5.89985,0.000592,0.793725,40072.7,59.1796
297,2433024,5.85374,0.000594,0.75682,41825,59.3755
298,2441216,5.78036,0.000596,0.782694,42786.3,59.5669
299,2449408,5.70805,0.000598,0.786943,42755,59.7585
300,2457600,5.63901,0.0006,0.869087,41942.9,59.9538
301,2465792,5.90004,0.000602,0.853358,40082.7,60.1582
302,2473984,5.71524,0.000604,0.861867,43131.5,60.3482
303,2482176,5.69593,0.000606,0.742765,42763,60.5397
304,2490368,5.73305,0.000608,0.753309,42757.9,60.7313
305,2498560,5.83796,0.00061,0.817692,35840.3,60.9599
306,2506752,5.76014,0.000612,0.71028,38417.1,61.1731
307,2514944,5.8525,0.000614,0.901262,42665.2,61.3651
308,2523136,5.73811,0.000616,0.727225,42530.1,61.5577
309,2531328,5.82006,0.000618,0.787531,42151.8,61.7521
310,2539520,5.71525,0.00062,0.815985,37081.7,61.973
311,2547712,5.63416,0.000622,0.832617,36944.1,62.1947
312,2555904,5.73812,0.000624,0.781766,42340.9,62.3882
313,2564096,5.72574,0.000626,0.965114,42427,62.5813
314,2572288,5.86796,0.000628,0.860364,41454.2,62.7789
315,2580480,5.64593,0.00063,0.918122,38852.3,62.9898
316,2588672,5.57683,0.000632,0.736061,39014.8,63.1997
317,2596864,5.67901,0.000634,0.834754,41979.1,63.3949
318,2605056,5.75319,0.000636,0.83611,42318.2,63.5885
319,2613248,5.80544,0.000638,0.780288,41453.4,63.7861
320,2621440,5.59962,0.00064,0.850216,39892.1,63.9914
321,2629632,5.62719,0.000642,0.796345,37675.7,64.2089
322,2637824,5.89165,0.000644,0.98703,43001.9,64.3994
323,2646016,5.63171,0.000646,0.94021,42839.3,64.5906
324,2654208,5.83715,0.000648,0.815903,42185.8,64.7848
325,2662400,5.72911,0.00065,0.862624,41083.4,64.9842
326,2670592,5.7413,0.000652,0.722728,43588.2,65.1721
327,2678784,5.71744,0.000654,0.849722,43556.3,65.3602
328,2686976,5.75212,0.000656,0.740552,42962.8,65.5509
329,2695168,5.70997,0.000658,0.956499,43238.1,65.7404
330,2703360,5.73085,0.00066,0.740863,37375,65.9595
331,2711552,5.71018,0.000662,0.763995,35868,66.1879
332,2719744,5.58275,0.000664,0.711857,42747.3,66.3796
333,2727936,5.65609,0.000666,0.852885,42802,66.571
334,2736128,5.7063,0.000668,0.949111,42725,66.7627
335,2744320,5.75345,0.00067,0.87874,38023.8,66.9781
336,2752512,5.69675,0.000672,0.816115,38842.2,67.189
337,2760704,5.62975,0.000674,0.806041,42028.4,67.384
338,2768896,5.91969,0.000676,1.4126,43323.5,67.5731
339,2777088,5.75413,0.000678,0.741052,42317.2,67.7666
340,2785280,5.76283,0.00068,0.723749,38934.7,67.977
341,2793472,5.73458,0.000682,0.709877,37114,68.1978
342,2801664,5.4786,0.000684,0.765725,41922.8,68.3932
343,2809856,5.75015,0.000686,1.01105,42939.2,68.584
344,2818048,5.80042,0.000688,2.24834,42462.1,68.7769
345,2826240,5.72779,0.00069,0.868992,41131.9,68.976
346,2834432,5.54142,0.000692,0.721425,39596.6,69.1829
347,2842624,5.79702,0.000694,0.757661,41786,69.379
348,2850816,5.76898,0.000696,0.668613,42666.1,69.571
349,2859008,5.55739,0.000698,0.962682,42664.9,69.763
350,2867200,5.71249,0.0007,0.829603,41722.9,69.9593
351,2875392,5.81272,0.000702,0.786767,40539.9,70.1614
352,2883584,5.65087,0.000704,0.783048,43655.7,70.3491
353,2891776,5.74678,0.000706,0.791644,43153.1,70.5389
354,2899968,5.61455,0.000708,0.820783,43207.8,70.7285
355,2908160,5.70089,0.00071,0.773158,36080.3,70.9555
356,2916352,5.72739,0.000712,0.803988,38322.3,71.1693
357,2924544,5.60864,0.000714,0.784631,42821.8,71.3606
358,2932736,5.6381,0.000716,0.759334,43256.3,71.55
359,2940928,5.5679,0.000718,0.741446,42439.1,71.743
360,2949120,5.73873,0.00072,0.713809,38232.1,71.9573
361,2957312,5.77167,0.000722,0.799495,36671.3,72.1807
362,2965504,5.80812,0.000724,0.706876,42783.5,72.3722
363,2973696,5.65054,0.000726,0.867402,42753.8,72.5638
364,2981888,5.3586,0.000728,0.781983,42324,72.7573
365,2990080,5.61607,0.00073,0.765268,38975.8,72.9675
366,2998272,5.66124,0.000732,0.764406,38799.2,73.1786
367,3006464,5.54882,0.000734,0.729687,42117.1,73.3731
368,3014656,5.56552,0.000736,0.762551,42569.5,73.5656
369,3022848,5.73774,0.000738,0.733582,41978.4,73.7607
370,3031040,5.75184,0.00074,0.691005,39277.8,73.9693
371,3039232,5.51003,0.000742,0.709659,36185.5,74.1957
372,3047424,5.66124,0.000744,0.764474,42669.6,74.3877
373,3055616,5.63116,0.000746,0.753112,42801.5,74.5791
374,3063808,5.55181,0.000748,0.704496,42620,74.7713
375,3072000,5.71104,0.00075,0.73803,40722.7,74.9724
376,3080192,5.57813,0.000752,0.774199,42918.1,75.1633
377,3088384,5.7725,0.000754,0.663766,43582.5,75.3513
378,3096576,5.55074,0.000756,0.928948,43269.2,75.5406
379,3104768,5.60923,0.000758,0.846096,42716.3,75.7324
380,3112960,5.64137,0.00076,0.750335,35836.9,75.961
381,3121152,5.71016,0.000762,0.703238,36536.5,76.1852
382,3129344,5.56049,0.000764,0.894895,43300.7,76.3744
383,3137536,5.67167,0.000766,0.8258,42758.6,76.566
384,3145728,5.69784,0.000768,0.698666,41717.3,76.7623
385,3153920,5.55836,0.00077,0.743039,37041.3,76.9835
386,3162112,5.72206,0.000772,0.78681,39457.9,77.1911
387,3170304,5.68791,0.000774,0.754362,42357,77.3845
388,3178496,5.61667,0.000776,0.78167,42396.3,77.5777
389,3186688,5.57394,0.000778,0.704106,41033.8,77.7774
390,3194880,5.71923,0.00078,0.844243,37567.9,77.9954
391,3203072,5.63067,0.000782,0.758264,37743.4,78.2125
392,3211264,5.58524,0.000784,0.6572,42785.8,78.4039
393,3219456,5.54804,0.000786,0.79015,42511.7,78.5966
394,3227648,5.59815,0.000788,0.722943,41190.6,78.7955
395,3235840,5.6901,0.00079,0.7951,39352.1,79.0037
396,3244032,5.49429,0.000792,0.781369,40204.3,79.2075
397,3252224,5.39863,0.000794,0.791423,43115.1,79.3975
398,3260416,5.54351,0.000796,0.879734,43018.1,79.5879
399,3268608,5.66369,0.000798,0.720325,42191.7,79.7821
400,3276800,5.84291,0.0008,0.673654,40627.7,79.9837
401,3284992,5.53933,0.000802,0.767773,41194.2,80.1825
402,3293184,5.60342,0.000804,0.744382,43827.4,80.3695
403,3301376,5.71384,0.000806,0.802266,43440.1,80.558
404,3309568,5.66647,0.000808,0.787046,43122.3,80.748
405,3317760,5.39981,0.00081,0.805274,36669.1,80.9714
406,3325952,5.47511,0.000812,0.753259,37615.7,81.1892
407,3334144,5.61968,0.000814,0.708856,42608.5,81.3815
408,3342336,5.57072,0.000816,0.698826,42740.3,81.5731
409,3350528,5.60249,0.000818,0.644292,42872.8,81.7642
410,3358720,5.43355,0.00082,0.707541,38141.3,81.979
411,3366912,5.55343,0.000822,0.865464,36551.9,82.2031
412,3375104,5.53839,0.000824,0.897094,42552.6,82.3956
413,3383296,5.66259,0.000826,0.732745,42580.4,82.588
414,3391488,5.63392,0.000828,1.05137,42193.6,82.7822
415,3399680,5.45505,0.00083,0.783038,39160.1,82.9914
416,3407872,5.61963,0.000832,0.794384,39007.4,83.2014
417,3416064,5.58463,0.000834,0.847908,41495.8,83.3988
418,3424256,5.43962,0.000836,0.749062,42450.7,83.5918
419,3432448,5.28094,0.000838,0.83307,42203.2,83.7859
420,3440640,5.53996,0.00084,0.917329,40225.6,83.9895
421,3448832,5.56575,0.000842,0.675602,37742.5,84.2066
422,3457024,5.47144,0.000844,0.738036,42302.4,84.4002
423,3465216,5.51111,0.000846,0.751714,42901.8,84.5912
424,3473408,5.42282,0.000848,0.832449,43369.4,84.7801
425,3481600,5.60311,0.00085,1.04085,41534.6,84.9773
426,3489792,5.66111,0.000852,0.793059,42913.6,85.1682
427,3497984,5.354,0.000854,0.828507,43209.9,85.3578
428,3506176,5.47271,0.000856,0.729284,43869.2,85.5445
429,3514368,5.40523,0.000858,0.96745,43525.2,85.7327
430,3522560,5.52518,0.00086,0.687023,36741.6,85.9557
431,3530752,5.52352,0.000862,0.671557,34795.1,86.1911
432,3538944,5.5511,0.000864,0.897082,42943.8,86.3819
433,3547136,5.60286,0.000866,0.66993,43167.7,86.5717
434,3555328,5.47486,0.000868,0.692427,42960,86.7623
435,3563520,5.58927,0.00087,0.763104,38288.6,86.9763
436,3571712,5.67657,0.000872,0.745558,38026.2,87.1917
437,3579904,5.5622,0.000874,0.800713,42304.3,87.3854
438,3588096,5.49881,0.000876,0.738594,42905.4,87.5763
439,3596288,5.46451,0.000878,0.734001,42380.1,87.7696
440,3604480,5.41599,0.00088,0.751285,39104.6,87.9791
441,3612672,5.40905,0.000882,0.752843,36545.2,88.2033
442,3620864,5.49546,0.000884,0.740391,42394.9,88.3965
443,3629056,5.49852,0.000886,0.685416,42771.1,88.588
444,3637248,5.59115,0.000888,0.738502,42885.9,88.779
445,3645440,5.54767,0.00089,0.775527,40333.5,88.9821
446,3653632,5.55246,0.000892,0.776775,39233.1,89.1909
447,3661824,5.5521,0.000894,0.672321,41497.8,89.3884
448,3670016,5.34483,0.000896,0.685545,42793.7,89.5798
449,3678208,5.38574,0.000898,0.812299,42732.8,89.7715
450,3686400,5.36529,0.0009,0.743718,41277.3,89.97
451,3694592,5.51578,0.000902,0.772635,40441.7,90.1725
452,3702784,5.48509,0.000904,0.8649,43132.8,90.3624
453,3710976,5.3175,0.000906,0.803467,42688.7,90.5543
454,3719168,5.68554,0.000908,0.738143,42467.4,90.7472
455,3727360,5.34289,0.00091,0.834191,35757.1,90.9763
456,3735552,5.59459,0.000912,0.759466,39206.8,91.1853
457,3743744,5.51203,0.000914,0.728238,42367.2,91.3786
458,3751936,5.43622,0.000916,0.743716,42793.2,91.5701
459,3760128,5.64745,0.000918,0.740588,41547.9,91.7672
460,3768320,5.55052,0.00092,0.648393,37410.5,91.9862
461,3776512,5.53238,0.000922,0.634645,37641,92.2039
462,3784704,5.38119,0.000924,0.68698,42203.4,92.398
463,3792896,5.47876,0.000926,0.644532,43097.8,92.588
464,3801088,5.39978,0.000928,0.706296,41312.5,92.7863
465,3809280,5.59763,0.00093,0.677355,38473.2,92.9993
466,3817472,5.42216,0.000932,0.7053,39912.6,93.2045
467,3825664,5.5164,0.000934,0.667696,41721.6,93.4009
468,3833856,5.58867,0.000936,0.679656,43153,93.5907
469,3842048,5.16162,0.000938,0.741046,41829.2,93.7865
470,3850240,5.39873,0.00094,0.666407,39961.7,93.9915
471,3858432,5.51179,0.000942,0.732913,37816.8,94.2082
472,3866624,5.4671,0.000944,0.669441,42497.5,94.4009
473,3874816,5.46277,0.000946,0.730877,43220.5,94.5905
474,3883008,5.3448,0.000948,0.687783,42352.3,94.7839
475,3891200,5.46182,0.00095,0.663473,41048.3,94.9835
476,3899392,5.49152,0.000952,0.631588,42782.4,95.1749
477,3907584,5.45021,0.000954,0.71801,43010.4,95.3654
478,3915776,5.44625,0.000956,0.701885,43319,95.5545
479,3923968,5.42596,0.000958,0.75918,42509.8,95.7472
480,3932160,5.56249,0.00096,0.624442,35366.1,95.9789
481,3940352,5.46737,0.000962,0.609817,35978.8,96.2065
482,3948544,5.43769,0.000964,0.758333,43047.3,96.3968
483,3956736,5.49763,0.000966,0.680244,43110.7,96.5869
484,3964928,5.54922,0.000968,0.711985,41901.9,96.7824
485,3973120,5.59193,0.00097,0.647495,37328.2,97.0018
486,3981312,5.44982,0.000972,0.634787,38953.7,97.2121
487,3989504,5.41562,0.000974,0.644275,42006.8,97.4072
488,3997696,5.59273,0.000976,0.715058,42850.2,97.5983
489,4005888,5.32802,0.000978,0.639027,42063.9,97.7931
490,4014080,5.27456,0.00098,0.675708,38084.7,98.0082
491,4022272,5.45795,0.000982,0.70991,37380,98.2273
492,4030464,5.33708,0.000984,0.743371,42294.3,98.421
493,4038656,5.39983,0.000986,0.657515,42698.7,98.6129
494,4046848,5.34426,0.000988,0.673064,41813.7,98.8088
495,4055040,5.4211,0.00099,0.673254,39165.1,99.018
496,4063232,5.51822,0.000992,0.638993,40876.2,99.2184
497,4071424,5.41468,0.000994,0.654352,42332.4,99.4119
498,4079616,5.3982,0.000996,0.825731,42966.4,99.6026
499,4087808,5.36286,0.000998,0.722986,42474.9,99.7954
500,4096000,5.42913,0.001,0.636662,40775.8,99.9963
501,4104192,5.33693,0.001,0.657956,40074.6,100.201
502,4112384,5.50491,0.001,0.708016,43489.2,100.389
503,4120576,5.3212,0.001,0.64379,42965.4,100.58
504,4128768,5.35042,0.001,0.664268,43960.9,100.766
505,4136960,5.45957,0.001,0.650785,37502.1,100.985
506,4145152,5.26696,0.001,0.723998,38966.9,101.195
507,4153344,5.37707,0.001,0.695853,42698.4,101.387
508,4161536,5.19734,0.001,0.714777,43199.6,101.576
509,4169728,5.33753,0.001,0.781763,43204.5,101.766
510,4177920,5.57636,0.001,0.656254,38814.2,101.977
511,4186112,5.36007,0.000999999,0.730733,37150.4,102.197
512,4194304,5.23096,0.000999999,0.618761,42901.4,102.388
513,4202496,5.39028,0.000999999,0.701124,43108.2,102.578
514,4210688,5.42079,0.000999999,0.770859,43077.7,102.769
515,4218880,5.45227,0.000999999,0.67986,39925.1,102.974
516,4227072,5.36632,0.000999999,0.826012,38843.5,103.185
517,4235264,5.32026,0.000999999,0.702403,42064.1,103.379
518,4243456,5.42573,0.000999998,0.690609,43022.2,103.57
519,4251648,5.49693,0.000999998,0.722539,42730.2,103.762
520,4259840,5.41766,0.000999998,0.618651,41139.8,103.961
521,4268032,5.28561,0.000999998,0.725884,37646.8,104.178
522,4276224,5.27715,0.000999997,0.710246,41793.2,104.374
523,4284416,5.50874,0.000999997,0.684953,43343.6,104.563
524,4292608,5.32669,0.000999997,0.713707,42526,104.756
525,4300800,5.45746,0.000999997,0.734176,41510.7,104.953
526,4308992,5.48782,0.000999996,0.683061,42913.2,105.144
527,4317184,5.27564,0.000999996,0.686983,43096.3,105.334
528,4325376,5.5095,0.000999996,0.664791,43422.9,105.523
529,4333568,5.28567,0.000999995,0.656541,43405.8,105.712
530,4341760,5.47124,0.000999995,0.586823,37327.4,105.931
531,4349952,5.18384,0.000999995,0.614087,35246.7,106.164
532,4358144,5.24029,0.000999994,0.659365,42302.7,106.357
533,4366336,5.30365,0.000999994,0.616612,42997.3,106.548
534,4374528,5.34364,0.000999994,0.633061,42496,106.74
535,4382720,5.35521,0.000999993,0.613201,38277.5,106.955
536,4390912,5.3374,0.000999993,0.640468,38278.7,107.169
537,4399104,5.18342,0.000999992,0.705467,41433.5,107.366
538,4407296,5.49683,0.000999992,0.648573,42990.9,107.557
539,4415488,5.48787,0.000999992,0.640596,42881.3,107.748
540,4423680,5.35178,0.000999991,0.688,40187.5,107.952
541,4431872,5.33299,0.000999991,0.634797,37520.5,108.17
542,4440064,5.22159,0.00099999,0.669725,41611.7,108.367
543,4448256,5.34577,0.00099999,0.674238,42754.2,108.558
544,4456448,5.31377,0.000999989,0.699283,42938.4,108.749
545,4464640,5.31433,0.000999989,1.00811,40798.3,108.95
546,4472832,5.37282,0.000999988,0.822781,40823.1,109.151
547,4481024,5.40316,0.000999988,0.699553,41110.3,109.35
548,4489216,5.27111,0.000999987,0.703842,42436.6,109.543
549,4497408,5.34262,0.000999987,0.667512,42869.9,109.734
550,4505600,5.29664,0.000999986,0.684912,42118.6,109.929
551,4513792,5.34421,0.000999985,0.66459,40671.8,110.13
552,4521984,5.30759,0.000999985,0.916657,43259.1,110.319
553,4530176,5.28328,0.000999984,0.729719,43231.4,110.509
554,4538368,5.20839,0.000999984,0.618039,43787,110.696
555,4546560,5.49997,0.000999983,0.632765,37039.7,110.917
556,4554752,5.4721,0.000999982,0.712999,39179,111.126
557,4562944,5.20593,0.000999982,0.660193,42876.2,111.317
558,4571136,5.33012,0.000999981,0.661165,43700.7,111.505
559,4579328,5.11018,0.00099998,0.650685,43461.3,111.693
560,4587520,5.08512,0.00099998,0.650585,39068.5,111.903
561,4595712,5.26983,0.000999979,0.63683,36556.5,112.127
562,4603904,5.15744,0.000999978,0.716213,42903,112.318
563,4612096,5.18137,0.000999978,0.633918,43233.1,112.507
564,4620288,5.19379,0.000999977,0.637655,42279.9,112.701
565,4628480,5.29775,0.000999976,1.09922,39870,112.907
566,4636672,5.17929,0.000999975,0.694995,39866.9,113.112
567,4644864,5.36477,0.000999975,0.637113,42218.8,113.306
568,4653056,5.29331,0.000999974,0.615987,43320.5,113.495
569,4661248,5.40232,0.000999973,0.681438,42568.1,113.688
570,4669440,5.31348,0.000999972,0.62855,40571.5,113.89
571,4677632,5.38745,0.000999971,0.682378,38002.5,114.105
572,4685824,5.18777,0.000999971,0.70908,42907.9,114.296
573,4694016,5.39848,0.00099997,0.622497,42687.9,114.488
574,4702208,5.21093,0.000999969,0.653507,42951.1,114.679
575,4710400,5.10017,0.000999968,0.620149,41714.8,114.875
576,4718592,5.2457,0.000999967,0.720141,42224.9,115.069
577,4726784,5.29488,0.000999966,0.617237,42979.9,115.26
578,4734976,5.17881,0.000999965,0.638144,42783.2,115.451
579,4743168,5.073,0.000999964,0.6448,43628.2,115.639
580,4751360,5.23743,0.000999964,0.672273,36871.9,115.861
581,4759552,5.34269,0.000999963,0.661476,36988.7,116.083
582,4767744,5.13086,0.000999962,0.623397,43053.7,116.273
583,4775936,5.27131,0.000999961,0.669276,43569.6,116.461
584,4784128,5.14784,0.00099996,0.600675,43697.8,116.648
585,4792320,5.35702,0.000999959,0.667497,38613.8,116.861
586,4800512,5.23456,0.000999958,0.620992,39102.9,117.07
587,4808704,5.22512,0.000999957,0.680723,42259.1,117.264
588,4816896,5.29662,0.000999956,0.669066,42771.6,117.455
589,4825088,5.36862,0.000999955,0.686783,42493.3,117.648
590,4833280,5.43992,0.000999954,0.577047,39850.4,117.854
591,4841472,5.17911,0.000999953,0.634917,37183.6,118.074
592,4849664,5.35533,0.000999952,0.590118,42434.3,118.267
593,4857856,5.25665,0.000999951,0.636988,42681.5,118.459
594,4866048,5.25811,0.000999949,0.633542,42058.2,118.654
595,4874240,5.39451,0.000999948,0.628945,40473.8,118.856
596,4882432,5.14968,0.000999947,0.682204,40132.6,119.06
597,4890624,5.18676,0.000999946,0.635796,42438.3,119.253
598,4898816,5.21747,0.000999945,0.598466,42533.3,119.446
599,4907008,5.24012,0.000999944,0.620643,42367.6,119.639
600,4915200,5.04398,0.000999943,0.622566,40901.3,119.84
601,4923392,5.19245,0.000999942,0.63565,40594.1,120.041
602,4931584,5.24914,0.00099994,0.608693,43330.3,120.231
603,4939776,5.17937,0.000999939,0.653066,43709.1,120.418
604,4947968,5.23385,0.000999938,0.641419,43061.7,120.608
605,4956160,5.22287,0.000999937,0.581785,37294.3,120.828
606,4964352,5.27384,0.000999936,0.658777,39692.7,121.034
607,4972544,5.01889,0.000999934,0.663749,42529.8,121.227
608,4980736,5.198,0.000999933,0.601733,43292.4,121.416
609,4988928,5.22701,0.000999932,0.638487,43470,121.605
610,4997120,5.24749,0.000999931,0.612277,39210.1,121.813
611,5005312,5.28743,0.000999929,0.651762,37632.1,122.031
612,5013504,5.02133,0.000999928,0.645269,42986.3,122.222
613,5021696,5.27162,0.000999927,0.634536,43184.7,122.411
614,5029888,5.16125,0.000999925,0.658411,42777.5,122.603
615,5038080,5.18708,0.000999924,0.676973,40122.2,122.807
616,5046272,5.07758,0.000999923,0.637179,39723.7,123.013
617,5054464,5.12331,0.000999921,0.625912,42224.1,123.207
618,5062656,5.19743,0.00099992,0.587604,42467.2,123.4
619,5070848,5.20113,0.000999919,0.587474,42750.7,123.592
620,5079040,5.17205,0.000999917,0.638727,41088.3,123.791
621,5087232,5.19457,0.000999916,0.649996,37286.4,124.011
622,5095424,5.13174,0.000999914,0.803767,42195.9,124.205
623,5103616,5.05482,0.000999913,0.613207,42338.9,124.399
624,5111808,5.26143,0.000999912,0.674852,42561.3,124.591
625,5120000,5.19822,0.00099991,0.646739,41391.4,124.789
626,5128192,5.27952,0.000999909,0.660427,42061.9,124.984
627,5136384,5.21736,0.000999907,0.649972,42637.8,125.176
628,5144576,5.33576,0.000999906,0.680795,43142.1,125.366
629,5152768,5.10436,0.000999904,0.620179,43167.5,125.556
630,5160960,5.26726,0.000999903,0.709816,37432.4,125.774
631,5169152,5.24675,0.000999901,0.597957,35488.9,126.005
632,5177344,5.16046,0.0009999,0.639398,43159.9,126.195
633,5185536,5.18209,0.000999898,0.60079,43101.9,126.385
634,5193728,4.97371,0.000999897,0.578748,43431,126.574
635,5201920,5.14588,0.000999895,0.606989,38660.9,126.786
636,5210112,5.20562,0.000999894,0.595376,38828.7,126.997
637,5218304,5.19206,0.000999892,0.582714,42582.3,127.189
638,5226496,5.16355,0.00099989,0.574764,42976.4,127.38
639,5234688,5.37533,0.000999889,0.624005,42810.3,127.571
640,5242880,5.31391,0.000999887,0.57812,40513.9,127.773
641,5251072,5.21429,0.000999886,0.626647,36678.9,127.996
642,5259264,5.24885,0.000999884,0.626745,42104.2,128.191
643,5267456,5.15057,0.000999882,0.660679,42952.5,128.382
644,5275648,5.1593,0.000999881,0.683207,43273.8,128.571
645,5283840,5.18219,0.000999879,0.694505,40603.4,128.773
646,5292032,5.05776,0.000999877,0.600227,39968.4,128.978
647,5300224,5.20455,0.000999876,0.655736,41600.4,129.175
648,5308416,5.08212,0.000999874,0.615995,42456,129.368
649,5316608,5.24764,0.000999872,0.653136,43045.3,129.558
650,5324800,5.26425,0.00099987,0.636927,41275.4,129.756
651,5332992,5.152,0.000999869,0.613995,40167,129.96
652,5341184,5.0686,0.000999867,0.612957,43248.5,130.15
653,5349376,5.21857,0.000999865,0.592397,42858.9,130.341
654,5357568,5.171,0.000999863,0.635943,43238.3,130.53
655,5365760,5.05747,0.000999862,0.612135,35781.5,130.759
656,5373952,5.10734,0.00099986,0.644868,38868.5,130.97
657,5382144,5.11213,0.000999858,0.602106,42695.2,131.162
658,5390336,5.21354,0.000999856,0.600973,43292.4,131.351
659,5398528,5.16525,0.000999854,0.631526,42923.6,131.542
660,5406720,5.19162,0.000999852,0.602931,39167.6,131.751
661,5414912,5.09079,0.000999851,0.616899,37166.5,131.972
662,5423104,5.26053,0.000999849,0.610654,42692,132.163
663,5431296,5.00989,0.000999847,0.667809,42690.6,132.355
664,5439488,5.04615,0.000999845,0.603523,43230.3,132.545
665,5447680,5.09059,0.000999843,0.60845,39645.5,132.752
666,5455872,5.23222,0.000999841,0.654799,39779.3,132.957
667,5464064,5.15548,0.000999839,0.593407,42277.1,133.151
668,5472256,4.89837,0.000999837,0.619376,42796.5,133.343
669,5480448,5.0547,0.000999835,0.63566,42594.4,133.535
670,5488640,5.20331,0.000999833,0.587401,41422.1,133.733
671,5496832,5.19014,0.000999831,0.651892,38023.4,133.948
672,5505024,5.142,0.000999829,0.579519,42753.6,134.14
673,5513216,5.08049,0.000999827,0.600698,43273.9,134.329
674,5521408,5.26805,0.000999825,0.61604,42941.6,134.52
675,5529600,5.02611,0.000999823,0.648995,41733.3,134.716
676,5537792,5.20109,0.000999821,0.623595,43205.3,134.906
677,5545984,4.94543,0.000999819,0.624672,43407.5,135.094
678,5554176,5.1914,0.000999817,0.600011,43321.9,135.284
679,5562368,5.07505,0.000999815,0.603304,43249.2,135.473
680,5570560,5.19824,0.000999813,0.648744,37678.4,135.69
681,5578752,5.12105,0.000999811,0.653392,36258.9,135.916
682,5586944,5.13528,0.000999809,0.646201,43122.9,136.106
683,5595136,4.9536,0.000999807,0.604571,42996.8,136.297
684,5603328,5.22689,0.000999804,0.638415,42999.5,136.487
685,5611520,5.17137,0.000999802,0.641184,39270,136.696
686,5619712,5.1999,0.0009998,0.610381,39362,136.904
687,5627904,5.16631,0.000999798,0.634984,42252.9,137.098
688,5636096,5.04502,0.000999796,0.63805,43282,137.287
689,5644288,5.24483,0.000999794,0.622943,43106.9,137.477
690,5652480,5.30531,0.000999791,0.636719,40289.4,137.681
691,5660672,5.01907,0.000999789,0.594592,37496.6,137.899
692,5668864,5.03013,0.000999787,0.5876,42424.4,138.092
693,5677056,5.12796,0.000999785,0.639468,43258.8,138.282
694,5685248,4.97257,0.000999782,0.601988,42703.4,138.473
695,5693440,5.23739,0.00099978,0.64414,40408.7,138.676
696,5701632,4.93739,0.000999778,0.611953,40019,138.881
697,5709824,5.06603,0.000999776,0.614983,42294.8,139.074
698,5718016,5.01012,0.000999773,0.585743,42627.9,139.267
699,5726208,4.9231,0.000999771,0.577125,42353.3,139.46
700,5734400,4.96319,0.000999769,0.60559,41518.5,139.657
701,5742592,5.17974,0.000999766,0.695268,40405.2,139.86
702,5750784,5.00656,0.000999764,0.605748,43768.1,140.047
703,5758976,5.10602,0.000999762,0.64566,43502.2,140.236
704,5767168,5.27663,0.000999759,0.632544,43612.1,140.423
705,5775360,5.22097,0.000999757,0.598677,36582,140.647
706,5783552,4.98334,0.000999755,0.597269,39841.9,140.853
707,5791744,4.98557,0.000999752,0.579217,42933.5,141.044
708,5799936,5.17875,0.00099975,0.579417,43477.8,141.232
709,5808128,5.06192,0.000999747,0.640876,42680.6,141.424
710,5816320,4.97276,0.000999745,0.644517,38902.6,141.635
711,5824512,5.12691,0.000999742,0.606617,37159.6,141.855
712,5832704,5.15802,0.00099974,0.624952,42398.1,142.048
713,5840896,5.15349,0.000999738,0.583112,43786.9,142.236
714,5849088,5.16848,0.000999735,0.640879,43261.9,142.425
715,5857280,5.0113,0.000999733,0.565154,40137.9,142.629
716,5865472,5.08144,0.00099973,0.620802,39025.6,142.839
717,5873664,4.99528,0.000999728,0.617868,42176.8,143.033
718,5881856,5.08503,0.000999725,0.644541,42834.3,143.224
719,5890048,4.85078,0.000999722,0.597381,42809.2,143.416
720,5898240,5.16037,0.00099972,0.602803,39867.5,143.621
721,5906432,5.10005,0.000999717,0.61669,38218,143.836
722,5914624,4.96471,0.000999715,0.571393,42152.4,144.03
723,5922816,4.95813,0.000999712,0.605216,43029.3,144.22
724,5931008,5.06322,0.00099971,0.561855,42318.9,144.414
725,5939200,5.11899,0.000999707,0.58699,41327,144.612
726,5947392,4.95978,0.000999704,0.59643,43872.1,144.799
727,5955584,5.14959,0.000999702,0.610203,42923.2,144.99
728,5963776,5.18471,0.000999699,0.654916,42929.5,145.18
729,5971968,4.93193,0.000999696,0.579897,43181.7,145.37
730,5980160,5.13365,0.000999694,0.682158,36950.4,145.592
731,5988352,5.10083,0.000999691,0.632524,36726.6,145.815
732,5996544,4.95198,0.000999688,0.609587,43085.7,146.005
733,6004736,5.25032,0.000999686,0.642963,43098.3,146.195
734,6012928,5.22711,0.000999683,0.60284,43226.7,146.385
735,6021120,5.14367,0.00099968,0.58229,38576.1,146.597
736,6029312,4.96131,0.000999678,0.594403,39751.7,146.803
737,6037504,4.8965,0.000999675,0.624887,42031.9,146.998
738,6045696,5.1483,0.000999672,0.625677,42891.4,147.189
739,6053888,5.11594,0.000999669,0.679234,42652.4,147.381
740,6062080,4.99553,0.000999666,0.592787,39696.8,147.587
741,6070272,5.11685,0.000999664,0.583489,37394.8,147.806
742,6078464,5.19859,0.000999661,0.608349,42606.9,147.999
743,6086656,5.02778,0.000999658,0.596608,42637,148.191
744,6094848,5.0736,0.000999655,0.602744,42563.2,148.383
745,6103040,5.04528,0.000999652,0.579452,39644.8,148.59
746,6111232,4.86199,0.000999649,0.607592,40077.7,148.794
747,6119424,5.0971,0.000999647,0.630313,41915,148.99
748,6127616,5.10047,0.000999644,0.58747,42465.7,149.183
749,6135808,4.94622,0.000999641,0.609669,42199.9,149.377
750,6144000,5.01681,0.000999638,0.590559,41222,149.576
751,6152192,5.12298,0.000999635,0.607997,40212.4,149.779
752,6160384,4.86399,0.000999632,0.606308,43232.7,149.969
753,6168576,5.09348,0.000999629,0.615918,42823.5,150.16
754,6176768,4.90258,0.000999626,0.627996,43077.5,150.35
755,6184960,4.76071,0.000999623,0.611129,36347.4,150.576
756,6193152,5.09583,0.00099962,0.609398,38465.7,150.789
757,6201344,5.0618,0.000999617,0.579153,42069.6,150.983
758,6209536,5.14556,0.000999614,0.643705,42814.1,151.175
759,6217728,5.04157,0.000999611,0.569005,43079.9,151.365
760,6225920,4.82688,0.000999608,0.593836,38893.6,151.575
761,6234112,5.06057,0.000999605,0.635312,37378.4,151.795
762,6242304,5.04837,0.000999602,0.59913,42653.2,151.987
763,6250496,5.00999,0.000999599,0.602062,39828.4,152.192
764,6258688,5.16066,0.000999596,0.696922,43152.7,152.382
765,6266880,5.12157,0.000999593,0.595048,41067.2,152.582
766,6275072,4.91245,0.00099959,0.604373,37117.5,152.802
767,6283264,5.03554,0.000999587,0.562953,38869.1,153.013
768,6291456,4.99317,0.000999584,0.601546,43756.6,153.2
769,6299648,5.12417,0.000999581,0.624038,39174.3,153.409
770,6307840,5.10074,0.000999577,0.606723,38772.1,153.621
771,6316032,5.1082,0.000999574,0.591215,36436.4,153.846
772,6324224,4.80224,0.000999571,0.613903,39768.1,154.052
773,6332416,4.93283,0.000999568,0.595285,40013.2,154.256
774,6340608,5.08147,0.000999565,0.620491,39996,154.461
775,6348800,5.00239,0.000999562,0.591937,42293.3,154.655
776,6356992,4.98253,0.000999558,0.64693,42416.2,154.848
777,6365184,5.18944,0.000999555,0.670282,42623.4,155.04
778,6373376,4.80815,0.000999552,0.630325,42494.8,155.233
779,6381568,4.97308,0.000999549,0.604397,43135.6,155.423
780,6389760,4.88899,0.000999545,0.619272,34516.6,155.66
781,6397952,5.29461,0.000999542,0.604,35318.1,155.892
782,6406144,4.91947,0.000999539,0.630953,39789.4,156.098
783,6414336,4.98509,0.000999536,0.634654,43386.3,156.287
784,6422528,4.9629,0.000999532,0.591827,38829.6,156.498
785,6430720,4.97123,0.000999529,0.579657,39202.3,156.707
786,6438912,4.99095,0.000999526,0.617738,38050.6,156.922
787,6447104,5.09942,0.000999522,0.632732,39233.7,157.131
788,6455296,4.95338,0.000999519,0.587821,40205.4,157.335
789,6463488,4.96186,0.000999516,0.603458,39781.4,157.541
790,6471680,4.74288,0.000999512,0.625584,38146.9,157.755
791,6479872,4.91993,0.000999509,0.577977,38768.9,157.967
792,6488064,5.10091,0.000999506,0.604055,39364.5,158.175
793,6496256,4.93623,0.000999502,0.604025,42587.4,158.367
794,6504448,5.02776,0.000999499,0.578246,41380,158.565
795,6512640,5.02778,0.000999495,0.568924,41534.9,158.762
796,6520832,4.9344,0.000999492,0.615126,39980.2,158.967
797,6529024,4.8514,0.000999488,0.556883,41383.9,159.165
798,6537216,4.9815,0.000999485,0.590633,40452.9,159.368
799,6545408,4.79927,0.000999481,0.602572,42366.1,159.561
800,6553600,5.1118,0.000999478,0.664846,38903,159.772
801,6561792,5.22714,0.000999475,0.692139,39579.6,159.979
802,6569984,4.82307,0.000999471,0.638715,42258,160.172
803,6578176,4.80389,0.000999467,0.605339,43167.2,160.362
804,6586368,5.07026,0.000999464,0.613208,42508.7,160.555
805,6594560,4.64569,0.00099946,0.619843,35994.7,160.782
806,6602752,4.95681,0.000999457,0.62895,37801.7,160.999
807,6610944,5.04468,0.000999453,0.596208,42217.1,161.193
808,6619136,5.10628,0.00099945,0.619896,42845.5,161.384
809,6627328,4.92915,0.000999446,0.629993,42894.7,161.575
810,6635520,5.02558,0.000999443,0.585896,38408.8,161.789
811,6643712,4.94637,0.000999439,0.634205,36959.2,162.01
812,6651904,4.97687,0.000999435,0.601179,43027.7,162.201
813,6660096,5.08202,0.000999432,0.606731,42688.1,162.393
814,6668288,4.92842,0.000999428,0.633647,42053.3,162.587
815,6676480,4.76648,0.000999424,0.605994,40492.8,162.79
816,6684672,5.05269,0.000999421,0.631709,39067.1,162.999
817,6692864,4.89929,0.000999417,0.63202,41409.8,163.197
818,6701056,4.86495,0.000999413,0.610605,43298.2,163.386
819,6709248,5.10305,0.00099941,0.605123,42811.5,163.578
820,6717440,4.94665,0.000999406,0.592161,40933.3,163.778
821,6725632,4.81631,0.000999402,0.579065,37858.5,163.994
822,6733824,4.92763,0.000999398,0.553308,42397.9,164.188
823,6742016,4.83342,0.000999395,0.59287,43346.7,164.377
824,6750208,4.90678,0.000999391,0.589863,42828.3,164.568
825,6758400,4.9266,0.000999387,0.60286,41810,164.764
826,6766592,4.98649,0.000999383,0.59766,42879.2,164.955
827,6774784,4.83812,0.000999379,0.590887,43574.7,165.143
828,6782976,4.93914,0.000999376,0.577188,43202.3,165.332
829,6791168,4.97136,0.000999372,0.590528,43891.8,165.519
830,6799360,4.94504,0.000999368,0.626648,37808.3,165.736
831,6807552,5.07087,0.000999364,0.643831,36151.1,165.962
832,6815744,4.86589,0.00099936,0.555432,43509.7,166.151
833,6823936,4.9848,0.000999356,0.593351,43502.3,166.339
834,6832128,4.8372,0.000999353,0.600289,42941.7,166.53
835,6840320,4.94232,0.000999349,0.665586,39814.1,166.735
836,6848512,4.8619,0.000999345,0.615596,38535.2,166.948
837,6856704,4.88292,0.000999341,0.609015,42489.9,167.141
838,6864896,4.78418,0.000999337,0.587676,42990.8,167.331
839,6873088,4.8974,0.000999333,0.673705,43377.3,167.52
840,6881280,4.93936,0.000999329,0.588365,40237.9,167.724
841,6889472,4.83791,0.000999325,0.615828,36582.7,167.948
842,6897664,4.90771,0.000999321,0.603211,42850.6,168.139
843,6905856,4.97722,0.000999317,0.575851,43362.8,168.328
844,6914048,4.82194,0.000999313,0.650722,42803.9,168.519
845,6922240,5.00681,0.000999309,0.568722,40633.8,168.721
846,6930432,5.0024,0.000999305,0.587205,40216.2,168.925
847,6938624,4.91419,0.000999301,0.628819,41935.7,169.12
848,6946816,4.92279,0.000999297,0.56663,42640,169.312
849,6955008,4.97945,0.000999293,0.731614,43190.7,169.502
850,6963200,5.07938,0.000999289,0.639935,41243.8,169.7
851,6971392,4.91516,0.000999285,0.574135,40270.9,169.904
852,6979584,4.89404,0.000999281,0.672728,43641.2,170.091
853,6987776,4.7592,0.000999277,0.582951,43604.2,170.279
854,6995968,4.94375,0.000999272,0.606928,43974.2,170.466
855,7004160,5.06272,0.000999268,0.662365,36505.6,170.69
856,7012352,4.87203,0.000999264,0.620184,38965.2,170.9
857,7020544,4.81918,0.00099926,0.634853,42432.7,171.093
858,7028736,5.02843,0.000999256,1.24932,42956.2,171.284
859,7036928,5.02466,0.000999252,0.600536,43547.9,171.472
860,7045120,4.88272,0.000999248,0.636196,39194.7,171.681
861,7053312,5.01871,0.000999243,0.644981,37011.7,171.902
862,7061504,4.90688,0.000999239,0.625861,42876.3,172.094
863,7069696,4.9442,0.000999235,0.592866,43345.9,172.283
864,7077888,5.02991,0.000999231,0.604184,42516.4,172.475
865,7086080,4.96474,0.000999226,0.569471,40258.9,172.679
866,7094272,4.77728,0.000999222,0.63362,39731,172.885
867,7102464,4.93164,0.000999218,0.609895,42153.5,173.079
868,7110656,4.96908,0.000999214,0.631759,43120.8,173.269
869,7118848,4.89182,0.000999209,0.609524,42232,173.463
870,7127040,4.8698,0.000999205,0.613872,41696.3,173.66
871,7135232,5.04217,0.000999201,0.631199,38085.5,173.875
872,7143424,4.98068,0.000999196,0.632869,42653.3,174.067
873,7151616,4.99256,0.000999192,0.622736,42833.3,174.258
874,7159808,4.84302,0.000999188,0.611553,42897.7,174.449
875,7168000,4.86541,0.000999183,0.606821,41955,174.644
876,7176192,4.86564,0.000999179,0.600017,43928.6,174.831
877,7184384,4.88615,0.000999175,0.707228,42964.6,175.021
878,7192576,5.12051,0.00099917,0.800962,43318.7,175.211
879,7200768,4.97027,0.000999166,0.647291,43615.8,175.398
880,7208960,4.96591,0.000999161,0.618235,37196.2,175.619
881,7217152,5.00299,0.000999157,0.643268,37586.8,175.837
882,7225344,4.80875,0.000999153,0.605753,43410.1,176.025
883,7233536,4.8416,0.000999148,0.61556,43392.4,176.214
884,7241728,4.94514,0.000999144,0.580969,42941.1,176.405
885,7249920,4.78699,0.000999139,0.602115,39043,176.615
886,7258112,4.90831,0.000999135,0.586353,40223.8,176.818
887,7266304,4.96673,0.00099913,0.646286,42678.8,177.01
888,7274496,4.90182,0.000999126,0.587716,43037.6,177.201
889,7282688,5.21134,0.000999121,0.620082,42865.5,177.392
890,7290880,4.94156,0.000999117,0.621565,40257,177.595
891,7299072,4.89014,0.000999112,0.587977,38336.9,177.809
892,7307264,4.87028,0.000999107,0.625727,42407.9,178.002
893,7315456,4.87907,0.000999103,0.61409,43359.7,178.191
894,7323648,4.92464,0.000999098,0.596268,42387,178.384
895,7331840,4.89241,0.000999094,0.579199,41697.8,178.581
896,7340032,4.80521,0.000999089,0.591488,40072.2,178.785
897,7348224,4.98171,0.000999085,0.57507,42348.2,178.979
898,7356416,4.83393,0.00099908,0.576322,42611.4,179.171
899,7364608,4.85257,0.000999075,0.590508,42230.5,179.365
900,7372800,4.81323,0.000999071,0.590464,41280.1,179.563
901,7380992,4.89879,0.000999066,0.598229,40621,179.765
902,7389184,4.90728,0.000999061,0.630477,44096.4,179.951
903,7397376,4.78895,0.000999057,0.536362,43405.7,180.139
904,7405568,4.98975,0.000999052,0.607406,43036.2,180.33
905,7413760,4.76924,0.000999047,0.583802,36662.1,180.553
906,7421952,4.81749,0.000999042,0.595473,38909.2,180.764
907,7430144,4.99824,0.000999038,0.629535,42414.8,180.957
908,7438336,4.78365,0.000999033,0.60601,43326.8,181.146
909,7446528,4.86415,0.000999028,0.614436,42647.8,181.338
910,7454720,4.87739,0.000999023,0.561301,39220.5,181.547
911,7462912,4.92477,0.000999019,0.606322,37664.6,181.764
912,7471104,4.96938,0.000999014,0.607849,42864.5,181.956
913,7479296,4.80545,0.000999009,0.615298,43264.6,182.145
914,7487488,4.83968,0.000999004,0.590304,42675.2,182.337
915,7495680,4.75264,0.000998999,0.644088,40476.5,182.539
916,7503872,4.81455,0.000998995,0.581868,40087.9,182.744
917,7512064,4.85606,0.00099899,0.614539,41981.8,182.939
918,7520256,4.97397,0.000998985,0.593466,43039,183.129
919,7528448,4.94813,0.00099898,0.610186,42650.2,183.321
920,7536640,4.81319,0.000998975,0.587204,40579.3,183.523
921,7544832,4.91939,0.00099897,0.639424,37803,183.74
922,7553024,4.68299,0.000998965,0.576913,42268.4,183.934
923,7561216,5.00462,0.00099896,0.58026,42870.3,184.125
924,7569408,4.71753,0.000998955,0.614195,42657.2,184.317
925,7577600,4.78205,0.000998951,0.608146,41451.5,184.514
926,7585792,4.80725,0.000998946,0.66485,41911.7,184.71
927,7593984,4.93667,0.000998941,0.637066,42962.8,184.9
928,7602176,4.88725,0.000998936,0.577513,43803.1,185.087
929,7610368,4.82719,0.000998931,0.610261,42975.2,185.278
930,7618560,4.91153,0.000998926,0.620443,36131.4,185.505
931,7626752,4.93097,0.000998921,0.61014,35601.2,185.735
932,7634944,4.9879,0.000998916,0.624133,43261.8,185.924
933,7643136,4.96126,0.000998911,0.643151,42953,186.115
934,7651328,5.02418,0.000998906,0.598705,43175.6,186.305
935,7659520,4.77619,0.0009989,0.605025,38431.9,186.518
936,7667712,4.99088,0.000998895,0.589979,38912.2,186.728
937,7675904,5.11209,0.00099889,0.620402,42700.6,186.92
938,7684096,4.93243,0.000998885,0.63036,43242.5,187.11
939,7692288,4.62636,0.00099888,0.594964,42919.3,187.301
940,7700480,4.77914,0.000998875,0.624469,40007.3,187.505
941,7708672,4.87554,0.00099887,0.597596,37281.6,187.725
942,7716864,4.92149,0.000998865,0.614555,42423.7,187.918
943,7725056,4.82996,0.00099886,0.651227,42632.4,188.11
944,7733248,4.76131,0.000998854,0.645901,43500.6,188.299
945,7741440,4.79272,0.000998849,0.609568,41016.1,188.498
946,7749632,4.97391,0.000998844,0.608996,40143.3,188.702
947,7757824,4.85141,0.000998839,0.614769,41879.4,188.898
948,7766016,4.94987,0.000998834,0.618986,43126.3,189.088
949,7774208,4.98646,0.000998828,0.582035,43007.8,189.278
950,7782400,4.97165,0.000998823,0.585247,40916,189.479
951,7790592,4.87773,0.000998818,0.61285,39469.4,189.686
952,7798784,4.87585,0.000998813,0.631198,43219.9,189.876
953,7806976,4.92921,0.000998807,0.573448,42552.7,190.068
954,7815168,4.84741,0.000998802,0.588293,42744.1,190.26
955,7823360,4.88843,0.000998797,0.63555,35899.8,190.488
956,7831552,4.84727,0.000998792,0.598376,38875.6,190.699
957,7839744,4.93713,0.000998786,0.590048,42222,190.893
958,7847936,4.95993,0.000998781,0.562833,42756.1,191.084
959,7856128,4.84454,0.000998776,0.609156,42433.8,191.278
960,7864320,4.89721,0.00099877,0.570786,38618.3,191.49
961,7872512,4.67698,0.000998765,1.0213,37485.2,191.708
962,7880704,4.85379,0.000998759,0.594114,43031,191.899
963,7888896,4.91526,0.000998754,0.624888,42667,192.091
964,7897088,4.86474,0.000998749,0.605949,42803.5,192.282
965,7905280,4.732,0.000998743,0.597321,40336,192.485
966,7913472,4.95455,0.000998738,0.604401,39861.4,192.691
967,7921664,4.95533,0.000998732,0.631341,41864.2,192.886
968,7929856,4.7651,0.000998727,0.611228,42874.3,193.077
969,7938048,4.88788,0.000998722,0.603334,42776,193.269
970,7946240,4.78679,0.000998716,0.561626,41402.7,193.467
971,7954432,4.80629,0.000998711,0.592331,37729.2,193.684
972,7962624,4.78414,0.000998705,0.647725,42276.7,193.878
973,7970816,4.88273,0.0009987,0.609349,42831.7,194.069
974,7979008,4.90399,0.000998694,0.630229,43520.7,194.257
975,7987200,4.78969,0.000998689,0.568341,41578.7,194.454
976,7995392,4.70808,0.000998683,0.601412,43282.9,194.643
977,8003584,4.78572,0.000998677,0.603115,43811.6,194.83
978,8011776,4.82231,0.000998672,0.627691,43239.5,195.02
979,8019968,4.78308,0.000998666,0.587406,43437.3,195.208
980,8028160,4.61655,0.000998661,0.627663,37706.4,195.426
981,8036352,4.69029,0.000998655,0.595746,36275.3,195.651
982,8044544,4.66972,0.00099865,0.5616,43137.4,195.841
983,8052736,4.57742,0.000998644,0.622004,42988.6,196.032
984,8060928,4.8056,0.000998638,0.668107,43298.6,196.221
985,8069120,4.72318,0.000998633,0.57894,39844.4,196.427
986,8077312,4.97856,0.000998627,0.614032,38371.8,196.64
987,8085504,4.8218,0.000998621,0.589196,41974.4,196.835
988,8093696,4.71439,0.000998616,0.59938,43368.5,197.024
989,8101888,4.89711,0.00099861,0.588364,43099.2,197.214
990,8110080,4.88534,0.000998604,0.649108,41200.2,197.413
991,8118272,4.93162,0.000998599,0.59634,36590.4,197.637
992,8126464,4.74337,0.000998593,0.553688,42481.8,197.83
993,8134656,4.80291,0.000998587,0.649388,42649,198.022
994,8142848,4.87333,0.000998581,0.603063,42414.4,198.215
995,8151040,4.85661,0.000998576,0.588967,41956.3,198.41
996,8159232,4.81093,0.00099857,0.636578,39571.2,198.617
997,8167424,4.71509,0.000998564,0.581439,41876.7,198.813
998,8175616,4.69898,0.000998558,0.604861,42749.2,199.005
999,8183808,4.86996,0.000998552,0.603909,43017.3,199.195
1000,8192000,4.80601,0.000998547,0.651808,42237.7,199.389
1001,8200192,4.84939,0.000998541,0.614461,40833.1,199.59
1002,8208384,4.80896,0.000998535,0.572757,42770.9,199.781
1003,8216576,4.74833,0.000998529,0.560379,43535.6,199.969
1004,8224768,4.6993,0.000998523,0.56491,43136.9,200.159
1005,8232960,5.03527,0.000998517,0.65556,36535.6,200.383
1006,8241152,4.9223,0.000998511,0.592335,39402.3,200.591
1007,8249344,4.82916,0.000998506,0.58722,43058.1,200.782
1008,8257536,4.80023,0.0009985,0.58389,43377.1,200.971
1009,8265728,4.72872,0.000998494,0.605217,42909.9,201.161
1010,8273920,4.69738,0.000998488,0.561696,38860.6,201.372
1011,8282112,4.87739,0.000998482,0.672238,37587.7,201.59
1012,8290304,5.00679,0.000998476,0.610699,42518.8,201.783
1013,8298496,4.79093,0.00099847,0.61874,43026.2,201.973
1014,8306688,4.76691,0.000998464,0.621751,42450.3,202.166
1015,8314880,4.81499,0.000998458,0.652277,39899.5,202.372
1016,8323072,4.51577,0.000998452,0.606227,40020.3,202.576
1017,8331264,4.89087,0.000998446,0.616331,42048.6,202.771
1018,8339456,4.92164,0.00099844,0.602418,42699.2,202.963
1019,8347648,4.91866,0.000998434,0.578533,42942,203.154
1020,8355840,4.66556,0.000998428,0.574683,40912.1,203.354
1021,8364032,4.74535,0.000998422,0.597218,38200.9,203.568
1022,8372224,4.91457,0.000998416,0.590565,42332.5,203.762
1023,8380416,4.82525,0.00099841,0.596796,42820.4,203.953
1024,8388608,4.79525,0.000998404,0.567992,42984.5,204.144
1025,8396800,4.75501,0.000998397,0.595067,41577.4,204.341
1026,8404992,4.73997,0.000998391,0.570405,42891.4,204.532
1027,8413184,4.77566,0.000998385,0.600828,43090.3,204.722
1028,8421376,4.71247,0.000998379,0.580057,43529.8,204.91
1029,8429568,4.76652,0.000998373,0.592913,43146.7,205.1
1030,8437760,4.57487,0.000998367,0.568825,36693.6,205.323
1031,8445952,4.92786,0.000998361,0.619124,36047.6,205.55
1032,8454144,4.78018,0.000998354,0.598091,42620.3,205.743
1033,8462336,4.84474,0.000998348,0.605409,42033.2,205.938
1034,8470528,4.69249,0.000998342,0.580965,42679.9,206.13
1035,8478720,4.80483,0.000998336,0.579236,38048.9,206.345
1036,8486912,4.85242,0.000998329,0.605814,37672,206.562
1037,8495104,4.77611,0.000998323,0.607174,41732.9,206.759
1038,8503296,4.79335,0.000998317,0.600132,42204.3,206.953
1039,8511488,4.85581,0.000998311,0.569053,43246.9,207.142
1040,8519680,4.75089,0.000998304,0.567857,40372.1,207.345
1041,8527872,4.98008,0.000998298,0.602642,36865.9,207.567
1042,8536064,4.61906,0.000998292,0.567978,42117.6,207.762
1043,8544256,4.84916,0.000998286,0.787093,42500.1,207.954
1044,8552448,4.79424,0.000998279,0.601449,43198.9,208.144
1045,8560640,4.67378,0.000998273,0.589908,40811.5,208.345
1046,8568832,4.86075,0.000998266,0.626705,39913.1,208.55
1047,8577024,4.98172,0.00099826,0.650213,42274.5,208.744
1048,8585216,4.72494,0.000998254,0.629638,42656.5,208.936
1049,8593408,4.88538,0.000998247,0.62861,43235,209.125
1050,8601600,4.80808,0.000998241,0.673511,41972.3,209.321
1051,8609792,4.76073,0.000998235,0.618492,40425.6,209.523
1052,8617984,4.83416,0.000998228,0.59885,43255.3,209.713
1053,8626176,4.6297,0.000998222,0.593019,43335,209.902
1054,8634368,4.64371,0.000998215,0.584475,43088.5,210.092
1055,8642560,4.65009,0.000998209,0.617244,36189.4,210.318
1056,8650752,4.82866,0.000998202,0.600044,38864.2,210.529
1057,8658944,4.79391,0.000998196,0.581687,42569,210.721
1058,8667136,4.7318,0.000998189,0.617182,43486.4,210.91
1059,8675328,4.97423,0.000998183,0.624454,43714.4,211.097
1060,8683520,4.72517,0.000998176,0.595985,38753.7,211.308
1061,8691712,4.78213,0.00099817,0.620661,36782.3,211.531
1062,8699904,4.6735,0.000998163,0.588701,43024.3,211.722
1063,8708096,4.66735,0.000998157,0.593289,42827.8,211.913
1064,8716288,4.83931,0.00099815,0.601709,42979.5,212.103
1065,8724480,4.7094,0.000998144,0.568552,40076,212.308
1066,8732672,4.84844,0.000998137,0.628692,39628.3,212.515
1067,8740864,4.81668,0.00099813,0.602338,41934.6,212.71
1068,8749056,4.68891,0.000998124,0.631569,42486.4,212.903
1069,8757248,4.81872,0.000998117,0.588677,42902.6,213.094
1070,8765440,4.63489,0.000998111,0.58165,40461.3,213.296
1071,8773632,4.59373,0.000998104,0.592139,37974.7,213.512
1072,8781824,4.78991,0.000998097,0.61272,41703.6,213.708
1073,8790016,4.86142,0.000998091,0.653429,43007.1,213.899
1074,8798208,4.8075,0.000998084,0.59822,43219.7,214.088
1075,8806400,4.73112,0.000998077,0.622457,41690.2,214.285
1076,8814592,4.63161,0.000998071,0.606055,43083.6,214.475
1077,8822784,4.27453,0.000998064,0.622207,42893.6,214.666
1078,8830976,4.67675,0.000998057,0.574884,43733.9,214.853
1079,8839168,4.75423,0.00099805,0.607397,43668,215.041
1080,8847360,4.90844,0.000998044,0.598815,37318.4,215.26
1081,8855552,4.73655,0.000998037,0.620505,37094.5,215.481
1082,8863744,4.94587,0.00099803,0.694276,42935.6,215.672
1083,8871936,4.87408,0.000998023,0.640093,42990.1,215.863
1084,8880128,4.55047,0.000998017,0.614269,43094.2,216.053
1085,8888320,4.59746,0.00099801,0.563988,39320.9,216.261
1086,8896512,4.81292,0.000998003,0.642096,39844.5,216.467
1087,8904704,4.71679,0.000997996,0.608561,42284,216.66
1088,8912896,4.63485,0.000997989,0.617141,43093.4,216.85
1089,8921088,4.73145,0.000997982,0.615361,42600.7,217.043
1090,8929280,4.64892,0.000997976,0.611976,40400.1,217.246
1091,8937472,4.44047,0.000997969,0.589028,37845.3,217.462
1092,8945664,4.61591,0.000997962,0.573807,42490.7,217.655
1093,8953856,4.82595,0.000997955,0.638332,42724,217.847
1094,8962048,4.70119,0.000997948,0.582985,42596.7,218.039
1095,8970240,4.75992,0.000997941,0.620943,40772.2,218.24
1096,8978432,4.78445,0.000997934,0.631554,40110.6,218.444
1097,8986624,4.70994,0.000997927,0.622455,42311.3,218.638
1098,8994816,4.81411,0.00099792,0.617085,43012.3,218.828
1099,9003008,4.58379,0.000997913,0.606471,42854.4,219.019
1100,9011200,4.75927,0.000997906,0.59089,41061,219.219
1101,9019392,4.8072,0.000997899,0.653983,40274.2,219.422
1102,9027584,4.84138,0.000997892,0.607368,43993.3,219.608
1103,9035776,4.77187,0.000997885,0.625146,43172.1,219.798
1104,9043968,4.58472,0.000997878,0.583953,42722.4,219.99
1105,9052160,4.48779,0.000997871,0.599632,36489.6,220.214
1106,9060352,4.78051,0.000997864,0.617342,39247.1,220.423
1107,9068544,4.77901,0.000997857,0.609632,42583.2,220.615
1108,9076736,4.83488,0.00099785,0.619067,43319.2,220.805
1109,9084928,4.67694,0.000997843,0.650943,42829,220.996
1110,9093120,4.86028,0.000997836,0.622452,38865.1,221.207
1111,9101312,4.49454,0.000997829,0.581097,37125.1,221.427
1112,9109504,4.72461,0.000997822,0.640709,43096.4,221.617
1113,9117696,4.61691,0.000997814,0.564812,43024.7,221.808
1114,9125888,4.65036,0.000997807,0.600391,43126.2,221.998
1115,9134080,4.70154,0.0009978,0.629932,40470.6,222.2
1116,9142272,4.71182,0.000997793,0.596451,39555.7,222.407
1117,9150464,4.74541,0.000997786,0.640593,42078.7,222.602
1118,9158656,4.578,0.000997779,0.572,43287.6,222.791
1119,9166848,4.88955,0.000997771,0.594328,42694.8,222.983
1120,9175040,4.77397,0.000997764,0.610837,41499.2,223.18
1121,9183232,4.59321,0.000997757,0.616169,37296.2,223.4
1122,9191424,4.71344,0.00099775,0.627137,42370.8,223.593
1123,9199616,4.7334,0.000997742,0.601562,43128.5,223.783
1124,9207808,4.71413,0.000997735,0.594096,43163.6,223.973
1125,9216000,4.69838,0.000997728,0.602337,41757.6,224.169
1126,9224192,4.78191,0.000997721,0.642581,43500.9,224.358
1127,9232384,4.87496,0.000997713,0.609188,43728.1,224.545
1128,9240576,4.53208,0.000997706,0.590313,43677.6,224.733
1129,9248768,4.60234,0.000997699,0.57299,43714.8,224.92
1130,9256960,4.57657,0.000997691,0.587212,36669.2,225.143
1131,9265152,4.80471,0.000997684,0.61109,35519.6,225.374
1132,9273344,4.6045,0.000997677,0.609582,43499.1,225.562
1133,9281536,4.59935,0.000997669,0.59913,43372.7,225.751
1134,9289728,4.837,0.000997662,0.596024,42858.3,225.942
1135,9297920,4.67897,0.000997655,0.606792,38199.2,226.157
1136,9306112,4.76206,0.000997647,0.658206,38393.5,226.37
1137,9314304,4.80097,0.00099764,0.69197,42776.2,226.562
1138,9322496,4.67153,0.000997632,0.750873,43018.9,226.752
1139,9330688,4.60912,0.000997625,0.596101,43066.3,226.942
1140,9338880,4.85798,0.000997618,0.602894,40001,227.147
1141,9347072,4.54211,0.00099761,0.594126,37246.6,227.367
1142,9355264,4.61862,0.000997603,0.60401,43489,227.555
1143,9363456,4.75656,0.000997595,0.70434,43342.7,227.744
1144,9371648,4.62837,0.000997588,0.601574,42581,227.937
1145,9379840,4.83319,0.00099758,0.646348,40916.5,228.137
1146,9388032,4.65689,0.000997573,0.613223,39843.4,228.343
1147,9396224,4.65376,0.000997565,0.603853,42209.1,228.537
1148,9404416,4.82969,0.000997558,0.591774,43445.1,228.725
1149,9412608,4.51262,0.00099755,0.580503,43030.5,228.916
1150,9420800,4.56407,0.000997542,0.615924,41628.1,229.112
1151,9428992,4.73396,0.000997535,0.597379,40332.1,229.316
1152,9437184,4.58068,0.000997527,0.621509,43908.2,229.502
1153,9445376,4.82214,0.00099752,0.604392,43192.3,229.692
1154,9453568,4.71207,0.000997512,0.64072,43630.9,229.88
1155,9461760,4.65885,0.000997504,0.609644,36682.7,230.103
1156,9469952,4.7207,0.000997497,0.60293,39358.9,230.311
1157,9478144,4.79068,0.000997489,0.657145,43356.7,230.5
1158,9486336,4.66418,0.000997482,0.654401,43100.6,230.69
1159,9494528,4.7364,0.000997474,0.661677,43412.1,230.879
1160,9502720,4.65548,0.000997466,0.601938,38236.6,231.093
1161,9510912,4.79972,0.000997458,0.652718,35852.9,231.321
1162,9519104,4.7429,0.000997451,0.646823,42245.9,231.515
1163,9527296,4.72866,0.000997443,0.649561,41850.6,231.711
1164,9535488,4.70731,0.000997435,0.604775,42325.3,231.905
1165,9543680,4.70347,0.000997428,0.629373,38514.6,232.117
1166,9551872,4.82995,0.00099742,0.627428,39393.2,232.325
1167,9560064,4.60031,0.000997412,0.609826,41803.2,232.521
1168,9568256,4.68869,0.000997404,0.593992,42335.5,232.715
1169,9576448,4.75068,0.000997397,0.684732,42337.2,232.908
1170,9584640,4.44863,0.000997389,0.644183,39507.1,233.116
1171,9592832,4.4499,0.000997381,0.606952,37765.6,233.333
1172,9601024,4.65347,0.000997373,0.624403,42554.9,233.525
1173,9609216,4.68511,0.000997365,0.614278,42250.4,233.719
1174,9617408,4.5176,0.000997357,0.588374,42309.6,233.913
1175,9625600,4.58222,0.00099735,0.646017,40872.1,234.113
1176,9633792,4.79092,0.000997342,0.590509,42803.7,234.304
1177,9641984,4.66121,0.000997334,0.61902,42970.4,234.495
1178,9650176,4.69089,0.000997326,0.59123,42891,234.686
1179,9658368,4.84032,0.000997318,0.631235,43065.6,234.876
1180,9666560,4.59321,0.00099731,0.62664,36839.1,235.099
1181,9674752,4.49426,0.000997302,0.610322,35260.1,235.331
1182,9682944,4.6287,0.000997294,0.605967,42962.8,235.522
1183,9691136,4.64965,0.000997286,0.626685,43200.6,235.711
1184,9699328,4.67993,0.000997278,0.615069,42662.3,235.903
1185,9707520,4.44981,0.00099727,0.631086,38224.8,236.118
1186,9715712,4.52679,0.000997263,0.665997,38960.2,236.328
1187,9723904,4.6651,0.000997255,0.571734,42105,236.522
1188,9732096,4.70874,0.000997247,0.626185,42985.7,236.713
1189,9740288,4.74503,0.000997238,0.648059,42512.9,236.906
1190,9748480,4.49239,0.00099723,0.623708,39071.5,237.115
1191,9756672,4.69299,0.000997222,0.62551,37349.1,237.335
1192,9764864,4.53148,0.000997214,0.59523,42271.8,237.528
1193,9773056,4.68484,0.000997206,0.595753,42885.5,237.72
1194,9781248,4.71238,0.000997198,0.612053,43034.5,237.91
1195,9789440,4.70077,0.00099719,0.628302,41290.6,238.108
1196,9797632,4.69346,0.000997182,0.650289,40662.7,238.31
1197,9805824,4.46153,0.000997174,0.598506,42343.1,238.503
1198,9814016,4.5898,0.000997166,0.598747,42745.7,238.695
1199,9822208,4.49415,0.000997158,0.592383,43252.9,238.884
1200,9830400,4.44438,0.00099715,0.599025,41860.4,239.08
1201,9838592,4.58377,0.000997141,0.593405,39991.1,239.285
1202,9846784,4.58537,0.000997133,0.589743,44609.4,239.468
1203,9854976,4.84334,0.000997125,0.595531,44294.6,239.653
1204,9863168,4.56281,0.000997117,0.613517,42709.1,239.845
1205,9871360,4.487,0.000997109,0.585503,37729.3,240.062
1206,9879552,4.73677,0.0009971,0.603443,39289.9,240.271
1207,9887744,4.57787,0.000997092,0.59597,43451.4,240.459
1208,9895936,4.68294,0.000997084,0.590142,42972.1,240.65
1209,9904128,4.43326,0.000997076,0.60816,42774.2,240.841
1210,9912320,4.48746,0.000997068,0.621009,38786.5,241.053
1211,9920512,4.61477,0.000997059,0.624475,36043.5,241.28
1212,9928704,4.81118,0.000997051,0.612357,43127.4,241.47
1213,9936896,4.69084,0.000997043,0.61745,43151.3,241.66
1214,9945088,4.56332,0.000997034,0.64685,42403.2,241.853
1215,9953280,4.69496,0.000997026,0.634694,39751.8,242.059
1216,9961472,4.80307,0.000997018,0.653883,38855.9,242.27
1217,9969664,4.61514,0.000997009,0.647127,41985.8,242.465
1218,9977856,4.71487,0.000997001,0.657404,42857.1,242.656
1219,9986048,4.44623,0.000996993,0.652461,42199.5,242.85
1220,9994240,4.83395,0.000996984,0.634276,40725.7,243.051
1221,10002432,4.47609,0.000996976,0.578732,37161.1,243.272
1222,10010624,4.72806,0.000996968,0.634261,42782.8,243.463
1223,10018816,4.39526,0.000996959,0.626134,42848.7,243.655
1224,10027008,4.61239,0.000996951,0.613611,42371.6,243.848
1225,10035200,4.67094,0.000996942,0.594515,41706.9,244.044
1226,10043392,4.41977,0.000996934,0.568772,42775.2,244.236
1227,10051584,4.54583,0.000996925,0.606321,42784.9,244.427
1228,10059776,4.67437,0.000996917,0.599551,43211.1,244.617
1229,10067968,4.62809,0.000996908,0.613769,43989.8,244.803
1230,10076160,4.66396,0.0009969,0.605863,37513.4,245.021
1231,10084352,4.24031,0.000996891,0.596891,35226.5,245.254
1232,10092544,4.64041,0.000996883,0.602034,42802,245.445
1233,10100736,4.63496,0.000996874,0.600091,42582.3,245.638
1234,10108928,4.65792,0.000996866,0.631449,42974.4,245.828
1235,10117120,4.52968,0.000996857,0.634147,38952.9,246.039
1236,10125312,4.65626,0.000996849,0.631151,38261.8,246.253
1237,10133504,4.46173,0.00099684,0.630807,41657,246.449
1238,10141696,4.69339,0.000996832,0.597079,43261.4,246.639
1239,10149888,4.80122,0.000996823,0.623117,43234.1,246.828
1240,10158080,4.81268,0.000996814,0.636691,40044.3,247.033
1241,10166272,4.68053,0.000996806,0.592562,36159.1,247.259
1242,10174464,4.63828,0.000996797,0.60913,42299.4,247.453
1243,10182656,4.80474,0.000996789,0.620421,42882.7,247.644
1244,10190848,4.73797,0.00099678,0.605543,42795.3,247.836
1245,10199040,4.60081,0.000996771,0.658705,41634.1,248.032
1246,10207232,4.63875,0.000996763,0.610322,39558.7,248.239
1247,10215424,4.40325,0.000996754,0.60581,41622.5,248.436
1248,10223616,4.71373,0.000996745,0.613268,42943.3,248.627
1249,10231808,4.59302,0.000996736,0.585746,43464.1,248.815
1250,10240000,4.63862,0.000996728,0.625389,42061.9,249.01
1251,10248192,4.70372,0.000996719,0.643287,40205.3,249.214
1252,10256384,4.57892,0.00099671,0.639181,43555.1,249.402
1253,10264576,4.67015,0.000996701,0.681719,43529,249.59
1254,10272768,4.57994,0.000996693,0.604035,43307.7,249.779
1255,10280960,4.80738,0.000996684,0.657112,35997.2,250.007
1256,10289152,4.65819,0.000996675,0.612584,37198.7,250.227
1257,10297344,4.67564,0.000996666,0.591788,42220.2,250.421
1258,10305536,4.73644,0.000996658,0.604942,42872.3,250.612
1259,10313728,4.68557,0.000996649,0.629276,42853.5,250.803
1260,10321920,4.62745,0.00099664,0.566869,37996.6,251.019
1261,10330112,4.57884,0.000996631,0.59455,36226.2,251.245
1262,10338304,4.57603,0.000996622,0.606636,41772.8,251.441
1263,10346496,4.39635,0.000996613,0.630696,42681.4,251.633
1264,10354688,4.76935,0.000996604,0.62078,42018.3,251.828
1265,10362880,4.61939,0.000996596,0.66132,38608.3,252.04
1266,10371072,4.67774,0.000996587,0.705959,38987.7,252.251
1267,10379264,4.59625,0.000996578,0.63187,42525.7,252.443
1268,10387456,4.51595,0.000996569,0.639408,42828.9,252.634
1269,10395648,4.64178,0.00099656,0.61994,42238,252.828
1270,10403840,4.59808,0.000996551,0.621658,39778.9,253.034
1271,10412032,4.64389,0.000996542,0.630058,36577.4,253.258
1272,10420224,4.62411,0.000996533,0.617298,43267.5,253.448
1273,10428416,4.54822,0.000996524,0.666515,43173.9,253.637
1274,10436608,4.87247,0.000996515,0.624432,43018.2,253.828
1275,10444800,4.46739,0.000996506,0.614206,41422.4,254.026
1276,10452992,4.53236,0.000996497,0.642724,43682.4,254.213
1277,10461184,4.63094,0.000996488,0.582243,43752.6,254.4
1278,10469376,4.52352,0.000996479,0.633746,43854,254.587
1279,10477568,4.56094,0.00099647,0.625062,44066.8,254.773
1280,10485760,4.55332,0.000996461,0.5738,37577.7,254.991
1281,10493952,4.59279,0.000996452,0.597938,35924.2,255.219
1282,10502144,4.73484,0.000996443,0.602434,43591.4,255.407
1283,10510336,4.78798,0.000996433,0.66538,43290.5,255.596
1284,10518528,4.49463,0.000996424,0.633301,43333.7,255.785
1285,10526720,4.61765,0.000996415,0.626356,38867.3,255.996
1286,10534912,4.71492,0.000996406,0.684093,37942.3,256.212
1287,10543104,4.47379,0.000996397,0.683529,42078.2,256.407
1288,10551296,4.43094,0.000996388,0.654944,42833.8,256.598
1289,10559488,4.51166,0.000996379,0.616969,42909.8,256.789
1290,10567680,4.55304,0.000996369,0.614126,39228.5,256.998
1291,10575872,4.54435,0.00099636,0.617387,36206.5,257.224
1292,10584064,4.61252,0.000996351,0.615394,42313.3,257.417
1293,10592256,4.6787,0.000996342,0.649358,42699.2,257.609
1294,10600448,4.50076,0.000996333,0.637988,42782.9,257.801
1295,10608640,4.42836,0.000996323,0.601012,40202.7,258.005
1296,10616832,4.64228,0.000996314,0.661564,39184.5,258.214
1297,10625024,4.67413,0.000996305,0.60936,41821.8,258.41
1298,10633216,4.47067,0.000996295,0.607943,42254.9,258.603
1299,10641408,4.58629,0.000996286,0.631533,43139.2,258.793
1300,10649600,4.79475,0.000996277,0.651222,41289.1,258.992
1301,10657792,4.54577,0.000996268,0.600828,39320.4,259.2
1302,10665984,4.60311,0.000996258,0.664454,42486,259.393
1303,10674176,4.59987,0.000996249,0.618292,42690.9,259.585
1304,10682368,4.74236,0.00099624,0.646029,41976.1,259.78
1305,10690560,4.5544,0.00099623,0.592182,34508.6,260.017
1306,10698752,4.70026,0.000996221,0.61504,38347.5,260.231
1307,10706944,4.57303,0.000996211,0.625744,42209.2,260.425
1308,10715136,4.52996,0.000996202,0.622268,42771.1,260.617
1309,10723328,4.66901,0.000996193,0.61676,41906.9,260.812
1310,10731520,4.54781,0.000996183,0.627362,37403.1,261.031
1311,10739712,4.55194,0.000996174,0.741923,35791.4,261.26
1312,10747904,4.47165,0.000996164,0.683176,42627.8,261.452
1313,10756096,4.59438,0.000996155,0.595831,42293,261.646
1314,10764288,4.57997,0.000996145,0.605021,42419.3,261.839
1315,10772480,4.54161,0.000996136,0.607959,39219.1,262.048
1316,10780672,4.4842,0.000996126,0.592688,39659.4,262.254
1317,10788864,4.65413,0.000996117,0.628122,41578.9,262.451
1318,10797056,4.45099,0.000996107,0.615773,41960.8,262.647
1319,10805248,4.47949,0.000996098,0.615862,42269.7,262.84
1320,10813440,4.60867,0.000996088,0.627005,39694.6,263.047
1321,10821632,4.4351,0.000996079,0.609955,37406.1,263.266
1322,10829824,4.66606,0.000996069,0.648578,42300.7,263.459
1323,10838016,4.48328,0.00099606,0.636937,42802.8,263.651
1324,10846208,4.61701,0.00099605,0.615431,41882.6,263.846
1325,10854400,4.59138,0.000996041,0.620487,40867,264.047
1326,10862592,4.66611,0.000996031,0.610665,43053.5,264.237
1327,10870784,4.63616,0.000996021,0.623239,44153.1,264.423
1328,10878976,4.50949,0.000996012,0.625331,43656.9,264.61
1329,10887168,4.57056,0.000996002,0.607265,42888,264.801
1330,10895360,4.42518,0.000995992,0.629698,36758.1,265.024
1331,10903552,4.47694,0.000995983,0.605353,36127,265.251
1332,10911744,4.41511,0.000995973,0.592057,43559.5,265.439
1333,10919936,4.36128,0.000995963,0.577916,43020.3,265.629
1334,10928128,4.48123,0.000995954,0.636793,42360.9,265.823
1335,10936320,4.45129,0.000995944,0.609609,38419.1,266.036
1336,10944512,4.53805,0.000995934,0.598587,39067.3,266.246
1337,10952704,4.56304,0.000995925,0.63002,42595.5,266.438
1338,10960896,4.64988,0.000995915,0.590339,43000.1,266.629
1339,10969088,4.50326,0.000995905,0.610444,42476.1,266.821
1340,10977280,4.52673,0.000995895,0.623657,39453.6,267.029
1341,10985472,4.65934,0.000995886,0.696444,37973.5,267.245
1342,10993664,4.35646,0.000995876,0.58699,42732.8,267.436
1343,11001856,4.61194,0.000995866,0.664607,43317.6,267.626
1344,11010048,4.61717,0.000995856,0.628178,42449.3,267.819
1345,11018240,4.50195,0.000995846,0.590833,39756.9,268.025
1346,11026432,4.6148,0.000995837,0.620482,40160.2,268.229
1347,11034624,4.45471,0.000995827,0.6023,41516.4,268.426
1348,11042816,4.41907,0.000995817,0.618231,43618.2,268.614
1349,11051008,4.67178,0.000995807,0.624356,42617.6,268.806
1350,11059200,4.64102,0.000995797,0.653545,41591.9,269.003
1351,11067392,4.53359,0.000995787,0.64796,40214.6,269.207
1352,11075584,4.51669,0.000995777,0.606483,44102.5,269.392
1353,11083776,4.48932,0.000995767,0.620571,43544.7,269.581
1354,11091968,4.61712,0.000995757,0.623214,43328.2,269.77
1355,11100160,4.69238,0.000995748,0.591422,37000.8,269.991
1356,11108352,4.18176,0.000995738,0.661995,39454.1,270.199
1357,11116544,4.56464,0.000995728,0.632357,42929.3,270.389
1358,11124736,4.55833,0.000995718,0.608623,43223.4,270.579
1359,11132928,4.57137,0.000995708,0.655912,43086.8,270.769
1360,11141120,4.74363,0.000995698,0.646987,38660.3,270.981
1361,11149312,4.52394,0.000995688,0.58513,37931,271.197
1362,11157504,4.33993,0.000995678,0.679115,42986.3,271.388
1363,11165696,4.64447,0.000995668,0.646542,43492.3,271.576
1364,11173888,4.52378,0.000995658,0.598426,42714.3,271.768
1365,11182080,4.43544,0.000995647,0.634445,39680.3,271.974
1366,11190272,4.65965,0.000995637,0.611784,40012.4,272.179
1367,11198464,4.61229,0.000995627,0.588596,41906.9,272.374
1368,11206656,4.50476,0.000995617,0.610976,43510.8,272.563
1369,11214848,4.42239,0.000995607,0.59031,42087.7,272.757
1370,11223040,4.4923,0.000995597,0.668445,40304.9,272.961
1371,11231232,4.65544,0.000995587,0.71773,37923.5,273.177
1372,11239424,4.69066,0.000995577,0.65354,42481.7,273.369
1373,11247616,4.47671,0.000995567,0.602946,43024.4,273.56
1374,11255808,4.47334,0.000995556,0.612222,42854.6,273.751
1375,11264000,4.63085,0.000995546,0.636765,41339.9,273.949
1376,11272192,4.63547,0.000995536,0.619603,42812,274.14
1377,11280384,4.44898,0.000995526,0.700593,43572.5,274.328
1378,11288576,4.49908,0.000995516,0.650581,43483.8,274.517
1379,11296768,4.56433,0.000995506,0.604893,43450.1,274.705
1380,11304960,4.56953,0.000995495,0.61719,37560,274.923
1381,11313152,4.58215,0.000995485,0.644471,34949.8,275.158
1382,11321344,4.39314,0.000995475,0.685345,43418,275.347
1383,11329536,4.65109,0.000995465,0.623078,42959.1,275.537
1384,11337728,4.59958,0.000995454,0.588201,42971.2,275.728
1385,11345920,4.60425,0.000995444,0.628706,38982.1,275.938
1386,11354112,4.39008,0.000995434,0.672607,37784.7,276.155
1387,11362304,4.52392,0.000995423,0.612533,42244.2,276.349
1388,11370496,4.3041,0.000995413,0.603022,42666,276.541
1389,11378688,4.51263,0.000995403,0.605218,42730.8,276.732
1390,11386880,4.55289,0.000995392,0.631923,39258.4,276.941
1391,11395072,4.56698,0.000995382,0.61592,36165.1,277.168
1392,11403264,4.45702,0.000995372,0.666628,41956.4,277.363
1393,11411456,4.46798,0.000995361,0.647274,43279.9,277.552
1394,11419648,4.60959,0.000995351,0.632128,42328.6,277.746
1395,11427840,4.66462,0.000995341,0.619248,40474.8,277.948
1396,11436032,4.64067,0.00099533,0.632762,39849.2,278.154
1397,11444224,4.37935,0.00099532,0.613344,41701.9,278.35
1398,11452416,4.50186,0.000995309,0.594741,43368.5,278.539
1399,11460608,4.56514,0.000995299,0.642422,42823.1,278.73
1400,11468800,4.61132,0.000995288,0.631115,41838.7,278.926
1401,11476992,4.59245,0.000995278,0.605641,41288.5,279.125
1402,11485184,4.49565,0.000995267,0.627823,43369.5,279.313
1403,11493376,4.51381,0.000995257,0.664221,43206.8,279.503
1404,11501568,4.55638,0.000995246,0.61267,42985.7,279.694
1405,11509760,4.53928,0.000995236,0.643543,36738.8,279.917
1406,11517952,4.49905,0.000995225,0.625054,38758.3,280.128
1407,11526144,4.57203,0.000995215,0.6129,42888.8,280.319
1408,11534336,4.46484,0.000995204,0.623731,43002.7,280.509
1409,11542528,4.47826,0.000995194,0.648455,42874.9,280.701
1410,11550720,4.47591,0.000995183,0.62213,38542.4,280.913
1411,11558912,4.46005,0.000995173,0.629649,37494.8,281.132
1412,11567104,4.4901,0.000995162,0.608929,43149.4,281.321
1413,11575296,4.59773,0.000995151,0.623976,42900.7,281.512
1414,11583488,4.70673,0.000995141,0.647858,42747.3,281.704
1415,11591680,4.42202,0.00099513,0.614845,39376.3,281.912
1416,11599872,4.52427,0.000995119,0.697627,40214,282.116
1417,11608064,4.67707,0.000995109,0.873796,42442.1,282.309
1418,11616256,4.47365,0.000995098,0.658346,42978.6,282.499
1419,11624448,4.53473,0.000995087,0.626553,42143.3,282.694
1420,11632640,4.32877,0.000995077,0.614466,40428.2,282.896
1421,11640832,4.5682,0.000995066,0.656405,37989.7,283.112
1422,11649024,4.58341,0.000995055,0.655989,42911,283.303
1423,11657216,4.36496,0.000995045,0.61813,42854.5,283.494
1424,11665408,4.4806,0.000995034,0.606707,43125.5,283.684
1425,11673600,4.41677,0.000995023,0.60036,40899.7,283.884
1426,11681792,4.5074,0.000995012,0.612095,43119.1,284.074
1427,11689984,4.49869,0.000995002,0.64289,43274.4,284.264
1428,11698176,4.69734,0.000994991,0.642721,44020.9,284.45
1429,11706368,4.34646,0.00099498,0.602273,43404.9,284.638
1430,11714560,4.39735,0.000994969,0.573693,36582.7,284.862
1431,11722752,4.33103,0.000994958,0.611892,36318.9,285.088
1432,11730944,4.49449,0.000994948,0.607446,42908.5,285.279
1433,11739136,4.47241,0.000994937,0.623221,42824.3,285.47
1434,11747328,4.29033,0.000994926,0.594892,42879.1,285.661
1435,11755520,4.37534,0.000994915,0.626806,38201.5,285.876
1436,11763712,4.58112,0.000994904,1.19681,38312.9,286.089
1437,11771904,4.47763,0.000994893,0.585116,42252.8,286.283
1438,11780096,4.69477,0.000994882,0.640551,43253.8,286.473
1439,11788288,4.55836,0.000994871,0.626922,42453.6,286.666
1440,11796480,4.52438,0.000994861,0.632127,39065.9,286.875
1441,11804672,4.50745,0.00099485,0.619795,36510,287.1
1442,11812864,4.58795,0.000994839,0.654016,42286.6,287.293
1443,11821056,4.36605,0.000994828,0.60093,42755.3,287.485
1444,11829248,4.75484,0.000994817,0.66829,42680.8,287.677
1445,11837440,4.36399,0.000994806,0.640155,40757.1,287.878
1446,11845632,4.23096,0.000994795,0.637239,40240.9,288.082
1447,11853824,4.60004,0.000994784,0.636645,42124.8,288.276
1448,11862016,4.52557,0.000994773,0.647306,42993.4,288.467
1449,11870208,4.45216,0.000994762,0.618808,43576.1,288.655
1450,11878400,4.58364,0.000994751,0.619702,41936.6,288.85
1451,11886592,4.42178,0.00099474,0.625945,39146.9,289.059
1452,11894784,4.44389,0.000994729,0.621958,43839,289.246
1453,11902976,4.44214,0.000994718,0.660504,43878,289.433
1454,11911168,4.61155,0.000994706,0.629334,43683.4,289.62
1455,11919360,4.42491,0.000994695,0.626459,36779.5,289.843
1456,11927552,4.28032,0.000994684,0.591894,39687.7,290.049
1457,11935744,4.45834,0.000994673,0.609724,42670.8,290.241
1458,11943936,4.63146,0.000994662,0.651062,43476.5,290.43
1459,11952128,4.51045,0.000994651,0.636747,42752.1,290.621
1460,11960320,4.37805,0.00099464,0.64327,38063.9,290.837
1461,11968512,4.63494,0.000994629,0.609947,37056,291.058
1462,11976704,4.6066,0.000994617,0.62654,42776.5,291.249
1463,11984896,4.4138,0.000994606,0.611273,43197.8,291.439
1464,11993088,4.51897,0.000994595,0.61591,42176.4,291.633
1465,12001280,4.52614,0.000994584,0.63162,38777.5,291.844
1466,12009472,4.55025,0.000994573,0.624278,39127.5,292.054
1467,12017664,4.50809,0.000994561,0.612712,42015.4,292.249
1468,12025856,4.48778,0.00099455,0.627124,42953.6,292.439
1469,12034048,4.49601,0.000994539,0.663717,42177,292.634
1470,12042240,4.59871,0.000994528,0.614415,40408.6,292.836
1471,12050432,4.30209,0.000994516,0.754146,37398,293.055
1472,12058624,4.31615,0.000994505,0.653445,42883.4,293.246
1473,12066816,4.65832,0.000994494,0.779217,43285.4,293.436
1474,12075008,4.43671,0.000994482,0.620693,42607.9,293.628
1475,12083200,4.41591,0.000994471,0.676026,41609.5,293.825
1476,12091392,4.55762,0.00099446,0.644703,43666.9,294.012
1477,12099584,4.36528,0.000994448,0.617926,43547.1,294.201
1478,12107776,4.47027,0.000994437,0.611912,43164.5,294.39
1479,12115968,4.29681,0.000994426,0.656773,43026.5,294.581
1480,12124160,4.3332,0.000994414,0.648059,36799.6,294.803
1481,12132352,4.45718,0.000994403,0.687074,34986,295.038
1482,12140544,4.49799,0.000994391,0.609811,43325.7,295.227
1483,12148736,4.59202,0.00099438,0.678884,43076.9,295.417
1484,12156928,4.4365,0.000994369,0.629268,42635,295.609
1485,12165120,4.52678,0.000994357,0.669236,37902.8,295.825
1486,12173312,4.60406,0.000994346,0.630533,37774.2,296.042
1487,12181504,4.54241,0.000994334,0.645503,42229.3,296.236
1488,12189696,4.5584,0.000994323,0.622033,42951,296.427
1489,12197888,4.4942,0.000994311,0.629288,42176.9,296.621
1490,12206080,4.57043,0.0009943,0.621848,38582.7,296.833
1491,12214272,4.49153,0.000994288,0.618874,36764.8,297.056
1492,12222464,4.72444,0.000994277,0.600593,42753.4,297.248
1493,12230656,4.55345,0.000994265,0.617621,42631.9,297.44
1494,12238848,4.48254,0.000994254,0.608498,42173.7,297.634
1495,12247040,4.38274,0.000994242,0.627425,40068.5,297.839
1496,12255232,4.3616,0.000994231,0.622057,40090.2,298.043
1497,12263424,4.30915,0.000994219,0.607678,41837.7,298.239
1498,12271616,4.4165,0.000994207,0.648424,42614.9,298.431
1499,12279808,4.38745,0.000994196,0.636361,42841.3,298.622
1500,12288000,4.60678,0.000994184,0.625342,41161.1,298.821
1501,12296192,4.36539,0.000994173,0.615795,39858.2,299.027
1502,12304384,4.57679,0.000994161,0.645574,43230.5,299.216
1503,12312576,4.46666,0.000994149,0.601522,43425.3,299.405
1504,12320768,4.69966,0.000994138,0.629639,42964.2,299.595
1505,12328960,4.36506,0.000994126,0.585154,35681.2,299.825
1506,12337152,4.37235,0.000994114,0.584207,38379.2,300.038
1507,12345344,4.30254,0.000994103,0.649712,42412.7,300.232
1508,12353536,4.31852,0.000994091,0.598773,43228.2,300.421
1509,12361728,4.47306,0.000994079,0.673058,42589.2,300.614
1510,12369920,4.36916,0.000994067,0.592717,37846.8,300.83
1511,12378112,4.26724,0.000994056,0.603182,36942.4,301.052
1512,12386304,4.48755,0.000994044,0.607539,43067.6,301.242
1513,12394496,4.5561,0.000994032,0.609542,42966.8,301.433
1514,12402688,4.36891,0.00099402,0.640488,42184.3,301.627
1515,12410880,4.46657,0.000994009,0.649638,38598.4,301.839
1516,12419072,4.36941,0.000993997,0.594351,39014.8,302.049
1517,12427264,4.60706,0.000993985,0.66518,42281,302.243
1518,12435456,4.29734,0.000993973,0.615157,42759,302.434
1519,12443648,4.63371,0.000993961,0.62743,42083,302.629
1520,12451840,4.48027,0.00099395,0.638018,39349.8,302.837
1521,12460032,4.32271,0.000993938,0.642014,37451.6,303.056
1522,12468224,4.68953,0.000993926,0.640341,42692.5,303.248
1523,12476416,4.46356,0.000993914,0.67567,42790.4,303.439
1524,12484608,4.61157,0.000993902,0.687784,42002.8,303.634
1525,12492800,4.50904,0.00099389,0.677202,40947,303.834
1526,12500992,4.40763,0.000993878,0.628159,42851.5,304.025
1527,12509184,4.54116,0.000993866,0.60585,42828.1,304.217
1528,12517376,4.47261,0.000993854,0.6326,43239.9,304.406
1529,12525568,4.42968,0.000993842,0.63109,43002.9,304.597
1530,12533760,4.33071,0.000993831,0.647005,36304,304.822
1531,12541952,4.47133,0.000993819,0.610384,34128.8,305.062
1532,12550144,4.38957,0.000993807,0.608412,41957.2,305.258
1533,12558336,4.3933,0.000993795,0.6468,42718,305.449
1534,12566528,4.45319,0.000993783,0.596616,42208.4,305.644
1535,12574720,4.61399,0.000993771,0.611007,37516.5,305.862
1536,12582912,4.32373,0.000993759,0.598678,38040.8,306.077
1537,12591104,4.39311,0.000993746,0.613761,41752.2,306.273
1538,12599296,4.47978,0.000993734,0.588605,42558,306.466
1539,12607488,4.36715,0.000993722,0.60484,41830.3,306.662
1540,12615680,4.52087,0.00099371,0.608273,38709.5,306.873
1541,12623872,4.59867,0.000993698,0.593772,36337.5,307.099
1542,12632064,4.44976,0.000993686,0.642749,42150.2,307.293
1543,12640256,4.34109,0.000993674,0.643015,42711.7,307.485
1544,12648448,4.42267,0.000993662,0.641595,41559.6,307.682
1545,12656640,4.45335,0.00099365,0.600709,39857.4,307.888
1546,12664832,4.33075,0.000993638,0.67046,39848.5,308.093
1547,12673024,4.44626,0.000993625,0.628462,41774.5,308.289
1548,12681216,4.13837,0.000993613,0.643635,42909.4,308.48
1549,12689408,4.52719,0.000993601,0.6291,42747.4,308.672
1550,12697600,4.47542,0.000993589,0.627299,41531.3,308.869
1551,12705792,4.41157,0.000993577,0.627928,40560.3,309.071
1552,12713984,4.52042,0.000993565,0.618129,44005.3,309.257
1553,12722176,4.51038,0.000993552,0.604391,43553.3,309.445
1554,12730368,4.39236,0.00099354,0.625023,43780.1,309.632
1555,12738560,4.36966,0.000993528,0.628081,37962,309.848
1556,12746752,4.26803,0.000993516,0.613416,37110.4,310.069
1557,12754944,4.52803,0.000993503,0.641222,42532.1,310.262
1558,12763136,4.49988,0.000993491,0.617131,43055.8,310.452
1559,12771328,4.48282,0.000993479,0.636522,43198.1,310.641
1560,12779520,4.43404,0.000993466,0.602301,39109.6,310.851
1561,12787712,4.2492,0.000993454,0.622563,35865,311.079
1562,12795904,4.41762,0.000993442,0.60361,42893.4,311.27
1563,12804096,4.39995,0.000993429,0.62973,42948.6,311.461
1564,12812288,4.38575,0.000993417,0.572988,42418.2,311.654
1565,12820480,4.44416,0.000993405,0.64417,39195.6,311.863
1566,12828672,4.41646,0.000993392,0.680986,39179.3,312.072
1567,12836864,4.46783,0.00099338,0.632628,41813.9,312.268
1568,12845056,4.3999,0.000993368,0.622671,42790.5,312.46
1569,12853248,4.4401,0.000993355,0.601966,42532.4,312.652
1570,12861440,4.26488,0.000993343,0.603472,40584.4,312.854
1571,12869632,4.38725,0.00099333,0.652332,38040.7,313.069
1572,12877824,4.42171,0.000993318,0.622828,42231.4,313.263
1573,12886016,4.23977,0.000993305,0.608787,42829.4,313.455
1574,12894208,4.39346,0.000993293,0.601363,42504.9,313.647
1575,12902400,4.24643,0.00099328,0.606105,41775.1,313.844
1576,12910592,4.42546,0.000993268,0.610585,43102.3,314.034
1577,12918784,4.45779,0.000993256,0.62759,43565.2,314.222
1578,12926976,4.47089,0.000993243,0.624185,43608.3,314.41
1579,12935168,4.57257,0.00099323,0.628221,43427.2,314.598
1580,12943360,4.47327,0.000993218,0.661149,36474.1,314.823
1581,12951552,4.5718,0.000993205,0.603954,35476.7,315.054
1582,12959744,4.46918,0.000993193,0.621205,43041.7,315.244
1583,12967936,4.49248,0.00099318,0.616314,43153.2,315.434
1584,12976128,4.49455,0.000993168,0.625115,41913.7,315.629
1585,12984320,4.43126,0.000993155,0.651648,37473.6,315.848
1586,12992512,4.23959,0.000993142,0.593461,39210.1,316.057
1587,13000704,4.27901,0.00099313,0.635599,42401.4,316.25
1588,13008896,4.38871,0.000993117,0.648348,42788.8,316.441
1589,13017088,4.35825,0.000993105,0.601862,41947.5,316.637
1590,13025280,4.27117,0.000993092,0.59823,38727.5,316.848
1591,13033472,4.33816,0.000993079,0.640968,37333.8,317.068
1592,13041664,4.16611,0.000993067,0.631815,42803.3,317.259
1593,13049856,4.39181,0.000993054,0.610188,42943.3,317.45
1594,13058048,4.30015,0.000993041,0.585519,41709.4,317.646
1595,13066240,4.53439,0.000993029,0.677197,39490.2,317.854
1596,13074432,4.50295,0.000993016,0.657926,40102.2,318.058
1597,13082624,4.49197,0.000993003,0.629259,42093.6,318.253
1598,13090816,4.62266,0.00099299,0.652493,43117.9,318.443
1599,13099008,4.38589,0.000992978,0.648479,42400.8,318.636
1600,13107200,4.41789,0.000992965,0.594346,40872.3,318.836
1601,13115392,4.39813,0.000992952,0.639208,40930,319.036
1602,13123584,4.39207,0.000992939,0.624664,43670.3,319.224
1603,13131776,4.47959,0.000992926,0.634438,43543.7,319.412
1604,13139968,4.31291,0.000992914,0.586515,43397.5,319.601
1605,13148160,4.56352,0.000992901,0.626079,36388.4,319.826
1606,13156352,4.44283,0.000992888,0.597319,37143.1,320.047
1607,13164544,4.49553,0.000992875,0.652914,42448.2,320.24
1608,13172736,4.46919,0.000992862,0.582861,43102.7,320.43
1609,13180928,4.50883,0.000992849,0.641812,42925.1,320.62
1610,13189120,4.29972,0.000992837,0.60227,37976.5,320.836
1611,13197312,4.46384,0.000992824,0.614832,36146.9,321.063
1612,13205504,4.40207,0.000992811,0.578927,42536.8,321.255
1613,13213696,4.42833,0.000992798,0.641644,42949.8,321.446
1614,13221888,4.41452,0.000992785,0.658623,42243.3,321.64
1615,13230080,4.40252,0.000992772,0.609133,38840.8,321.851
1616,13238272,4.45029,0.000992759,0.612798,39065.8,322.061
1617,13246464,4.41972,0.000992746,0.641839,41856.3,322.256
1618,13254656,4.23232,0.000992733,0.629064,42939.8,322.447
1619,13262848,4.45368,0.00099272,0.661732,42592.2,322.639
1620,13271040,4.60481,0.000992707,0.613345,40452.7,322.842
1621,13279232,4.27373,0.000992694,0.636051,37563,323.06
1622,13287424,4.32307,0.000992681,0.621385,42274.1,323.254
1623,13295616,4.29921,0.000992668,0.637715,43155,323.444
1624,13303808,4.41857,0.000992655,0.605719,42708.7,323.635
1625,13312000,4.46045,0.000992642,0.648081,41877.8,323.831
1626,13320192,4.22805,0.000992629,0.612513,43828.7,324.018
1627,13328384,4.32524,0.000992616,0.653219,43759.5,324.205
1628,13336576,4.534,0.000992603,0.633163,43772.4,324.392
1629,13344768,4.33197,0.00099259,0.657233,43469.3,324.581
1630,13352960,4.52513,0.000992577,0.643561,37581.3,324.799
1631,13361152,4.41695,0.000992563,0.620898,34185.8,325.038
1632,13369344,4.41811,0.00099255,0.629523,42771.6,325.23
1633,13377536,4.46861,0.000992537,0.662547,43126.7,325.42
1634,13385728,4.41225,0.000992524,0.660222,42980.7,325.61
1635,13393920,4.57566,0.000992511,0.642708,38337.6,325.824
1636,13402112,4.27177,0.000992498,0.637828,37539.5,326.042
1637,13410304,4.36824,0.000992485,0.640373,41815.9,326.238
1638,13418496,4.47333,0.000992471,0.637626,42823.2,326.43
1639,13426688,4.51331,0.000992458,0.60105,42594.7,326.622
1640,13434880,4.35047,0.000992445,0.6569,39278.7,326.83
1641,13443072,4.4569,0.000992432,0.662883,36011,327.058
1642,13451264,4.42591,0.000992418,0.667438,41985.9,327.253
1643,13459456,4.3442,0.000992405,0.621475,42880.4,327.444
1644,13467648,4.50121,0.000992392,0.612831,42599.1,327.636
1645,13475840,4.32202,0.000992379,0.612969,41124.3,327.836
1646,13484032,4.27132,0.000992365,0.572651,39503.6,328.043
1647,13492224,4.36135,0.000992352,0.648012,41105,328.242
1648,13500416,4.30197,0.000992339,0.632239,43247.4,328.432
1649,13508608,4.2862,0.000992325,0.60508,43266.1,328.621
1650,13516800,4.51678,0.000992312,0.658294,41956.5,328.816
1651,13524992,4.26919,0.000992299,0.598729,40101.9,329.021
1652,13533184,4.27484,0.000992285,0.602613,43490.1,329.209
1653,13541376,4.45476,0.000992272,0.627557,43035.6,329.399
1654,13549568,4.47641,0.000992259,0.603635,42893.9,329.59
1655,13557760,4.45589,0.000992245,0.66294,35280,329.822
1656,13565952,4.42161,0.000992232,0.627946,38491.5,330.035
1657,13574144,4.2324,0.000992218,0.640706,42492,330.228
1658,13582336,4.33233,0.000992205,0.600418,42958,330.419
1659,13590528,4.34627,0.000992191,0.632071,41749.1,330.615
1660,13598720,4.28671,0.000992178,0.627556,37179.7,330.835
1661,13606912,4.50915,0.000992165,0.627272,37083,331.056
1662,13615104,4.43855,0.000992151,0.591842,42414.4,331.249
1663,13623296,4.17983,0.000992138,0.595222,42775.8,331.441
1664,13631488,4.54931,0.000992124,0.636126,41767,331.637
1665,13639680,4.34101,0.000992111,0.619424,38073.8,331.852
1666,13647872,4.33235,0.000992097,0.611616,39421.7,332.06
1667,13656064,4.44923,0.000992084,0.605412,41647.1,332.257
1668,13664256,4.48296,0.00099207,0.606855,42953.6,332.447
1669,13672448,4.53987,0.000992056,0.643692,41472.3,332.645
1670,13680640,4.37671,0.000992043,0.609904,39110.7,332.854
1671,13688832,4.40974,0.000992029,0.607765,37594,333.072
1672,13697024,4.50797,0.000992016,0.612916,42340.2,333.266
1673,13705216,4.37909,0.000992002,0.621194,43018.4,333.456
1674,13713408,4.4145,0.000991988,0.645422,42176.1,333.65
1675,13721600,4.42449,0.000991975,0.664502,40609.4,333.852
1676,13729792,4.44153,0.000991961,0.602191,43741.5,334.039
1677,13737984,4.44622,0.000991948,0.608147,42913.5,334.23
1678,13746176,4.36829,0.000991934,0.640704,43167.7,334.42
1679,13754368,4.27143,0.00099192,0.623247,43050.6,334.61
1680,13762560,4.28383,0.000991907,0.663006,35922.2,334.838
1681,13770752,4.27362,0.000991893,0.63786,36841,335.061
1682,13778944,4.40777,0.000991879,0.613393,43147.5,335.251
1683,13787136,4.50558,0.000991865,0.600371,42901.7,335.442
1684,13795328,4.33298,0.000991852,0.60801,42266.3,335.635
1685,13803520,4.47843,0.000991838,0.62134,37363.2,335.855
1686,13811712,4.44905,0.000991824,0.616058,39790.3,336.061
1687,13819904,4.42286,0.00099181,0.647111,42657.4,336.253
1688,13828096,4.45911,0.000991797,0.635458,42616.4,336.445
1689,13836288,4.58445,0.000991783,0.600122,41582.7,336.642
1690,13844480,4.42217,0.000991769,0.593838,38241.2,336.856
1691,13852672,4.30547,0.000991755,0.645328,37756.2,337.073
1692,13860864,4.50515,0.000991741,0.629755,42675.7,337.265
1693,13869056,4.38013,0.000991728,0.593581,42919.7,337.456
1694,13877248,4.27588,0.000991714,0.598811,42106.8,337.65
1695,13885440,4.3013,0.0009917,0.607318,40424.3,337.853
1696,13893632,4.31103,0.000991686,0.625934,40240.7,338.057
1697,13901824,4.29047,0.000991672,0.594991,42328.5,338.25
1698,13910016,4.45859,0.000991658,0.599919,43329.4,338.439
1699,13918208,4.31014,0.000991644,0.680204,42151.4,338.634
1700,13926400,4.26806,0.00099163,0.631223,41006,338.833
1701,13934592,4.39049,0.000991617,0.641562,40799,339.034
1702,13942784,4.45431,0.000991603,0.61803,44229.4,339.219
1703,13950976,4.41475,0.000991589,0.629686,44161.6,339.405
1704,13959168,4.36851,0.000991575,0.646871,43763.8,339.592
1705,13967360,4.48082,0.000991561,0.64458,37795.1,339.809
1706,13975552,4.41004,0.000991547,0.621636,37028.6,340.03
1707,13983744,4.14966,0.000991533,0.767916,42425,340.223
1708,13991936,4.37146,0.000991519,0.604983,43158.5,340.413
1709,14000128,4.34062,0.000991505,0.605401,43137.4,340.603
1710,14008320,4.30937,0.000991491,0.614594,39269.1,340.811
1711,14016512,4.42775,0.000991477,0.630617,35882.7,341.04
1712,14024704,4.43113,0.000991463,0.623248,42400.3,341.233
1713,14032896,4.51194,0.000991449,0.633457,42918.5,341.424
1714,14041088,4.35637,0.000991435,0.684388,43133.7,341.614
1715,14049280,4.33613,0.00099142,0.596078,39937.1,341.819
1716,14057472,4.5114,0.000991406,0.663641,38318.1,342.033
1717,14065664,4.36107,0.000991392,0.624833,41232.1,342.231
1718,14073856,4.45101,0.000991378,0.917455,42430.8,342.424
1719,14082048,4.31236,0.000991364,0.738882,42795.5,342.616
1720,14090240,4.189,0.00099135,0.678219,40502.8,342.818
1721,14098432,4.24416,0.000991336,0.664213,35887.9,343.046
1722,14106624,4.43455,0.000991322,0.651434,41979,343.242
1723,14114816,4.3285,0.000991307,0.633608,42752.2,343.433
1724,14123008,4.28818,0.000991293,0.646287,43010.6,343.624
1725,14131200,4.21326,0.000991279,0.631163,41388.8,343.822
1726,14139392,4.17755,0.000991265,0.590033,43641.2,344.009
1727,14147584,4.21367,0.000991251,0.644312,44472.7,344.193
1728,14155776,4.485,0.000991236,0.616547,44955.8,344.376
1729,14163968,4.47552,0.000991222,0.583855,45007.4,344.558
1730,14172160,4.20901,0.000991208,0.605889,37035.6,344.779
1731,14180352,4.35593,0.000991194,0.620923,34341.2,345.017
1732,14188544,4.36575,0.000991179,0.605821,43181.2,345.207
1733,14196736,4.294,0.000991165,0.597854,43011,345.398
1734,14204928,4.32738,0.000991151,0.591977,42864.9,345.589
1735,14213120,4.15396,0.000991136,0.600898,37423.6,345.808
1736,14221312,4.47444,0.000991122,0.639105,37938.9,346.024
1737,14229504,4.41539,0.000991108,0.626039,42392.2,346.217
1738,14237696,4.39627,0.000991093,0.649437,42911.4,346.408
1739,14245888,4.16928,0.000991079,0.635336,42164.9,346.602
1740,14254080,4.26645,0.000991065,0.587054,38866.1,346.813
1741,14262272,4.18529,0.00099105,0.616396,36544.6,347.037
1742,14270464,4.40313,0.000991036,0.624758,42652.4,347.229
1743,14278656,4.19924,0.000991021,0.586241,43264.4,347.418
1744,14286848,4.28857,0.000991007,0.627951,41913.7,347.614
1745,14295040,4.44489,0.000990993,0.648648,39541.5,347.821
1746,14303232,4.40688,0.000990978,0.594129,39434,348.029
1747,14311424,4.43003,0.000990964,0.671585,42473.3,348.222
1748,14319616,4.34057,0.000990949,0.633281,43312.7,348.411
1749,14327808,4.23686,0.000990935,0.595097,42767.1,348.602
1750,14336000,4.33969,0.00099092,0.617873,40804.8,348.803
1751,14344192,4.2653,0.000990906,0.588289,40496.1,349.005
1752,14352384,4.31895,0.000990891,0.593566,43813.4,349.192
1753,14360576,4.23095,0.000990877,0.620484,43620.7,349.38
1754,14368768,4.4254,0.000990862,0.612044,43362.5,349.569
1755,14376960,4.28622,0.000990848,0.642595,36852.9,349.791
1756,14385152,4.42518,0.000990833,0.611607,38312.2,350.005
1757,14393344,4.26917,0.000990819,0.661011,42779.6,350.197
1758,14401536,4.49074,0.000990804,0.627262,43139.3,350.387
1759,14409728,4.47053,0.000990789,0.627234,42244.2,350.58
1760,14417920,4.21623,0.000990775,0.643319,37895.5,350.797
1761,14426112,4.41583,0.00099076,0.61242,37036.5,351.018
1762,14434304,4.27625,0.000990746,0.592309,42377.8,351.211
1763,14442496,4.16977,0.000990731,0.610126,42760.2,351.403
1764,14450688,4.32155,0.000990716,0.604751,41665,351.599
1765,14458880,4.37166,0.000990702,0.62964,38777,351.811
1766,14467072,4.16861,0.000990687,0.610925,39514.1,352.018
1767,14475264,4.40358,0.000990672,0.596525,41848.1,352.214
1768,14483456,4.17989,0.000990658,0.634878,42769.4,352.405
1769,14491648,4.52249,0.000990643,0.628666,41709.8,352.602
1770,14499840,4.34401,0.000990628,0.611557,39067.4,352.811
1771,14508032,4.29453,0.000990613,0.601782,37640.1,353.029
1772,14516224,4.43781,0.000990599,0.595432,42167.1,353.223
1773,14524416,4.37996,0.000990584,0.671006,43647.6,353.411
1774,14532608,4.34116,0.000990569,0.621579,42462.7,353.604
1775,14540800,4.23876,0.000990554,0.604131,41707,353.8
1776,14548992,4.31319,0.00099054,0.623675,43591.6,353.988
1777,14557184,4.25492,0.000990525,0.605643,43311.6,354.177
1778,14565376,4.34114,0.00099051,0.650765,43606.4,354.365
1779,14573568,4.32524,0.000990495,0.618411,43392.2,354.554
1780,14581760,4.09068,0.00099048,0.595306,36042.9,354.781
1781,14589952,4.24362,0.000990466,0.630357,36519.7,355.006
1782,14598144,4.37378,0.000990451,0.64147,43065.5,355.196
1783,14606336,4.44189,0.000990436,0.633632,43131.3,355.386
1784,14614528,4.2788,0.000990421,0.63452,42182.7,355.58
1785,14622720,4.05594,0.000990406,0.659712,37526.7,355.798
1786,14630912,4.35901,0.000990391,0.650044,39151.2,356.007
1787,14639104,4.34494,0.000990376,0.610712,42139.5,356.202
1788,14647296,4.2989,0.000990361,0.596338,42971.5,356.392
1789,14655488,4.41359,0.000990346,0.634726,41510.3,356.59
1790,14663680,4.35878,0.000990332,0.63905,38256.3,356.804
1791,14671872,4.34237,0.000990317,0.639825,37119.1,357.025
1792,14680064,4.06889,0.000990302,0.626854,42626.3,357.217
1793,14688256,4.38625,0.000990287,0.649383,42809.4,357.408
1794,14696448,4.35578,0.000990272,0.642776,41860.6,357.604
1795,14704640,4.25892,0.000990257,0.61979,38939.2,357.814
1796,14712832,4.34807,0.000990242,0.595643,40691.2,358.016
1797,14721024,4.38312,0.000990227,0.631716,41932.4,358.211
1798,14729216,4.43405,0.000990212,0.612006,43229.5,358.4
1799,14737408,4.29119,0.000990197,0.595341,42822.4,358.592
1800,14745600,4.50074,0.000990181,0.699599,40578.5,358.794
1801,14753792,4.48623,0.000990166,0.610429,40203.9,358.997
1802,14761984,4.29641,0.000990151,0.577754,43447.7,359.186
1803,14770176,4.29677,0.000990136,0.598983,42744.3,359.378
1804,14778368,4.4821,0.000990121,0.61106,42810,359.569
1805,14786560,4.40208,0.000990106,0.651784,36608.5,359.793
1806,14794752,4.4243,0.000990091,0.60319,36951.7,360.014
1807,14802944,4.38357,0.000990076,0.625608,42326.5,360.208
1808,14811136,4.40073,0.000990061,0.604911,42685.8,360.4
1809,14819328,4.19746,0.000990045,0.620988,42336.3,360.593
1810,14827520,4.45906,0.00099003,0.620623,37162.4,360.814
1811,14835712,4.07074,0.000990015,0.621717,36343.2,361.039
1812,14843904,4.33622,0.00099,0.600809,42562.6,361.232
1813,14852096,4.40393,0.000989985,0.643552,42672.6,361.424
1814,14860288,4.21699,0.00098997,0.663515,41879,361.619
1815,14868480,4.36245,0.000989954,0.611195,38009.2,361.835
1816,14876672,4.24962,0.000989939,0.611078,39174.4,362.044
1817,14884864,4.20473,0.000989924,0.603578,42212,362.238
1818,14893056,4.27051,0.000989909,0.631911,42652,362.43
1819,14901248,4.31571,0.000989893,0.61414,42269.6,362.624
1820,14909440,4.45315,0.000989878,0.63299,39660.2,362.83
1821,14917632,4.46681,0.000989863,0.649433,37173.6,363.051
1822,14925824,4.33468,0.000989847,0.630775,42465.6,363.244
1823,14934016,4.43652,0.000989832,0.622579,42775.4,363.435
1824,14942208,4.35756,0.000989817,0.625921,42333.8,363.629
1825,14950400,4.27574,0.000989801,0.65102,40112.4,363.833
1826,14958592,4.34081,0.000989786,0.588906,42767.5,364.024
1827,14966784,4.26649,0.000989771,0.625385,42789.7,364.216
1828,14974976,4.41669,0.000989755,0.631843,42827.1,364.407
1829,14983168,4.28546,0.00098974,0.61745,42570.5,364.6
1830,14991360,4.28959,0.000989724,0.60529,35468.9,364.831
1831,14999552,4.10853,0.000989709,0.628244,34594,365.067
1832,15007744,4.443,0.000989694,0.597416,42315.7,365.261
1833,15015936,4.32584,0.000989678,0.623297,42503.4,365.454
1834,15024128,4.27251,0.000989663,0.603894,41984.7,365.649
1835,15032320,4.4427,0.000989647,0.630687,37056.8,365.87
1836,15040512,4.23303,0.000989632,0.612252,38299.5,366.084
1837,15048704,4.44196,0.000989616,0.62598,41738.5,366.28
1838,15056896,4.31288,0.000989601,0.624221,42491.7,366.473
1839,15065088,4.42146,0.000989585,0.614417,41840.7,366.669
1840,15073280,4.47827,0.00098957,0.627242,38247.5,366.883
1841,15081472,4.3543,0.000989554,0.643155,37221.5,367.103
1842,15089664,4.25856,0.000989539,0.624739,42445.3,367.296
1843,15097856,4.36899,0.000989523,0.665356,42618.8,367.488
1844,15106048,4.33894,0.000989508,0.609366,41981.7,367.683
1845,15114240,4.35261,0.000989492,0.632031,39360,367.891
1846,15122432,4.27269,0.000989477,0.622079,40032.1,368.096
1847,15130624,4.28405,0.000989461,0.625113,42036.5,368.291
1848,15138816,4.46168,0.000989445,0.61257,42616.5,368.483
1849,15147008,4.44511,0.00098943,0.636793,42633.6,368.675
1850,15155200,4.29537,0.000989414,0.599426,41003.1,368.875
1851,15163392,4.31443,0.000989398,0.601853,39970.6,369.08
1852,15171584,4.37884,0.000989383,0.650189,43336.8,369.269
1853,15179776,4.26546,0.000989367,0.62966,43017.6,369.46
1854,15187968,4.30449,0.000989352,0.673097,43057.5,369.65
1855,15196160,4.37926,0.000989336,0.630742,35491.4,369.881
1856,15204352,4.40898,0.00098932,0.618006,38421.4,370.094
1857,15212544,4.35106,0.000989304,0.662241,42317.2,370.287
1858,15220736,4.21186,0.000989289,0.606385,42906.8,370.478
1859,15228928,4.3053,0.000989273,0.620776,41746.4,370.675
1860,15237120,4.44226,0.000989257,0.649374,37188.2,370.895
1861,15245312,4.4462,0.000989241,0.625599,36686.6,371.118
1862,15253504,4.2769,0.000989226,0.627415,42585.8,371.31
1863,15261696,4.59956,0.00098921,0.636999,42499.6,371.503
1864,15269888,4.30389,0.000989194,0.623254,41198.4,371.702
1865,15278080,4.18513,0.000989178,0.633189,37624.4,371.92
1866,15286272,4.32939,0.000989163,0.581578,39259.9,372.128
1867,15294464,4.21875,0.000989147,0.667659,42448.3,372.321
1868,15302656,4.20871,0.000989131,0.663121,42601.2,372.514
1869,15310848,4.21661,0.000989115,0.642509,41440.2,372.711
1870,15319040,4.36477,0.000989099,0.647401,39133.5,372.921
1871,15327232,4.29608,0.000989083,0.624841,37771.7,373.138
1872,15335424,4.13767,0.000989067,0.625226,42807.6,373.329
1873,15343616,4.28242,0.000989052,0.60615,43055.5,373.519
1874,15351808,4.18916,0.000989036,0.601327,42323.9,373.713
1875,15360000,4.3878,0.00098902,0.605413,40641.5,373.914
1876,15368192,4.26904,0.000989004,0.620647,43174.7,374.104
1877,15376384,4.32774,0.000988988,0.631986,43239.7,374.294
1878,15384576,4.25234,0.000988972,0.609299,43066,374.484
1879,15392768,4.24377,0.000988956,0.622729,42827.7,374.675
1880,15400960,4.43401,0.00098894,0.614276,35924.2,374.903
1881,15409152,4.2538,0.000988924,0.635804,36516,375.127
1882,15417344,4.37769,0.000988908,0.62775,43286.4,375.317
1883,15425536,4.48695,0.000988892,0.655468,43116.7,375.507
1884,15433728,4.42238,0.000988876,0.63912,41791.5,375.703
1885,15441920,4.32085,0.00098886,0.621712,37116.4,375.923
1886,15450112,4.41731,0.000988844,0.773724,38730.8,376.135
1887,15458304,4.04954,0.000988828,0.703462,42233.9,376.329
1888,15466496,4.15347,0.000988812,0.632528,42761.6,376.521
1889,15474688,4.35307,0.000988796,0.615768,42238.5,376.714
1890,15482880,4.33142,0.00098878,0.645194,38776.4,376.926
1891,15491072,4.2167,0.000988764,0.611963,37224.5,377.146
1892,15499264,4.44269,0.000988748,0.641617,42476.5,377.339
1893,15507456,4.48238,0.000988731,0.667869,42968.5,377.529
1894,15515648,4.19111,0.000988715,0.627897,42499.5,377.722
1895,15523840,4.26054,0.000988699,0.642239,40032.9,377.927
1896,15532032,4.4764,0.000988683,0.622755,40006.9,378.131
1897,15540224,4.21474,0.000988667,0.623438,41719,378.328
1898,15548416,4.29758,0.000988651,0.63966,42786.2,378.519
1899,15556608,4.36898,0.000988634,0.606691,42724.8,378.711
1900,15564800,4.2109,0.000988618,0.644696,41270.6,378.91
1901,15572992,4.25521,0.000988602,0.616643,40434.9,379.112
1902,15581184,4.38204,0.000988586,0.659822,43736.9,379.299
1903,15589376,4.40691,0.00098857,0.635488,43559.4,379.487
1904,15597568,4.4636,0.000988553,0.612546,43361.6,379.676
1905,15605760,4.38105,0.000988537,0.640472,36328.1,379.902
1906,15613952,4.16958,0.000988521,0.620207,37500.5,380.12
1907,15622144,4.17255,0.000988505,0.602193,42812.1,380.312
1908,15630336,4.25395,0.000988488,0.623541,43066.7,380.502
1909,15638528,4.28104,0.000988472,0.58027,42427.9,380.695
1910,15646720,4.32607,0.000988456,0.702758,37490.9,380.913
1911,15654912,4.47435,0.000988439,0.60871,35820.4,381.142
1912,15663104,4.30108,0.000988423,0.635051,42498,381.335
1913,15671296,4.48428,0.000988407,0.620733,42811.2,381.526
1914,15679488,4.32103,0.00098839,0.664708,41810.7,381.722
1915,15687680,4.1587,0.000988374,0.619879,38158.6,381.937
1916,15695872,4.23651,0.000988358,0.675286,38619,382.149
1917,15704064,4.4175,0.000988341,0.611108,42040.5,382.344
1918,15712256,4.2555,0.000988325,0.637485,43071.1,382.534
1919,15720448,4.28666,0.000988308,0.626105,41984.8,382.729
1920,15728640,4.27378,0.000988292,0.621747,40023.2,382.934
1921,15736832,4.26074,0.000988275,0.637311,37209.9,383.154
1922,15745024,4.35077,0.000988259,0.622734,42038.1,383.349
1923,15753216,4.21036,0.000988243,0.62809,43307.7,383.538
1924,15761408,4.24494,0.000988226,0.639665,42418.1,383.731
1925,15769600,4.35173,0.00098821,0.627981,40640.1,383.933
1926,15777792,4.22787,0.000988193,0.650953,42821.9,384.124
1927,15785984,4.33457,0.000988177,0.623835,43526.6,384.312
1928,15794176,4.41882,0.00098816,0.667647,43580.5,384.5
1929,15802368,4.40165,0.000988144,0.620214,43452.1,384.689
1930,15810560,4.09661,0.000988127,0.600686,37499.9,384.907
1931,15818752,4.36226,0.000988111,0.625283,35424.6,385.139
1932,15826944,4.34671,0.000988094,0.621934,43238.3,385.328
1933,15835136,4.22102,0.000988077,0.644988,43179.7,385.518
1934,15843328,4.31197,0.000988061,0.673296,42624.2,385.71
1935,15851520,4.44969,0.000988044,0.625389,37936.6,385.926
1936,15859712,4.02799,0.000988028,0.622424,38229.4,386.14
1937,15867904,4.25144,0.000988011,0.631983,42471.8,386.333
1938,15876096,4.27197,0.000987994,0.643153,42767.5,386.525
1939,15884288,4.35661,0.000987978,0.61725,42675.4,386.716
1940,15892480,4.2021,0.000987961,0.605232,38314.1,386.93
1941,15900672,4.42197,0.000987944,0.63823,37063.8,387.151
1942,15908864,4.30354,0.000987928,0.615246,42260.4,387.345
1943,15917056,4.44477,0.000987911,0.627806,42784.8,387.537
1944,15925248,4.43114,0.000987894,0.628317,42561,387.729
1945,15933440,4.26887,0.000987878,0.634478,39517.1,387.936
1946,15941632,4.08423,0.000987861,0.623832,39827.7,388.142
1947,15949824,4.28621,0.000987844,0.674917,42322.8,388.336
1948,15958016,4.28492,0.000987827,0.659758,43159.3,388.525
1949,15966208,4.28078,0.000987811,0.783841,42921.3,388.716
1950,15974400,4.4563,0.000987794,0.597647,41108.8,388.916
1951,15982592,4.18376,0.000987777,0.636391,40505.6,389.118
1952,15990784,4.20167,0.00098776,1.24765,43648.9,389.306
1953,15998976,4.38062,0.000987744,0.667265,43574.5,389.494
1954,16007168,4.10202,0.000987727,0.616654,43474.8,389.682
1955,16015360,4.39248,0.00098771,0.60912,36209.1,389.908
1956,16023552,4.51561,0.000987693,0.657057,38451,390.121
1957,16031744,4.23258,0.000987676,0.637344,42943.6,390.312
1958,16039936,4.33455,0.000987659,0.623408,43150.5,390.502
1959,16048128,4.29206,0.000987643,0.629213,42613.4,390.694
1960,16056320,4.36765,0.000987626,0.612401,37833,390.911
1961,16064512,4.26947,0.000987609,0.691068,36416.4,391.136
1962,16072704,4.26291,0.000987592,0.62597,42688.9,391.327
1963,16080896,4.34915,0.000987575,0.639353,43063.7,391.518
1964,16089088,4.24719,0.000987558,0.691811,41804.2,391.714
1965,16097280,4.27024,0.000987541,0.60998,38591,391.926
1966,16105472,4.33795,0.000987524,0.589579,39463.8,392.134
1967,16113664,4.07403,0.000987507,0.606274,42116,392.328
1968,16121856,4.33177,0.00098749,0.631091,43030.1,392.518
1969,16130048,4.25731,0.000987473,0.632803,42123.5,392.713
1970,16138240,4.40132,0.000987456,0.660379,39479.7,392.92
1971,16146432,4.24917,0.000987439,0.607849,37660.8,393.138
1972,16154624,4.30775,0.000987422,0.609779,42425.3,393.331
1973,16162816,4.38492,0.000987405,0.608109,43248.6,393.52
1974,16171008,4.20272,0.000987388,0.622999,42592.3,393.713
1975,16179200,4.30667,0.000987371,0.630286,41001.8,393.913
1976,16187392,4.31735,0.000987354,0.655535,42198.6,394.107
1977,16195584,4.31631,0.000987337,0.617434,42651.7,394.299
1978,16203776,4.38289,0.00098732,0.625428,43394.8,394.488
1979,16211968,4.13181,0.000987303,0.640894,43197.1,394.677
1980,16220160,4.21795,0.000987286,0.661194,35964.9,394.905
1981,16228352,4.16,0.000987269,0.668176,35349.2,395.137
1982,16236544,4.18885,0.000987251,0.621062,42766.4,395.328
1983,16244736,4.15734,0.000987234,0.645584,43364,395.517
1984,16252928,4.27101,0.000987217,0.605775,43100,395.707
1985,16261120,4.28514,0.0009872,0.631901,38617.8,395.919
1986,16269312,4.18167,0.000987183,0.628778,37459.3,396.138
1987,16277504,4.42,0.000987166,0.780917,41623.9,396.335
1988,16285696,4.31185,0.000987148,0.6522,42941.2,396.526
1989,16293888,4.28267,0.000987131,0.629625,43077.2,396.716
1990,16302080,4.23304,0.000987114,0.614593,39120.4,396.925
1991,16310272,4.39566,0.000987097,0.623891,36158,397.152
1992,16318464,4.36776,0.00098708,0.609404,41062,397.351
1993,16326656,4.10111,0.000987062,0.636087,42789.8,397.543
1994,16334848,4.22653,0.000987045,0.606379,42693.2,397.735
1995,16343040,4.48111,0.000987028,0.639116,40485.7,397.937
1996,16351232,4.29622,0.00098701,0.624992,39309.5,398.145
1997,16359424,4.32458,0.000986993,0.792515,41524,398.343
1998,16367616,4.14847,0.000986976,0.588361,43090.8,398.533
1999,16375808,4.38338,0.000986958,0.649397,42430.1,398.726
2000,16384000,4.37238,0.000986941,0.630789,41468.5,398.923
2001,16392192,4.22704,0.000986924,0.610743,39704.8,399.13
2002,16400384,4.41018,0.000986906,0.621565,42619.5,399.322
2003,16408576,4.07881,0.000986889,0.584792,42587.2,399.514
2004,16416768,3.9693,0.000986872,0.624724,42415.3,399.707
2005,16424960,4.27057,0.000986854,0.618892,35275.4,399.94
2006,16433152,4.17031,0.000986837,0.61784,38590.6,400.152
2007,16441344,4.4253,0.00098682,0.645289,42466.1,400.345
2008,16449536,4.01741,0.000986802,0.620323,42632.3,400.537
2009,16457728,4.2092,0.000986785,0.63798,42200.8,400.731
2010,16465920,4.27874,0.000986767,0.599237,37866.3,400.947
2011,16474112,4.14582,0.00098675,0.60765,37344.8,401.167
2012,16482304,4.51612,0.000986732,0.631498,42555.4,401.359
2013,16490496,4.01832,0.000986715,0.590815,42761.9,401.551
2014,16498688,4.42022,0.000986697,0.651119,42115.7,401.745
2015,16506880,4.22246,0.00098668,0.627829,38763.7,401.957
2016,16515072,4.42787,0.000986662,0.644393,39475.6,402.164
2017,16523264,4.15503,0.000986645,0.642813,41871.3,402.36
2018,16531456,4.36247,0.000986627,0.613327,42359.8,402.553
2019,16539648,4.19889,0.00098661,0.59879,42025.1,402.748
2020,16547840,4.25987,0.000986592,0.614138,39605,402.955
2021,16556032,4.19562,0.000986575,0.62748,37349.2,403.174
2022,16564224,4.36424,0.000986557,0.627274,42536.3,403.367
2023,16572416,4.26047,0.000986539,0.635401,42925.1,403.558
2024,16580608,4.20056,0.000986522,0.610482,42824.2,403.749
2025,16588800,4.27451,0.000986504,0.602252,41110.5,403.948
2026,16596992,4.39832,0.000986487,0.61979,43362.8,404.137
2027,16605184,4.36381,0.000986469,0.595986,43665.6,404.325
2028,16613376,4.25394,0.000986451,0.609703,43652.2,404.513
2029,16621568,4.35367,0.000986434,0.63491,43531,404.701
2030,16629760,4.24802,0.000986416,0.603439,36589.7,404.925
2031,16637952,4.11277,0.000986398,0.589154,35444.3,405.156
2032,16646144,4.41137,0.000986381,0.631784,43055.2,405.346
2033,16654336,4.27881,0.000986363,0.618752,43178.4,405.536
2034,16662528,4.34943,0.000986345,0.606446,42458.2,405.729
2035,16670720,4.30104,0.000986327,0.609577,37532,405.947
2036,16678912,4.36673,0.00098631,0.653202,37741,406.164
2037,16687104,4.32332,0.000986292,0.631214,42325.9,406.358
2038,16695296,4.37359,0.000986274,0.635723,42580.9,406.55
2039,16703488,4.29671,0.000986256,0.64133,42161.8,406.744
2040,16711680,4.49717,0.000986239,0.632355,38372.8,406.958
2041,16719872,4.21895,0.000986221,0.635146,36997.4,407.179
2042,16728064,4.2261,0.000986203,0.608303,42979.9,407.37
2043,16736256,4.42828,0.000986185,0.610667,42472,407.563
2044,16744448,4.23397,0.000986167,0.660914,42804.3,407.754
2045,16752640,4.31631,0.000986149,0.629753,39422.2,407.962
2046,16760832,4.00094,0.000986132,0.602636,39080.7,408.171
2047,16769024,4.34668,0.000986114,0.659019,41804.2,408.367
2048,16777216,4.36584,0.000986096,0.631913,42872.9,408.558
2049,16785408,4.26616,0.000986078,0.669522,42805.1,408.75
2050,16793600,4.26175,0.00098606,0.62047,41429.7,408.948
2051,16801792,4.13336,0.000986042,0.602429,39504.1,409.155
2052,16809984,4.2564,0.000986024,0.628539,43118.5,409.345
2053,16818176,4.22369,0.000986006,0.627731,42921.6,409.536
2054,16826368,4.18674,0.000985988,0.60832,42351.8,409.729
2055,16834560,4.16988,0.00098597,0.603739,35500.9,409.96
2056,16842752,4.40701,0.000985952,0.667348,37809.1,410.177
2057,16850944,4.27143,0.000985934,0.612508,42423.4,410.37
2058,16859136,4.31259,0.000985916,0.622395,42826.9,410.561
2059,16867328,4.24307,0.000985898,0.631846,42008.6,410.756
2060,16875520,4.33024,0.00098588,0.662068,37477.3,410.975
2061,16883712,4.15895,0.000985862,0.643855,37054.7,411.196
2062,16891904,4.15984,0.000985844,0.577794,42665.8,411.388
2063,16900096,4.29172,0.000985826,0.621791,42946.4,411.578
2064,16908288,4.43337,0.000985808,0.6473,41207.7,411.777
2065,16916480,4.12553,0.00098579,0.605941,38362.2,411.991
2066,16924672,3.97665,0.000985772,0.616347,39595.6,412.198
2067,16932864,4.11308,0.000985754,0.6307,42212.1,412.392
2068,16941056,4.18579,0.000985736,0.590197,42715.8,412.584
2069,16949248,4.34231,0.000985718,0.642579,41080.5,412.783
2070,16957440,4.27544,0.0009857,0.679254,39182.3,412.992
2071,16965632,4.25636,0.000985682,0.658093,37811.7,413.209
2072,16973824,4.33643,0.000985663,0.58292,42116.1,413.403
2073,16982016,4.33232,0.000985645,0.609154,43228.3,413.593
2074,16990208,4.18256,0.000985627,0.649762,42238,413.787
2075,16998400,4.16225,0.000985609,0.608823,40760.9,413.988
2076,17006592,4.17638,0.000985591,0.647486,42336.5,414.181
2077,17014784,4.23874,0.000985573,0.619563,43053.6,414.371
2078,17022976,4.21843,0.000985554,0.602336,43203.2,414.561
2079,17031168,4.31212,0.000985536,0.667569,43134.5,414.751
2080,17039360,4.21876,0.000985518,0.630293,35856.5,414.979
2081,17047552,4.18617,0.0009855,0.617555,36533.9,415.204
2082,17055744,4.33024,0.000985481,0.637995,43292.5,415.393
2083,17063936,4.26351,0.000985463,0.64106,43159.2,415.583
2084,17072128,4.41515,0.000985445,0.694482,41653.5,415.779
2085,17080320,4.13202,0.000985426,0.613012,36850.3,416.002
2086,17088512,4.13109,0.000985408,0.61703,38794.9,416.213
2087,17096704,4.17597,0.00098539,0.635211,41927.5,416.408
2088,17104896,4.20125,0.000985372,0.635863,42813.2,416.6
2089,17113088,4.34342,0.000985353,0.644164,41681.7,416.796
2090,17121280,4.32058,0.000985335,0.62572,38071.4,417.011
2091,17129472,4.39788,0.000985316,0.640874,36854.7,417.234
2092,17137664,4.39997,0.000985298,0.616059,42805.9,417.425
2093,17145856,4.26274,0.00098528,0.607703,42953.3,417.616
2094,17154048,4.42321,0.000985261,0.62961,42225.1,417.81
2095,17162240,4.20661,0.000985243,0.619282,40256.3,418.013
2096,17170432,4.55597,0.000985224,0.66229,39568.7,418.22
2097,17178624,4.33895,0.000985206,0.636039,42186.3,418.414
2098,17186816,4.31009,0.000985188,0.599442,43091.8,418.604
2099,17195008,4.07992,0.000985169,0.64219,42598.9,418.797
2100,17203200,4.19403,0.000985151,0.641643,41206.2,418.996
2101,17211392,4.34467,0.000985132,0.641007,41094.2,419.195
2102,17219584,4.30476,0.000985114,0.606356,44208.7,419.38
2103,17227776,4.25886,0.000985095,0.610681,44028.7,419.566
2104,17235968,4.29848,0.000985077,0.6771,43771.1,419.753
2105,17244160,4.12891,0.000985058,0.624106,37093.9,419.974
2106,17252352,4.12311,0.00098504,0.616625,37962.1,420.19
2107,17260544,4.39073,0.000985021,0.638301,42892,420.381
2108,17268736,4.26987,0.000985003,0.614,43510.2,420.569
2109,17276928,4.2553,0.000984984,0.649111,43148.9,420.759
2110,17285120,4.38448,0.000984965,0.634311,38288.3,420.973
2111,17293312,4.26759,0.000984947,0.654705,36433.7,421.198
2112,17301504,4.25596,0.000984928,0.61743,42194.4,421.392
2113,17309696,4.1752,0.00098491,0.659847,43115.8,421.582
2114,17317888,4.34852,0.000984891,0.672875,42670.4,421.774
2115,17326080,4.34853,0.000984872,0.636708,39217.1,421.983
2116,17334272,4.21689,0.000984854,0.629184,38596.2,422.195
2117,17342464,4.29219,0.000984835,0.613716,41514.9,422.393
2118,17350656,4.07979,0.000984816,0.621717,43017.4,422.583
2119,17358848,4.19992,0.000984798,0.617079,42571.6,422.775
2120,17367040,4.24388,0.000984779,0.603033,40421,422.978
2121,17375232,4.1266,0.00098476,0.616685,37017.9,423.199
2122,17383424,4.11326,0.000984742,0.598768,42230.2,423.393
2123,17391616,4.1856,0.000984723,0.615708,42995,423.584
2124,17399808,4.22318,0.000984704,0.629608,42994.1,423.774
2125,17408000,4.3301,0.000984685,0.598219,41346.5,423.973
2126,17416192,4.38437,0.000984667,0.649832,42672.8,424.165
2127,17424384,4.36034,0.000984648,0.629384,42937.4,424.355
2128,17432576,4.23086,0.000984629,0.648894,42856.6,424.547
2129,17440768,4.16653,0.00098461,0.623689,42742.8,424.738
2130,17448960,4.31542,0.000984591,0.647531,36112.6,424.965
2131,17457152,4.21651,0.000984573,0.700413,35713.6,425.194
2132,17465344,4.27082,0.000984554,0.617202,42909.6,425.385
2133,17473536,4.26516,0.000984535,0.607686,43052.3,425.576
2134,17481728,4.2467,0.000984516,0.621081,42111.9,425.77
2135,17489920,4.20844,0.000984497,0.59976,37483.6,425.989
2136,17498112,4.35823,0.000984478,0.662958,38629.8,426.201
2137,17506304,4.37837,0.00098446,0.61973,42244.6,426.395
2138,17514496,4.35845,0.000984441,0.62818,42814.7,426.586
2139,17522688,4.32423,0.000984422,0.651528,41916,426.781
2140,17530880,4.30582,0.000984403,0.612816,38584.4,426.994
2141,17539072,4.40054,0.000984384,0.637731,36577,427.218
2142,17547264,4.25518,0.000984365,0.594304,42670.8,427.41
2143,17555456,4.24683,0.000984346,0.636693,43026.4,427.6
2144,17563648,4.26998,0.000984327,0.655603,42289.1,427.794
2145,17571840,4.25091,0.000984308,0.616225,40131.6,427.998
2146,17580032,4.30428,0.000984289,0.702382,39584.5,428.205
2147,17588224,4.20488,0.00098427,0.633183,41912.1,428.4
2148,17596416,4.36347,0.000984251,0.613491,43134.4,428.59
2149,17604608,4.30238,0.000984232,0.627519,42476,428.783
2150,17612800,4.16234,0.000984213,0.633863,40974.1,428.983
2151,17620992,4.05708,0.000984194,0.639663,40046.5,429.188
2152,17629184,4.30933,0.000984175,0.610552,43423.5,429.376
2153,17637376,4.28205,0.000984156,0.622275,42870.8,429.567
2154,17645568,4.17824,0.000984137,0.680783,42796.5,429.759
2155,17653760,4.41952,0.000984118,0.66383,35891,429.987
2156,17661952,4.13009,0.000984099,0.631626,38243.4,430.201
2157,17670144,4.22329,0.00098408,0.629903,42544,430.394
2158,17678336,4.2989,0.00098406,0.627851,42835.3,430.585
2159,17686528,4.20614,0.000984041,0.658994,42007.5,430.78
2160,17694720,4.25209,0.000984022,0.643448,37606.9,430.998
2161,17702912,4.1797,0.000984003,0.608997,36938.1,431.22
2162,17711104,4.3265,0.000983984,0.685814,42829.5,431.411
2163,17719296,4.35144,0.000983965,0.63182,42663.2,431.603
2164,17727488,4.28042,0.000983945,0.580259,41959.5,431.798
2165,17735680,4.30858,0.000983926,0.633591,38452.6,432.011
2166,17743872,4.24618,0.000983907,0.613275,39756.3,432.217
2167,17752064,4.23161,0.000983888,0.622077,42361.4,432.411
2168,17760256,4.2444,0.000983869,0.636794,42593.7,432.603
2169,17768448,4.25831,0.000983849,0.645191,41396.7,432.801
2170,17776640,4.20919,0.00098383,0.631448,39817.2,433.007
2171,17784832,4.3368,0.000983811,0.6419,37909.3,433.223
2172,17793024,4.29074,0.000983792,0.611722,42838.7,433.414
2173,17801216,4.24885,0.000983772,0.615119,42778.9,433.605
2174,17809408,4.09651,0.000983753,0.607585,42565.3,433.798
2175,17817600,4.17652,0.000983734,0.61556,40890.9,433.998
2176,17825792,4.26124,0.000983714,0.675022,43583.9,434.186
2177,17833984,4.10435,0.000983695,0.638786,43571.3,434.374
2178,17842176,4.27221,0.000983676,0.654065,43103.5,434.564
2179,17850368,4.2494,0.000983656,0.641488,43329,434.753
2180,17858560,4.24483,0.000983637,0.623373,35984.1,434.981
2181,17866752,4.35293,0.000983618,0.644765,36596.9,435.205
2182,17874944,4.17573,0.000983598,0.621374,42959.1,435.395
2183,17883136,4.23771,0.000983579,0.639721,42862.4,435.587
2184,17891328,4.13208,0.000983559,0.613297,42501.2,435.779
2185,17899520,4.32386,0.00098354,0.675344,37509.2,435.998
2186,17907712,4.23024,0.00098352,0.682984,39509.2,436.205
2187,17915904,4.12865,0.000983501,0.642848,42623.1,436.397
2188,17924096,4.04569,0.000983482,0.631538,42547.5,436.59
2189,17932288,4.15976,0.000983462,0.61705,42015.6,436.785
2190,17940480,4.21333,0.000983443,0.669914,38878.2,436.996
2191,17948672,4.18542,0.000983423,0.652327,37280.1,437.215
2192,17956864,4.16965,0.000983404,0.635411,42470.4,437.408
2193,17965056,4.37035,0.000983384,0.613824,43243.7,437.598
2194,17973248,4.31752,0.000983365,0.619309,42530.9,437.79
2195,17981440,4.27195,0.000983345,0.624759,39793.4,437.996
2196,17989632,4.2996,0.000983326,0.616575,39237.5,438.205
2197,17997824,4.37757,0.000983306,0.618148,41965.3,438.4
2198,18006016,4.41756,0.000983286,0.615508,42859.5,438.591
2199,18014208,4.35226,0.000983267,0.633525,43506.3,438.779
2200,18022400,3.94991,0.000983247,0.62523,41420.5,438.977
2201,18030592,4.12985,0.000983228,0.631299,38821.7,439.188
2202,18038784,4.20978,0.000983208,0.620334,43207.2,439.378
2203,18046976,4.26766,0.000983188,0.616932,42736.8,439.57
2204,18055168,3.91718,0.000983169,0.611513,42568.1,439.762
2205,18063360,4.07977,0.000983149,0.633666,34806.6,439.997
2206,18071552,4.24286,0.000983129,0.653611,37913.7,440.213
2207,18079744,3.97758,0.00098311,0.594789,42504.3,440.406
2208,18087936,4.49559,0.00098309,0.719943,42766,440.598
2209,18096128,4.26024,0.00098307,0.655134,41907.4,440.793
2210,18104320,4.05898,0.000983051,0.647249,36978.2,441.015
2211,18112512,4.17842,0.000983031,0.676457,36758.6,441.238
2212,18120704,4.24169,0.000983011,0.583179,42642.8,441.43
2213,18128896,4.30913,0.000982992,0.641556,42800.7,441.621
2214,18137088,4.13804,0.000982972,0.648734,41446.4,441.819
2215,18145280,4.13735,0.000982952,0.626179,38016.9,442.034
2216,18153472,4.20778,0.000982932,0.696204,38520.4,442.247
2217,18161664,4.09022,0.000982912,0.631249,42269.4,442.441
2218,18169856,4.23278,0.000982893,0.599569,42701.2,442.633
2219,18178048,4.3355,0.000982873,0.645412,41822.7,442.828
2220,18186240,4.30694,0.000982853,0.624712,39456.4,443.036
2221,18194432,4.33346,0.000982833,0.655689,37437.4,443.255
2222,18202624,4.17936,0.000982813,0.616112,42232.2,443.449
2223,18210816,4.1445,0.000982794,0.611949,43114.3,443.639
2224,18219008,4.0452,0.000982774,0.615532,41702.1,443.835
2225,18227200,4.00192,0.000982754,0.612528,40104.5,444.04
2226,18235392,4.3225,0.000982734,0.626336,42453.4,444.233
2227,18243584,4.37204,0.000982714,0.634064,42936.4,444.423
2228,18251776,4.17861,0.000982694,0.631046,43133.5,444.613
2229,18259968,4.34371,0.000982674,0.603777,44111.6,444.799
2230,18268160,4.07077,0.000982654,0.684491,36466.4,445.024
2231,18276352,4.01856,0.000982634,0.605724,36193.3,445.25
2232,18284544,4.34772,0.000982614,0.636763,43551,445.438
2233,18292736,4.13182,0.000982594,0.583297,42889.1,445.629
2234,18300928,4.25251,0.000982574,0.643161,42150.3,445.823
2235,18309120,4.27463,0.000982554,0.624321,37435.7,446.042
2236,18317312,4.19699,0.000982534,0.629367,39105.5,446.252
2237,18325504,4.09311,0.000982514,0.649778,42240,446.446
2238,18333696,4.16649,0.000982494,0.624662,42690.3,446.638
2239,18341888,4.14726,0.000982474,0.648905,41795.8,446.834
2240,18350080,4.25,0.000982454,0.631596,38239.3,447.048
2241,18358272,4.38654,0.000982434,0.643032,37399.8,447.267
2242,18366464,4.23256,0.000982414,0.621543,42671.4,447.459
2243,18374656,4.23388,0.000982394,0.62291,42700.9,447.651
2244,18382848,4.09444,0.000982374,0.671736,41880.3,447.846
2245,18391040,4.17785,0.000982354,0.600431,39726.6,448.052
2246,18399232,4.21835,0.000982334,0.619328,39955.1,448.257
2247,18407424,3.99241,0.000982314,0.602406,42241.8,448.451
2248,18415616,4.21809,0.000982294,0.612142,43317.1,448.641
2249,18423808,4.22992,0.000982273,0.605949,42296.1,448.834
2250,18432000,4.14771,0.000982253,0.59763,40943.8,449.034
2251,18440192,4.19266,0.000982233,0.609128,40140.1,449.238
2252,18448384,4.16029,0.000982213,0.621006,43583.9,449.426
2253,18456576,4.23383,0.000982193,0.634558,43351.9,449.615
2254,18464768,4.20522,0.000982173,0.643589,43403.3,449.804
2255,18472960,3.95963,0.000982152,0.625894,37795.4,450.021
2256,18481152,4.19272,0.000982132,0.618065,36800.6,450.243
2257,18489344,4.06436,0.000982112,0.628236,42471.7,450.436
2258,18497536,4.22223,0.000982092,0.67661,42923.6,450.627
2259,18505728,4.1819,0.000982071,0.640676,43171.6,450.817
2260,18513920,4.19355,0.000982051,0.62013,39129.4,451.026
2261,18522112,4.17327,0.000982031,0.59414,35892.2,451.254
2262,18530304,4.17445,0.000982011,0.609184,42598.7,451.447
2263,18538496,4.37461,0.00098199,0.678774,42833.8,451.638
2264,18546688,4.33578,0.00098197,0.635331,42592,451.83
2265,18554880,4.02836,0.00098195,0.609819,39662.2,452.037
2266,18563072,4.25723,0.000981929,0.602807,39372.6,452.245
2267,18571264,4.28458,0.000981909,0.629897,41465.5,452.443
2268,18579456,4.11817,0.000981889,0.629014,42800.2,452.634
2269,18587648,4.20726,0.000981868,0.618314,42178,452.828
2270,18595840,4.20433,0.000981848,0.633146,40237,453.032
2271,18604032,4.35022,0.000981828,0.670139,37310,453.251
2272,18612224,4.33683,0.000981807,0.603418,41934.7,453.447
2273,18620416,4.14242,0.000981787,0.62951,43356.9,453.636
2274,18628608,4.24218,0.000981766,0.618391,42531.5,453.828
2275,18636800,4.28911,0.000981746,0.634716,41385.5,454.026
2276,18644992,4.17771,0.000981725,0.632833,43836.8,454.213
2277,18653184,4.16756,0.000981705,0.657636,43216.1,454.403
2278,18661376,3.92502,0.000981684,0.613768,43159.4,454.592
2279,18669568,4.13269,0.000981664,0.615236,42846.2,454.784
2280,18677760,4.17864,0.000981643,0.632189,35849.2,455.012
2281,18685952,4.31899,0.000981623,0.631658,35673,455.242
2282,18694144,4.29338,0.000981602,0.627463,42685.4,455.434
2283,18702336,4.26466,0.000981582,0.615894,42916.1,455.625
2284,18710528,4.325,0.000981561,0.618203,42090.8,455.819
2285,18718720,4.22224,0.000981541,0.661828,37261.7,456.039
2286,18726912,4.282,0.00098152,0.637576,38848.3,456.25
2287,18735104,4.2748,0.0009815,0.621496,41896.3,456.445
2288,18743296,4.29835,0.000981479,0.65893,42875.2,456.636
2289,18751488,4.30025,0.000981459,0.66394,41842.3,456.832
2290,18759680,3.85138,0.000981438,0.66688,38353.7,457.046
2291,18767872,4.15045,0.000981417,0.599434,37419.5,457.265
2292,18776064,4.16966,0.000981397,0.608749,42188.2,457.459
2293,18784256,4.39072,0.000981376,0.665544,42613.6,457.651
2294,18792448,4.19523,0.000981355,0.612662,41916.3,457.847
2295,18800640,4.11687,0.000981335,0.622282,38854.2,458.057
2296,18808832,4.11199,0.000981314,0.614521,39877.4,458.263
2297,18817024,4.23921,0.000981293,0.624156,42392.9,458.456
2298,18825216,4.26535,0.000981273,0.641281,42582.3,458.649
2299,18833408,4.02034,0.000981252,0.627236,42061.1,458.843
2300,18841600,4.22298,0.000981231,0.638516,40387.3,459.046
2301,18849792,4.23987,0.000981211,0.617634,40297.9,459.249
2302,18857984,4.15589,0.00098119,0.660515,43198.3,459.439
2303,18866176,4.1958,0.000981169,0.662847,43405,459.628
2304,18874368,4.25976,0.000981148,0.683906,43026.3,459.818
2305,18882560,4.15505,0.000981128,0.657491,36182.5,460.045
2306,18890752,4.15203,0.000981107,0.591635,37425.5,460.263
2307,18898944,4.32703,0.000981086,0.631284,42485.6,460.456
2308,18907136,4.10689,0.000981065,0.609432,42985.3,460.647
2309,18915328,4.06723,0.000981044,0.643329,42639.4,460.839
2310,18923520,4.10924,0.000981024,0.635238,37815.9,461.056
2311,18931712,4.10646,0.000981003,0.630912,36468.1,461.28
2312,18939904,4.24054,0.000980982,0.599192,42393.8,461.473
2313,18948096,4.25668,0.000980961,0.646783,42890.7,461.664
2314,18956288,4.08725,0.00098094,0.631172,41679.3,461.861
2315,18964480,4.26091,0.000980919,0.589926,38385.9,462.074
2316,18972672,4.31726,0.000980898,0.634696,38892.8,462.285
2317,18980864,4.25466,0.000980878,0.632719,41379.9,462.483
2318,18989056,4.23526,0.000980857,0.61094,42022.3,462.678
2319,18997248,4.26094,0.000980836,0.670632,42074.4,462.873
2320,19005440,4.35178,0.000980815,0.615408,40259.7,463.076
2321,19013632,4.17441,0.000980794,0.615975,37447.1,463.295
2322,19021824,4.20696,0.000980773,0.627599,41671.2,463.492
2323,19030016,4.2265,0.000980752,0.649783,42859.1,463.683
2324,19038208,4.28822,0.000980731,0.614592,42373.2,463.876
2325,19046400,4.0729,0.00098071,0.616007,40825.4,464.077
2326,19054592,4.32029,0.000980689,0.634127,42231,464.271
2327,19062784,4.14118,0.000980668,0.660422,42592.9,464.463
2328,19070976,4.35603,0.000980647,0.612617,42932.9,464.654
2329,19079168,4.20471,0.000980626,0.624599,42410,464.847
2330,19087360,4.24508,0.000980605,0.633379,35333.4,465.079
2331,19095552,4.09466,0.000980584,0.656626,35852.4,465.307
2332,19103744,4.34225,0.000980563,0.666795,42803.7,465.499
2333,19111936,4.03884,0.000980542,0.604259,42874.9,465.69
2334,19120128,4.08261,0.00098052,0.605078,41387.1,465.888
2335,19128320,4.15741,0.000980499,0.623343,36818.3,466.11
2336,19136512,4.14868,0.000980478,0.624891,39408.4,466.318
2337,19144704,4.2517,0.000980457,0.632789,42327.5,466.512
2338,19152896,4.36639,0.000980436,0.629977,42951.2,466.702
2339,19161088,4.24944,0.000980415,0.613681,40735.5,466.903
2340,19169280,4.1993,0.000980394,0.630493,38195,467.118
2341,19177472,4.1873,0.000980372,0.648231,37711.3,467.335
2342,19185664,4.08952,0.000980351,0.582207,42711.9,467.527
2343,19193856,4.01052,0.00098033,0.617981,42877.4,467.718
2344,19202048,4.30706,0.000980309,0.615718,41447.4,467.916
2345,19210240,4.12812,0.000980288,0.627868,39500.3,468.123
2346,19218432,4.25998,0.000980266,0.661225,39968.5,468.328
2347,19226624,4.21776,0.000980245,0.644118,42282.7,468.522
2348,19234816,4.40669,0.000980224,0.63123,43422.2,468.71
2349,19243008,4.1352,0.000980203,0.626927,43101.1,468.9
2350,19251200,4.3874,0.000980181,0.634667,41040.3,469.1
2351,19259392,4.09694,0.00098016,0.642565,41154.9,469.299
2352,19267584,4.27691,0.000980139,0.647536,43649.8,469.487
2353,19275776,4.14807,0.000980118,0.606819,43690.2,469.674
2354,19283968,4.11451,0.000980096,0.604341,43698.7,469.862
2355,19292160,4.20351,0.000980075,0.657631,36535.3,470.086
2356,19300352,4.20551,0.000980054,0.662194,39135.8,470.295
2357,19308544,4.171,0.000980032,0.637869,43060.8,470.486
2358,19316736,4.2796,0.000980011,0.643472,43499.6,470.674
2359,19324928,4.21251,0.000979989,0.60888,42788.8,470.865
2360,19333120,4.11526,0.000979968,0.633973,37837.1,471.082
2361,19341312,4.20768,0.000979947,0.628569,37028.1,471.303
2362,19349504,3.97873,0.000979925,0.610148,42654.4,471.495
2363,19357696,4.12021,0.000979904,0.59998,43028.1,471.685
2364,19365888,4.07122,0.000979882,0.632025,42335.7,471.879
2365,19374080,4.38098,0.000979861,0.659587,38450.5,472.092
2366,19382272,4.09621,0.00097984,0.620178,39454,472.3
2367,19390464,4.13783,0.000979818,0.615054,41962.9,472.495
2368,19398656,4.23026,0.000979797,0.667084,42895.9,472.686
2369,19406848,4.11888,0.000979775,0.611385,42716.4,472.878
2370,19415040,4.06914,0.000979754,0.592921,39503.9,473.085
2371,19423232,4.24998,0.000979732,0.61844,37771.2,473.302
2372,19431424,4.20186,0.000979711,0.654771,42463.8,473.495
2373,19439616,4.02404,0.000979689,0.622324,42563.4,473.687
2374,19447808,4.14361,0.000979668,0.729646,42863.5,473.878
2375,19456000,4.19209,0.000979646,0.658143,40621.8,474.08
2376,19464192,4.1649,0.000979624,0.64439,42084.3,474.275
2377,19472384,4.27163,0.000979603,0.648806,42646.7,474.467
2378,19480576,4.29666,0.000979581,0.618325,42435.2,474.66
2379,19488768,4.20288,0.00097956,0.608759,42464.9,474.853
2380,19496960,4.25445,0.000979538,0.607142,34700.5,475.089
2381,19505152,4.22097,0.000979516,0.606961,36010.5,475.316
2382,19513344,4.088,0.000979495,0.644744,42734.6,475.508
2383,19521536,4.0478,0.000979473,0.619099,42605.4,475.7
2384,19529728,4.12892,0.000979451,0.624539,41604,475.897
2385,19537920,4.33501,0.00097943,0.656826,36817.6,476.12
2386,19546112,4.28625,0.000979408,0.655,39293.8,476.328
2387,19554304,4.3161,0.000979386,0.656514,42304.8,476.522
2388,19562496,4.17602,0.000979365,0.646948,42349.5,476.715
2389,19570688,4.36489,0.000979343,0.617267,41879.2,476.911
2390,19578880,4.09208,0.000979321,0.638809,37977.2,477.127
2391,19587072,4.04019,0.0009793,0.657145,37450.1,477.345
2392,19595264,4.15606,0.000979278,0.640975,42518.4,477.538
2393,19603456,4.17592,0.000979256,0.687811,42502.3,477.731
2394,19611648,4.32891,0.000979234,0.622515,42080.1,477.925
2395,19619840,4.19604,0.000979213,0.655415,38923.7,478.136
2396,19628032,4.31511,0.000979191,0.660934,40435.6,478.338
2397,19636224,4.21173,0.000979169,0.660654,42567.3,478.531
2398,19644416,3.85364,0.000979147,0.634295,42891.3,478.722
2399,19652608,4.26308,0.000979125,0.636679,42416.7,478.915
2400,19660800,4.08024,0.000979104,0.591012,40367.5,479.118
2401,19668992,4.24697,0.000979082,0.63985,40428.8,479.321
2402,19677184,4.20658,0.00097906,0.643313,43635,479.508
2403,19685376,4.30092,0.000979038,0.643357,42979.2,479.699
2404,19693568,4.06404,0.000979016,0.604788,42871.5,479.89
2405,19701760,4.45698,0.000978994,0.62596,36014.3,480.118
2406,19709952,4.12193,0.000978972,0.613956,37659.8,480.335
2407,19718144,4.20454,0.00097895,0.645539,42526.2,480.528
2408,19726336,4.14491,0.000978928,0.622504,43272.8,480.717
2409,19734528,4.19787,0.000978907,0.693342,42557.9,480.909
2410,19742720,3.9203,0.000978885,0.650862,38033.7,481.125
2411,19750912,4.08289,0.000978863,0.615634,36673.3,481.348
2412,19759104,4.09654,0.000978841,0.632424,42951.6,481.539
2413,19767296,4.14175,0.000978819,0.625376,42963.9,481.73
2414,19775488,4.28671,0.000978797,0.617552,42357.4,481.923
2415,19783680,4.2068,0.000978775,0.642481,38536.3,482.136
2416,19791872,4.14319,0.000978753,0.601733,39508.4,482.343
2417,19800064,4.11115,0.000978731,0.603085,42046.2,482.538
2418,19808256,4.43968,0.000978709,0.649113,43174.4,482.728
2419,19816448,4.23045,0.000978687,0.643248,41940,482.923
2420,19824640,4.18177,0.000978665,0.624269,39441.6,483.131
2421,19832832,4.26177,0.000978643,0.622858,37139.4,483.351
2422,19841024,4.1543,0.00097862,0.643688,42238.5,483.545
2423,19849216,4.05671,0.000978598,0.697386,42816.1,483.736
2424,19857408,3.96614,0.000978576,0.614336,42499.5,483.929
2425,19865600,4.12635,0.000978554,0.604007,40778.1,484.13
2426,19873792,4.25126,0.000978532,0.666129,42850.9,484.321
2427,19881984,4.31112,0.00097851,0.693369,43364.4,484.51
2428,19890176,4.04919,0.000978488,0.613474,43371.7,484.699
2429,19898368,4.30737,0.000978466,0.627205,42772.7,484.891
2430,19906560,4.1774,0.000978443,0.645731,35859.8,485.119
2431,19914752,3.98942,0.000978421,0.611784,34130.9,485.359
2432,19922944,4.26168,0.000978399,0.70012,42733.2,485.551
2433,19931136,4.0671,0.000978377,0.634067,42273.2,485.745
2434,19939328,4.17612,0.000978355,0.604342,42204.4,485.939
2435,19947520,4.27791,0.000978332,0.638763,42454.3,486.132
2436,19955712,3.92078,0.00097831,0.643431,42260.2,486.325
2437,19963904,4.37021,0.000978288,0.66859,34948,486.56
2438,19972096,4.33837,0.000978266,0.623775,39128.1,486.769
2439,19980288,4.24662,0.000978243,0.630393,42241.3,486.963
2440,19988480,4.20296,0.000978221,0.628227,42694.6,487.155
2441,19996672,4.00044,0.000978199,0.621036,39466.6,487.363
2442,20004864,4.33057,0.000978177,0.603402,37486.7,487.581
2443,20013056,4.30376,0.000978154,0.627155,39684.5,487.788
2444,20021248,4.16445,0.000978132,0.634182,42217.3,487.982
2445,20029440,4.19363,0.00097811,0.627174,43160.8,488.171
2446,20037632,3.99698,0.000978087,0.637363,42098.7,488.366
2447,20045824,4.14205,0.000978065,0.614522,39699.2,488.572
2448,20054016,4.21196,0.000978043,0.625491,40562.8,488.774
2449,20062208,4.06315,0.00097802,0.643677,42315.4,488.968
2450,20070400,4.20445,0.000977998,0.59608,43285.5,489.157
2451,20078592,4.1197,0.000977975,0.587941,40733.1,489.358
2452,20086784,3.94673,0.000977953,0.628182,43249.4,489.548
2453,20094976,4.28288,0.000977931,0.617387,42996.8,489.738
2454,20103168,4.20819,0.000977908,0.609298,42955.9,489.929
2455,20111360,4.00658,0.000977886,0.643966,35653.7,490.159
2456,20119552,4.25263,0.000977863,0.631669,36833,490.381
2457,20127744,4.26063,0.000977841,0.628323,42105,490.576
2458,20135936,4.08174,0.000977818,0.611716,42744.8,490.767
2459,20144128,4.16651,0.000977796,0.608408,42460,490.96
2460,20152320,4.00116,0.000977773,0.632434,37252.3,491.18
2461,20160512,4.20144,0.000977751,0.621708,36550.2,491.404
2462,20168704,4.15208,0.000977728,0.600148,42270.1,491.598
2463,20176896,4.27721,0.000977706,0.65565,42526.2,491.791
2464,20185088,4.14717,0.000977683,0.620152,41874.7,491.986
2465,20193280,4.12786,0.000977661,0.642514,38475.5,492.199
2466,20201472,4.08747,0.000977638,0.612954,38566.8,492.412
2467,20209664,4.07919,0.000977616,0.680699,42048.2,492.606
2468,20217856,4.25974,0.000977593,0.62506,42956,492.797
2469,20226048,4.25585,0.00097757,0.634386,42033.9,492.992
2470,20234240,4.11368,0.000977548,0.620831,39693.2,493.198
2471,20242432,4.25472,0.000977525,0.648407,37157.3,493.419
2472,20250624,4.08363,0.000977503,0.635838,42568.4,493.611
2473,20258816,4.39614,0.00097748,0.627259,43040.9,493.802
2474,20267008,4.35843,0.000977457,0.638612,42985.8,493.992
2475,20275200,4.06898,0.000977435,0.609061,41210.9,494.191
2476,20283392,4.29955,0.000977412,0.612869,43124,494.381
2477,20291584,4.24139,0.000977389,0.630778,42897.5,494.572
2478,20299776,4.09946,0.000977366,0.60109,42514.6,494.765
2479,20307968,4.2757,0.000977344,0.619417,42354.4,494.958
2480,20316160,4.31862,0.000977321,0.610398,35299.6,495.19
2481,20324352,4.04633,0.000977298,0.656804,35225.1,495.423
2482,20332544,4.19831,0.000977276,0.667783,42670.8,495.615
2483,20340736,4.21185,0.000977253,0.627737,42219.8,495.809
2484,20348928,4.22207,0.00097723,0.630593,41789.2,496.005
2485,20357120,4.37816,0.000977207,0.615877,36792.2,496.227
2486,20365312,4.20491,0.000977185,0.62343,38854.9,496.438
2487,20373504,4.18934,0.000977162,0.598466,42170.4,496.633
2488,20381696,4.03901,0.000977139,0.627803,42577.1,496.825
2489,20389888,4.29956,0.000977116,0.624138,41829,497.021
2490,20398080,4.11035,0.000977093,0.616889,38168.5,497.235
2491,20406272,4.17998,0.00097707,0.616047,37511.3,497.454
2492,20414464,3.94328,0.000977048,0.657056,42530.3,497.646
2493,20422656,4.36748,0.000977025,0.646216,42822.5,497.838
2494,20430848,4.0524,0.000977002,0.591933,41772.2,498.034
2495,20439040,4.19073,0.000976979,0.630475,39524.1,498.241
2496,20447232,4.32381,0.000976956,0.653756,39858.1,498.447
2497,20455424,4.36234,0.000976933,0.657809,42032,498.641
2498,20463616,4.0613,0.00097691,0.629193,42748.4,498.833
2499,20471808,4.2442,0.000976887,0.618716,42297.8,499.027
2500,20480000,4.1795,0.000976864,0.638389,40764.8,499.228
2501,20488192,4.23343,0.000976841,0.638874,39349.7,499.436
2502,20496384,4.13082,0.000976818,0.661166,42697.9,499.628
2503,20504576,4.29861,0.000976795,0.631478,42536.8,499.82
2504,20512768,4.13574,0.000976772,0.628948,42509.4,500.013
2505,20520960,4.24113,0.000976749,0.614247,34962.4,500.247
2506,20529152,4.07062,0.000976726,0.655125,37446,500.466
2507,20537344,4.11667,0.000976703,0.606534,42060.8,500.661
2508,20545536,4.11277,0.00097668,0.688318,42633.7,500.853
2509,20553728,4.33819,0.000976657,0.623445,41681,501.05
2510,20561920,4.16652,0.000976634,0.623292,37606.6,501.267
2511,20570112,4.06748,0.000976611,0.621272,36407.3,501.492
2512,20578304,3.98023,0.000976588,0.603183,42492.3,501.685
2513,20586496,4.16914,0.000976565,0.616751,42772.1,501.877
2514,20594688,4.05974,0.000976542,0.609475,41704.6,502.073
2515,20602880,4.10921,0.000976519,0.625222,38927.7,502.284
2516,20611072,4.31895,0.000976496,0.62291,38963,502.494
2517,20619264,4.20365,0.000976473,0.581235,41861.3,502.69
2518,20627456,4.2225,0.00097645,0.634112,42681.1,502.882
2519,20635648,4.30523,0.000976426,0.668304,41766.8,503.078
2520,20643840,4.18036,0.000976403,0.611138,40462.2,503.28
2521,20652032,4.02864,0.00097638,0.672992,36857.8,503.502
2522,20660224,4.04657,0.000976357,0.594437,41673.3,503.699
2523,20668416,4.20638,0.000976334,0.632712,42442.1,503.892
2524,20676608,4.17665,0.00097631,0.659885,41700.4,504.088
2525,20684800,4.23549,0.000976287,0.642122,39018.1,504.298
2526,20692992,4.05427,0.000976264,0.621971,40920.9,504.499
2527,20701184,4.09996,0.000976241,0.618658,40602.1,504.7
2528,20709376,4.06795,0.000976217,0.635936,39804.1,504.906
2529,20717568,4.03606,0.000976194,0.632883,39416.5,505.114
2530,20725760,4.26371,0.000976171,0.632197,31601.5,505.373
2531,20733952,4.24458,0.000976148,0.655352,33074.5,505.621
2532,20742144,4.1996,0.000976124,0.625829,40879.5,505.821
2533,20750336,4.17444,0.000976101,0.671587,40792.6,506.022
2534,20758528,4.10822,0.000976078,0.622369,38681.5,506.234
2535,20766720,4.342,0.000976054,0.657523,35317.3,506.466
2536,20774912,4.08135,0.000976031,0.624821,38781.6,506.677
2537,20783104,4.15772,0.000976008,0.613169,41011.6,506.877
2538,20791296,4.16156,0.000975984,0.635814,41777.7,507.073
2539,20799488,4.20995,0.000975961,0.622668,39350.8,507.281
2540,20807680,4.15997,0.000975938,0.663183,37868.9,507.497
2541,20815872,4.23888,0.000975914,0.657627,37925.5,507.713
2542,20824064,4.0433,0.000975891,0.860484,42052.9,507.908
2543,20832256,4.07699,0.000975867,0.592554,42190.4,508.102
2544,20840448,4.07701,0.000975844,0.626346,40681.7,508.304
2545,20848640,4.07812,0.000975821,0.688455,39289.5,508.512
2546,20856832,4.14092,0.000975797,0.654384,40748.4,508.713
2547,20865024,4.19874,0.000975774,0.624426,41673.1,508.91
2548,20873216,4.21223,0.00097575,0.65227,42355.6,509.103
2549,20881408,4.31184,0.000975727,0.636276,41812,509.299
2550,20889600,4.20771,0.000975703,0.622665,40800.6,509.5
2551,20897792,4.33217,0.00097568,0.665405,40794.8,509.701
2552,20905984,4.19424,0.000975656,0.615645,43391.9,509.89
2553,20914176,4.17902,0.000975633,0.618506,43499.8,510.078
2554,20922368,4.16376,0.000975609,0.619725,43248.4,510.267
2555,20930560,4.08333,0.000975586,0.611045,36401.2,510.492
2556,20938752,4.19296,0.000975562,0.626769,38710.1,510.704
2557,20946944,4.21814,0.000975538,0.653348,42687.1,510.896
2558,20955136,4.24896,0.000975515,0.627154,43098,511.086
2559,20963328,4.24315,0.000975491,0.626641,42507,511.279
2560,20971520,4.15467,0.000975468,0.624134,37926.9,511.495
2561,20979712,4.18077,0.000975444,0.633708,37091.9,511.716
2562,20987904,4.15535,0.00097542,0.631572,42494.3,511.908
2563,20996096,4.01081,0.000975397,0.649253,42965.1,512.099
2564,21004288,4.31536,0.000975373,0.648032,41722,512.295
2565,21012480,4.05883,0.000975349,0.621108,38744.2,512.507
2566,21020672,3.86299,0.000975326,0.613335,39599,512.714
2567,21028864,4.14586,0.000975302,0.621322,42273.3,512.907
2568,21037056,4.28854,0.000975278,0.648767,43029.5,513.098
2569,21045248,4.08891,0.000975255,0.627303,42151.9,513.292
2570,21053440,4.09132,0.000975231,0.674741,39792.3,513.498
2571,21061632,4.17343,0.000975207,0.640677,38114.8,513.713
2572,21069824,4.21686,0.000975184,0.638997,42819.6,513.904
2573,21078016,4.25406,0.00097516,0.62023,43016.2,514.095
2574,21086208,4.25194,0.000975136,0.685292,42558.5,514.287
2575,21094400,4.25128,0.000975112,0.624121,40855.6,514.488
2576,21102592,4.19321,0.000975088,0.624941,42978.7,514.678
2577,21110784,4.28822,0.000975065,0.65249,43353.9,514.867
2578,21118976,4.29756,0.000975041,0.646574,43519.3,515.056
2579,21127168,4.20074,0.000975017,0.633756,43299.2,515.245
2580,21135360,4.26641,0.000974993,0.631474,36341.5,515.47
2581,21143552,4.0791,0.000974969,0.626153,35947.7,515.698
2582,21151744,4.27988,0.000974946,0.603611,43946.2,515.884
2583,21159936,4.11253,0.000974922,0.651501,43347.2,516.073
2584,21168128,4.20553,0.000974898,0.621246,42559.3,516.266
2585,21176320,4.24757,0.000974874,0.6336,37982.4,516.482
2586,21184512,4.34857,0.00097485,0.604104,39535,516.689
2587,21192704,4.11719,0.000974826,0.600133,42732.7,516.88
2588,21200896,4.02011,0.000974802,0.670014,43581.3,517.068
2589,21209088,4.02833,0.000974778,0.636645,42217.1,517.263
2590,21217280,4.14809,0.000974754,0.609288,39259.6,517.471
2591,21225472,4.21946,0.00097473,0.60977,37209.4,517.691
2592,21233664,4.22584,0.000974706,0.614036,42942.6,517.882
2593,21241856,4.11132,0.000974682,0.624238,43189.3,518.072
2594,21250048,4.08138,0.000974658,0.622572,42137.9,518.266
2595,21258240,4.16978,0.000974634,0.649617,40300,518.469
2596,21266432,4.06137,0.00097461,0.626537,40132.5,518.674
2597,21274624,4.0348,0.000974586,0.641115,42161.9,518.868
2598,21282816,4.23086,0.000974562,0.623977,43124.5,519.058
2599,21291008,4.02405,0.000974538,0.647903,42817,519.249
2600,21299200,4.19544,0.000974514,0.633568,40794.5,519.45
2601,21307392,4.21644,0.00097449,0.670566,39816.9,519.656
2602,21315584,4.07394,0.000974466,0.719974,43207,519.845
2603,21323776,4.3715,0.000974442,0.681466,42792.5,520.037
2604,21331968,4.07335,0.000974418,0.64331,42830.7,520.228
2605,21340160,4.0243,0.000974394,0.628366,35141.1,520.461
2606,21348352,4.13184,0.00097437,0.646765,37701.9,520.678
2607,21356544,3.94376,0.000974346,0.645461,41787.2,520.874
2608,21364736,4.34136,0.000974322,0.640709,43192.5,521.064
2609,21372928,4.07657,0.000974297,0.635779,42229.6,521.258
2610,21381120,4.18667,0.000974273,0.659436,37471.9,521.477
2611,21389312,3.89724,0.000974249,0.636462,36546.5,521.701
2612,21397504,4.09445,0.000974225,0.65598,42608.2,521.893
2613,21405696,4.16876,0.000974201,0.664723,42775.3,522.085
2614,21413888,3.94895,0.000974177,0.612295,42024.9,522.28
2615,21422080,3.99267,0.000974152,0.641755,38894.2,522.49
2616,21430272,4.2496,0.000974128,0.671071,38799.1,522.701
2617,21438464,4.0814,0.000974104,0.643247,42013.7,522.896
2618,21446656,3.96506,0.00097408,0.646298,42617.3,523.089
2619,21454848,3.98776,0.000974055,0.644273,42272.5,523.282
2620,21463040,4.13806,0.000974031,0.634981,40713.8,523.484
2621,21471232,4.15685,0.000974007,0.648049,37622.5,523.701
2622,21479424,4.33226,0.000973983,0.621818,42327.1,523.895
2623,21487616,4.04394,0.000973958,0.631059,42805.8,524.086
2624,21495808,4.08488,0.000973934,0.645221,42524.9,524.279
2625,21504000,4.21117,0.00097391,0.636069,41490,524.476
2626,21512192,3.85561,0.000973885,0.627418,42915.2,524.667
2627,21520384,4.20504,0.000973861,0.603677,43921.4,524.854
2628,21528576,4.09239,0.000973837,0.640266,43485.5,525.042
2629,21536768,4.12584,0.000973812,0.626499,43387.3,525.231
2630,21544960,4.07046,0.000973788,0.653186,36428,525.456
2631,21553152,4.01577,0.000973763,0.629958,35374.7,525.687
2632,21561344,4.13851,0.000973739,0.653696,42981,525.878
2633,21569536,4.11658,0.000973715,0.606444,43271.6,526.067
2634,21577728,4.12264,0.00097369,0.651944,42824.4,526.259
2635,21585920,4.13275,0.000973666,0.630345,37903,526.475
2636,21594112,3.90884,0.000973641,0.625267,38557.6,526.687
2637,21602304,4.33307,0.000973617,0.709311,42374.3,526.88
2638,21610496,4.13995,0.000973592,0.627274,43173.5,527.07
2639,21618688,4.07038,0.000973568,0.638524,42115.1,527.265
2640,21626880,4.12321,0.000973543,0.650982,38400.2,527.478
2641,21635072,4.0426,0.000973519,0.611945,36940.1,527.7
2642,21643264,4.19789,0.000973494,0.626482,42651.1,527.892
2643,21651456,4.10115,0.00097347,0.654791,42980.3,528.083
2644,21659648,4.22214,0.000973445,0.621818,41930.7,528.278
2645,21667840,4.16695,0.000973421,0.665963,39928.5,528.483
2646,21676032,4.3332,0.000973396,0.656228,39772.5,528.689
2647,21684224,4.25509,0.000973372,0.616372,42609.8,528.881
2648,21692416,4.05978,0.000973347,0.645803,43173.9,529.071
2649,21700608,4.14041,0.000973323,0.637353,42491.3,529.264
2650,21708800,4.02119,0.000973298,0.602121,41363.4,529.462
2651,21716992,4.24191,0.000973273,0.648755,40641.2,529.663
2652,21725184,3.88527,0.000973249,0.621013,43953.3,529.85
2653,21733376,4.18,0.000973224,0.606704,43945.8,530.036
2654,21741568,4.07165,0.0009732,0.622549,43661,530.224
2655,21749760,4.32079,0.000973175,0.636396,37576.4,530.442
2656,21757952,4.28795,0.00097315,0.604599,37301.4,530.661
2657,21766144,3.92579,0.000973126,0.621181,42125.2,530.856
2658,21774336,4.08247,0.000973101,0.735401,43144,531.046
2659,21782528,4.19643,0.000973076,0.639009,43278.4,531.235
2660,21790720,4.0243,0.000973051,0.629787,38326.4,531.449
2661,21798912,4.17968,0.000973027,0.645133,36454.4,531.674
2662,21807104,4.10456,0.000973002,0.651762,42505.3,531.866
2663,21815296,4.05187,0.000972977,0.614894,43028,532.057
2664,21823488,4.18347,0.000972953,0.612896,42324.1,532.25
2665,21831680,4.20541,0.000972928,0.606009,39355.2,532.458
2666,21839872,4.07667,0.000972903,0.638945,39304,532.667
2667,21848064,4.17026,0.000972878,0.632287,42269.9,532.861
2668,21856256,4.22806,0.000972853,0.635859,42980.6,533.051
2669,21864448,4.07963,0.000972829,0.617313,42841,533.242
2670,21872640,4.1925,0.000972804,0.65696,40881.3,533.443
2671,21880832,4.22829,0.000972779,0.616101,37691.8,533.66
2672,21889024,4.2143,0.000972754,0.617034,42856.9,533.851
2673,21897216,4.08723,0.000972729,0.637042,42960.3,534.042
2674,21905408,4.23744,0.000972704,0.615282,43138.7,534.232
2675,21913600,4.20839,0.00097268,0.632278,41869.6,534.428
2676,21921792,3.88679,0.000972655,0.624995,43026.5,534.618
2677,21929984,4.15074,0.00097263,0.627091,43486.3,534.806
2678,21938176,4.07661,0.000972605,0.666628,43303.2,534.996
2679,21946368,4.38181,0.00097258,0.635538,43014.5,535.186
2680,21954560,4.12432,0.000972555,0.668556,36242.5,535.412
2681,21962752,4.21036,0.00097253,0.619914,34909.1,535.647
2682,21970944,4.21112,0.000972505,0.612517,43225.2,535.836
2683,21979136,3.99745,0.00097248,0.603993,43013.5,536.027
2684,21987328,4.02439,0.000972455,0.649171,42548.8,536.219
2685,21995520,4.28352,0.00097243,0.61523,37547.7,536.437
2686,22003712,4.1257,0.000972405,0.686827,38589.9,536.65
2687,22011904,4.08585,0.00097238,0.627627,42290.6,536.843
2688,22020096,4.17576,0.000972355,0.606139,42676.9,537.035
2689,22028288,4.17929,0.00097233,0.634653,41874,537.231
2690,22036480,4.13945,0.000972305,0.621401,38680.9,537.443
2691,22044672,4.20904,0.00097228,0.631888,36594.5,537.667
2692,22052864,4.19059,0.000972255,0.628661,42697.3,537.858
2693,22061056,3.99911,0.00097223,0.656515,42478.6,538.051
2694,22069248,3.99619,0.000972205,0.601749,42380.5,538.245
2695,22077440,4.04287,0.00097218,0.649533,40056,538.449
2696,22085632,4.30365,0.000972155,0.643191,39909.8,538.654
2697,22093824,4.23432,0.00097213,0.657856,42446.8,538.847
2698,22102016,4.06643,0.000972104,0.618392,42691.1,539.039
2699,22110208,4.10385,0.000972079,0.604874,43008.7,539.23
2700,22118400,4.24901,0.000972054,0.646129,41993.4,539.425
2701,22126592,4.14986,0.000972029,0.62717,41047.8,539.624
2702,22134784,4.2327,0.000972004,0.609396,43786.1,539.811
2703,22142976,4.26616,0.000971979,0.615692,43561.6,539.999
2704,22151168,4.21585,0.000971954,0.648146,43576.1,540.187
2705,22159360,4.13379,0.000971928,0.669454,36740.1,540.41
2706,22167552,4.27357,0.000971903,0.639099,38789.8,540.622
2707,22175744,3.94805,0.000971878,0.636609,43250,540.811
2708,22183936,4.23186,0.000971853,0.652477,42923.2,541.002
2709,22192128,4.22842,0.000971827,0.629423,43111.5,541.192
2710,22200320,4.2402,0.000971802,0.636099,38200.5,541.406
2711,22208512,4.18848,0.000971777,0.612317,36319.3,541.632
2712,22216704,4.06657,0.000971752,0.616857,42573.3,541.824
2713,22224896,4.1878,0.000971726,0.622466,42719,542.016
2714,22233088,4.07701,0.000971701,0.594282,42572.1,542.209
2715,22241280,4.30162,0.000971676,0.667906,38725.2,542.42
2716,22249472,4.16256,0.00097165,0.652963,38806.4,542.631
2717,22257664,4.32392,0.000971625,0.655429,42176.6,542.825
2718,22265856,4.30112,0.0009716,0.627215,42695.1,543.017
2719,22274048,4.1414,0.000971574,0.626412,42538.4,543.21
2720,22282240,4.05237,0.000971549,0.678341,40569.2,543.412
2721,22290432,4.02816,0.000971524,0.616906,37028.7,543.633
2722,22298624,3.85148,0.000971498,0.614444,43251.1,543.822
2723,22306816,4.01215,0.000971473,0.658299,44337.3,544.007
2724,22315008,3.91111,0.000971447,0.654205,44309.8,544.192
2725,22323200,4.31056,0.000971422,0.634093,43064.5,544.382
2726,22331392,4.26611,0.000971397,0.64389,42872.3,544.573
2727,22339584,3.95131,0.000971371,0.664359,44640.7,544.757
2728,22347776,4.12622,0.000971346,0.653281,44647.8,544.94
2729,22355968,4.23346,0.00097132,0.624776,44624.4,545.124
2730,22364160,4.02908,0.000971295,0.619061,36771.8,545.347
2731,22372352,4.24543,0.000971269,0.643591,35332.9,545.579
2732,22380544,4.16768,0.000971244,0.632219,43132.5,545.769
2733,22388736,4.14268,0.000971218,0.623103,43305.9,545.958
2734,22396928,4.06914,0.000971193,0.662323,42406.2,546.151
2735,22405120,4.19363,0.000971167,0.726699,38061.9,546.366
2736,22413312,4.1838,0.000971142,0.610548,38544.6,546.579
2737,22421504,4.09483,0.000971116,0.662047,42508,546.771
2738,22429696,4.09953,0.000971091,0.63607,43180.5,546.961
2739,22437888,4.0762,0.000971065,0.620459,42229.5,547.155
2740,22446080,4.35452,0.000971039,0.658749,38969.6,547.365
2741,22454272,4.18617,0.000971014,0.661138,36343,547.591
2742,22462464,4.03895,0.000970988,0.652496,42430.8,547.784
2743,22470656,4.23485,0.000970963,0.659709,43279.5,547.973
2744,22478848,4.16212,0.000970937,0.652387,42182.6,548.167
2745,22487040,4.28928,0.000970911,0.639953,40304.8,548.37
2746,22495232,4.30621,0.000970886,0.667137,39695.4,548.577
2747,22503424,4.06108,0.00097086,0.634114,41998.2,548.772
2748,22511616,4.08303,0.000970834,0.643476,43311.7,548.961
2749,22519808,4.16143,0.000970809,0.645918,42605.9,549.153
2750,22528000,3.99651,0.000970783,0.616949,41083.6,549.353
2751,22536192,4.12143,0.000970757,0.647036,40631.8,549.554
2752,22544384,4.16058,0.000970732,0.638035,43132.8,549.744
2753,22552576,4.16643,0.000970706,0.661587,43013.6,549.935
2754,22560768,4.09019,0.00097068,0.669069,42839.3,550.126
2755,22568960,4.14458,0.000970654,0.618506,35499,550.357
2756,22577152,3.86381,0.000970629,0.6372,38094.2,550.572
2757,22585344,4.20398,0.000970603,0.664838,42240.7,550.766
2758,22593536,4.04996,0.000970577,0.631775,42608,550.958
2759,22601728,4.36367,0.000970551,0.674686,41962,551.153
2760,22609920,4.15712,0.000970525,0.595512,37161.3,551.374
2761,22618112,4.23992,0.0009705,0.637315,37006.3,551.595
2762,22626304,4.10667,0.000970474,0.602862,42471,551.788
2763,22634496,3.97775,0.000970448,0.625916,42758.1,551.979
2764,22642688,4.29692,0.000970422,0.639202,41192,552.178
2765,22650880,4.04522,0.000970396,0.630978,38328.2,552.392
2766,22659072,4.25331,0.00097037,0.604315,39660.3,552.599
2767,22667264,4.0625,0.000970345,0.638095,42271.6,552.792
2768,22675456,4.25633,0.000970319,0.616646,42656.9,552.984
2769,22683648,4.20692,0.000970293,0.661481,41897.1,553.18
2770,22691840,3.91692,0.000970267,0.646408,40072.1,553.384
2771,22700032,4.19204,0.000970241,0.657007,38437.9,553.598
2772,22708224,3.97649,0.000970215,0.595256,42661.7,553.79
2773,22716416,4.03504,0.000970189,0.633229,43319.6,553.979
2774,22724608,4.13271,0.000970163,0.631721,42657.6,554.171
2775,22732800,4.2212,0.000970137,0.647373,41210.2,554.369
2776,22740992,3.99374,0.000970111,0.63232,43204.9,554.559
2777,22749184,4.07885,0.000970085,0.658751,44596.6,554.743
2778,22757376,4.22718,0.000970059,0.64251,45160.4,554.924
2779,22765568,4.05137,0.000970033,0.608615,45222.8,555.105
2780,22773760,4.02629,0.000970007,0.641864,38007.3,555.321
2781,22781952,4.14107,0.000969981,0.626934,35677.5,555.55
2782,22790144,4.23667,0.000969955,0.647854,43231.6,555.74
2783,22798336,4.05855,0.000969929,0.630753,43452.9,555.928
2784,22806528,3.90369,0.000969903,0.599933,43195.1,556.118
2785,22814720,4.21162,0.000969877,0.66964,38314.3,556.332
2786,22822912,4.23798,0.000969851,0.666547,37329.9,556.551
2787,22831104,4.27103,0.000969825,0.61783,42374.6,556.745
2788,22839296,4.3227,0.000969799,0.648969,42862.9,556.936
2789,22847488,4.11031,0.000969773,0.613754,42729.1,557.128
2790,22855680,4.1995,0.000969746,0.620569,39760,557.334
2791,22863872,4.18556,0.00096972,0.637658,36276.8,557.559
2792,22872064,4.04801,0.000969694,0.641943,42441.6,557.752
2793,22880256,4.04991,0.000969668,0.611943,42691.8,557.944
2794,22888448,3.8322,0.000969642,0.592099,42835.2,558.136
2795,22896640,4.18231,0.000969616,0.619118,41201.7,558.334
2796,22904832,4.18178,0.000969589,0.670127,39685.6,558.541
2797,22913024,4.23562,0.000969563,0.648156,41989.6,558.736
2798,22921216,4.06028,0.000969537,0.576425,42771.4,558.927
2799,22929408,4.34217,0.000969511,0.668954,43126.5,559.117
2800,22937600,4.17917,0.000969485,0.658531,41837.1,559.313
2801,22945792,4.02247,0.000969458,0.59029,40837.4,559.514
2802,22953984,4.07025,0.000969432,0.632829,43635.3,559.702
2803,22962176,4.07122,0.000969406,0.645131,43452.3,559.89
2804,22970368,4.11737,0.000969379,0.638181,43252.1,560.079
2805,22978560,4.19683,0.000969353,0.659947,36057.4,560.307
2806,22986752,4.43434,0.000969327,0.675094,38319.8,560.52
2807,22994944,4.20585,0.000969301,0.645938,42713.8,560.712
2808,23003136,4.07998,0.000969274,0.65158,43131,560.902
2809,23011328,4.16579,0.000969248,0.644327,42309.5,561.096
2810,23019520,4.09541,0.000969222,0.612366,37719.2,561.313
2811,23027712,4.00185,0.000969195,0.626139,37124.3,561.534
2812,23035904,4.23691,0.000969169,0.648163,43013.9,561.724
2813,23044096,4.02393,0.000969142,0.611903,42960.7,561.915
2814,23052288,3.99663,0.000969116,0.609424,41727.3,562.111
2815,23060480,4.19626,0.00096909,0.641112,38622.9,562.323
2816,23068672,4.29573,0.000969063,0.629265,39562.6,562.53
2817,23076864,3.98947,0.000969037,0.622734,42778,562.722
2818,23085056,4.30041,0.00096901,0.649508,43032.6,562.912
2819,23093248,4.11687,0.000968984,0.667214,42690.2,563.104
2820,23101440,3.9873,0.000968957,0.63645,40439.7,563.307
2821,23109632,4.09088,0.000968931,0.64589,37985.2,563.522
2822,23117824,4.20446,0.000968905,0.604033,42737.8,563.714
2823,23126016,4.12134,0.000968878,0.657385,43178.6,563.904
2824,23134208,4.04385,0.000968852,0.631716,42746.8,564.095
2825,23142400,3.96893,0.000968825,0.684293,41734.8,564.292
2826,23150592,4.05905,0.000968799,0.648396,43652.1,564.479
2827,23158784,4.0574,0.000968772,0.632228,44949.8,564.662
2828,23166976,4.09265,0.000968745,0.631385,44842.6,564.844
2829,23175168,4.15452,0.000968719,0.655169,44594.6,565.028
2830,23183360,4.02875,0.000968692,0.643337,37444.6,565.247
2831,23191552,4.21235,0.000968666,0.622549,34839.5,565.482
2832,23199744,3.89883,0.000968639,0.607052,42873,565.673
2833,23207936,4.06969,0.000968613,0.630678,43333,565.862
2834,23216128,4.23147,0.000968586,0.629618,43388,566.051
2835,23224320,4.14614,0.000968559,0.679177,38980.4,566.261
2836,23232512,4.20883,0.000968533,0.612384,38263.5,566.475
2837,23240704,4.12819,0.000968506,0.63364,42446.3,566.668
2838,23248896,3.93735,0.000968479,0.621572,43432,566.857
2839,23257088,3.94873,0.000968453,0.609943,43493.3,567.045
2840,23265280,3.94074,0.000968426,0.628601,41296.3,567.243
2841,23273472,3.92653,0.000968399,0.638383,37081.6,567.464
2842,23281664,4.18577,0.000968373,0.637589,42839.4,567.655
2843,23289856,4.29213,0.000968346,0.652865,43110.9,567.845
2844,23298048,4.25242,0.000968319,0.632846,43350.4,568.034
2845,23306240,4.16067,0.000968293,0.638235,42770,568.226
2846,23314432,4.09206,0.000968266,0.641115,40850.3,568.427
2847,23322624,4.08975,0.000968239,0.624368,41808,568.622
2848,23330816,4.13283,0.000968212,0.615593,42848.6,568.814
2849,23339008,3.99772,0.000968186,0.618293,43650,569.001
2850,23347200,3.99669,0.000968159,0.601321,42968.2,569.192
2851,23355392,3.82576,0.000968132,0.63189,40556.1,569.394
2852,23363584,4.02823,0.000968105,0.617178,44062.7,569.58
2853,23371776,4.10888,0.000968078,0.635635,43754.5,569.767
2854,23379968,4.24487,0.000968052,0.665877,43779.4,569.954
2855,23388160,4.04327,0.000968025,0.659323,38193.8,570.169
2856,23396352,4.19669,0.000967998,0.634943,36926.9,570.391
2857,23404544,3.98803,0.000967971,0.634214,42709.8,570.582
2858,23412736,4.00207,0.000967944,0.609496,43235.9,570.772
2859,23420928,4.0488,0.000967917,0.611002,43389.6,570.961
2860,23429120,4.27685,0.00096789,0.643267,38660.6,571.173
2861,23437312,4.17208,0.000967863,0.663607,35237,571.405
2862,23445504,4.02461,0.000967837,0.641632,42834.7,571.596
2863,23453696,4.07819,0.00096781,0.666129,43296.7,571.785
2864,23461888,4.14445,0.000967783,0.62686,42773.9,571.977
2865,23470080,3.93567,0.000967756,0.622314,39890.7,572.182
2866,23478272,3.98565,0.000967729,0.633002,38468,572.395
2867,23486464,4.05423,0.000967702,0.647356,42114.4,572.59
2868,23494656,4.17505,0.000967675,0.613213,42868.1,572.781
2869,23502848,4.17094,0.000967648,0.669858,42788,572.972
2870,23511040,4.02318,0.000967621,0.647217,40808.4,573.173
2871,23519232,3.90884,0.000967594,0.622877,36535.5,573.397
2872,23527424,4.08209,0.000967567,0.631457,42507.6,573.59
2873,23535616,4.04788,0.00096754,0.625626,43052.5,573.78
2874,23543808,4.13911,0.000967513,0.657269,43147.7,573.97
2875,23552000,4.07446,0.000967486,0.661544,41364.4,574.168
2876,23560192,4.22243,0.000967459,0.642271,43254.9,574.358
2877,23568384,4.18418,0.000967432,0.683035,43879.4,574.544
2878,23576576,4.28151,0.000967405,0.655999,43613.1,574.732
2879,23584768,3.98247,0.000967377,0.630994,43661.1,574.92
2880,23592960,4.11137,0.00096735,0.630074,36790.9,575.142
2881,23601152,3.95818,0.000967323,0.622837,36449,575.367
2882,23609344,3.93858,0.000967296,0.643902,43407.4,575.556
2883,23617536,3.98555,0.000967269,0.599724,43440.7,575.745
2884,23625728,4.21021,0.000967242,0.678757,42742.8,575.936
2885,23633920,4.1303,0.000967215,0.658432,37962,576.152
2886,23642112,4.06613,0.000967187,0.613688,39564.7,576.359
2887,23650304,4.23992,0.00096716,0.628601,42717.9,576.551
2888,23658496,4.14785,0.000967133,0.633667,43000.5,576.741
2889,23666688,4.24303,0.000967106,0.622924,42354.7,576.935
2890,23674880,3.9369,0.000967079,0.627931,38919.4,577.145
2891,23683072,4.18512,0.000967051,0.635478,37629.7,577.363
2892,23691264,4.26822,0.000967024,0.667439,42475.4,577.556
2893,23699456,3.87181,0.000966997,0.639857,43051.1,577.746
2894,23707648,4.17198,0.00096697,0.659056,42125.9,577.941
2895,23715840,3.91196,0.000966942,0.661486,39937.9,578.146
2896,23724032,4.10388,0.000966915,0.635471,39996.3,578.35
2897,23732224,4.23093,0.000966888,0.686056,42232.8,578.544
2898,23740416,4.23084,0.000966861,0.64833,43234.4,578.734
2899,23748608,4.0894,0.000966833,0.635987,43096.1,578.924
2900,23756800,4.13937,0.000966806,0.666295,41717.3,579.12
2901,23764992,4.17322,0.000966779,0.661845,40901,579.321
2902,23773184,4.00727,0.000966751,0.620172,43757.9,579.508
2903,23781376,4.02661,0.000966724,0.640632,43610.1,579.696
2904,23789568,4.13547,0.000966697,0.685035,43559.3,579.884
2905,23797760,3.94057,0.000966669,0.627185,36765.5,580.107
2906,23805952,3.9933,0.000966642,0.626963,38343.4,580.32
2907,23814144,4.02508,0.000966614,0.627798,42410.7,580.513
2908,23822336,3.86606,0.000966587,0.65793,43130,580.703
2909,23830528,3.96341,0.00096656,0.619884,42785.5,580.895
2910,23838720,4.20444,0.000966532,0.637595,38231.6,581.109
2911,23846912,3.97401,0.000966505,0.620114,36361.5,581.334
2912,23855104,3.86096,0.000966477,0.597652,42580.9,581.527
2913,23863296,4.0079,0.00096645,0.630305,42918.3,581.718
2914,23871488,4.03777,0.000966422,0.641508,42473,581.911
2915,23879680,4.09801,0.000966395,0.622518,39497.7,582.118
2916,23887872,4.19304,0.000966367,0.619361,39097.6,582.327
2917,23896064,4.13407,0.00096634,0.626758,42140.1,582.522
2918,23904256,4.15425,0.000966312,0.641637,42862.4,582.713
2919,23912448,4.00138,0.000966285,0.596798,42746.5,582.905
2920,23920640,4.18489,0.000966257,0.654792,40779.2,583.105
2921,23928832,4.15288,0.00096623,0.638947,37872.9,583.322
2922,23937024,4.05503,0.000966202,0.633534,42237.3,583.516
2923,23945216,4.05703,0.000966175,0.680129,43064,583.706
2924,23953408,4.09428,0.000966147,0.617221,42832.1,583.897
2925,23961600,4.03636,0.000966119,0.645672,41418,584.095
2926,23969792,4.17818,0.000966092,0.623213,43581.8,584.283
2927,23977984,4.07118,0.000966064,0.649218,43622.7,584.471
2928,23986176,4.26722,0.000966037,0.610758,43635.8,584.659
2929,23994368,4.12297,0.000966009,0.632561,43798.4,584.846
2930,24002560,4.1051,0.000965981,0.687713,36739.5,585.069
2931,24010752,3.95673,0.000965954,0.659577,36362.6,585.294
2932,24018944,4.11819,0.000965926,0.625232,43423.2,585.482
2933,24027136,4.13282,0.000965898,0.611807,43804,585.669
2934,24035328,4.17419,0.000965871,0.615959,42985.1,585.86
2935,24043520,4.11182,0.000965843,0.619183,37948.4,586.076
2936,24051712,4.07682,0.000965815,0.649705,39066.7,586.286
2937,24059904,4.00713,0.000965787,0.616357,42791.4,586.477
2938,24068096,4.12502,0.00096576,0.623918,43321.4,586.666
2939,24076288,4.0063,0.000965732,0.686342,42530.7,586.859
2940,24084480,4.03607,0.000965704,0.648617,39344.5,587.067
2941,24092672,4.41114,0.000965676,0.632156,36824.8,587.289
2942,24100864,4.0584,0.000965649,0.615947,42946.5,587.48
2943,24109056,4.12363,0.000965621,0.624153,43350.8,587.669
2944,24117248,3.93543,0.000965593,0.603223,42423.9,587.862
2945,24125440,4.27275,0.000965565,0.625644,40357.6,588.065
2946,24133632,4.23321,0.000965537,0.659581,40211.8,588.269
2947,24141824,4.07659,0.00096551,0.630393,42483.8,588.462
2948,24150016,4.22562,0.000965482,0.666522,43210.2,588.651
2949,24158208,4.19991,0.000965454,0.616121,42773.2,588.843
2950,24166400,4.1196,0.000965426,0.640101,41391.8,589.041
2951,24174592,3.92869,0.000965398,0.65098,40908.2,589.241
2952,24182784,4.17205,0.00096537,0.600608,43811.5,589.428
2953,24190976,4.23193,0.000965342,0.654234,43594.5,589.616
2954,24199168,4.00139,0.000965314,0.615096,43548.8,589.804
2955,24207360,4.04133,0.000965287,0.664613,37356.4,590.023
2956,24215552,4.17538,0.000965259,0.642544,38227.8,590.238
2957,24223744,4.16625,0.000965231,0.644027,43028.1,590.428
2958,24231936,3.95371,0.000965203,0.656142,42767.6,590.62
2959,24240128,4.13745,0.000965175,0.625975,43078.5,590.81
2960,24248320,4.19208,0.000965147,0.650084,38518.5,591.022
2961,24256512,4.07862,0.000965119,0.630122,35988,591.25
2962,24264704,4.1825,0.000965091,0.659709,43053,591.44
2963,24272896,4.20281,0.000965063,0.641643,43142.3,591.63
2964,24281088,4.03613,0.000965035,0.644023,42314.8,591.824
2965,24289280,4.13527,0.000965007,0.661521,38942.5,592.034
2966,24297472,4.05714,0.000964979,0.641042,38635.6,592.246
2967,24305664,4.24827,0.000964951,0.63305,42052.9,592.441
2968,24313856,4.20041,0.000964923,0.651028,42796.4,592.632
2969,24322048,4.09188,0.000964895,0.668174,42267.8,592.826
2970,24330240,4.08983,0.000964867,0.624412,40233,593.03
2971,24338432,4.28874,0.000964838,0.663908,37715.1,593.247
2972,24346624,3.95795,0.00096481,0.595919,42558.4,593.44
2973,24354816,3.95411,0.000964782,0.613201,43152.3,593.629
2974,24363008,4.24042,0.000964754,0.627985,42632.3,593.822
2975,24371200,4.12879,0.000964726,0.64238,41297,594.02
2976,24379392,4.23146,0.000964698,0.636264,42736.2,594.212
2977,24387584,4.25348,0.00096467,0.659929,43239.7,594.401
2978,24395776,4.14402,0.000964641,0.784668,43441.3,594.59
2979,24403968,4.06889,0.000964613,0.668603,43445.7,594.778
2980,24412160,4.19815,0.000964585,0.613452,36469.6,595.003
2981,24420352,4.16421,0.000964557,0.63755,35979.3,595.231
2982,24428544,4.30541,0.000964529,0.632996,43175,595.42
2983,24436736,4.07249,0.000964501,0.625442,43001.9,595.611
2984,24444928,4.07716,0.000964472,0.658421,42591.4,595.803
2985,24453120,4.00824,0.000964444,0.781051,37523.7,596.021
2986,24461312,4.0545,0.000964416,0.628032,39436.5,596.229
2987,24469504,4.14892,0.000964388,0.638377,42542.2,596.422
2988,24477696,4.05937,0.000964359,0.607718,42826.1,596.613
2989,24485888,4.04189,0.000964331,0.622729,42093.7,596.808
2990,24494080,4.08131,0.000964303,0.616146,37941.3,597.024
2991,24502272,4.20134,0.000964274,0.658566,37218.1,597.244
2992,24510464,3.91293,0.000964246,0.61557,42667.8,597.436
2993,24518656,4.10251,0.000964218,0.633435,42693.7,597.627
2994,24526848,3.88006,0.000964189,0.642157,42207.5,597.822
2995,24535040,4.05797,0.000964161,0.611427,39781.9,598.028
2996,24543232,4.04682,0.000964133,0.6471,39711.1,598.234
2997,24551424,4.01427,0.000964104,0.662637,42222.2,598.428
2998,24559616,4.1338,0.000964076,0.641018,43351.6,598.617
2999,24567808,4.19091,0.000964048,0.624159,42531.1,598.809
3000,24576000,3.8392,0.000964019,0.634263,41393.9,599.007
