step,tokens,loss,lr,grad_norm,tokens_per_s,train_seconds
1,8192,9.75581,2e-06,7.22154,23090.6,0.354777
2,16384,9.76337,4e-06,7.24789,46117.4,0.53241
3,24576,9.73623,6e-06,6.51427,44918.1,0.714786
4,32768,9.71059,8e-06,6.45279,42706.3,0.906608
5,40960,9.6468,1e-05,6.90314,39996.9,1.11142
6,49152,9.59987,1.2e-05,6.06258,37527.9,1.32972
7,57344,9.54655,1.4e-05,5.63333,43662.3,1.51734
8,65536,9.49778,1.6e-05,5.04177,44772.9,1.7003
9,73728,9.48948,1.8e-05,4.35068,43817.6,1.88726
10,81920,9.39882,2e-05,4.06469,41729.8,2.08357
11,90112,9.34731,2.2e-05,3.68473,37792.5,2.30033
12,98304,9.31105,2.4e-05,3.35486,42369.8,2.49368
13,106496,9.26315,2.6e-05,2.99402,43575,2.68168
14,114688,9.22987,2.8e-05,2.73315,43676.6,2.86924
15,122880,9.20958,3e-05,2.44941,42515.5,3.06192
16,131072,9.1609,3.2e-05,2.3812,40642.9,3.26348
17,139264,9.11765,3.4e-05,2.32076,41516.7,3.4608
18,147456,9.09683,3.6e-05,2.20666,43260.4,3.65016
19,155648,9.08951,3.8e-05,2.03352,43957.1,3.83653
20,163840,9.05306,4e-05,1.9707,43312.8,4.02566
21,172032,9.06477,4.2e-05,1.92764,42120.4,4.22015
22,180224,9.05644,4.4e-05,1.879,45675.4,4.39951
23,188416,9.02049,4.6e-05,1.88138,45164.3,4.58089
24,196608,9.00473,4.8e-05,1.80414,44598.4,4.76457
25,204800,8.95804,5e-05,1.88616,44269.7,4.94962
26,212992,8.96974,5.2e-05,1.84344,45784.5,5.12854
27,221184,8.91992,5.4e-05,1.83688,46343.7,5.30531
28,229376,8.93083,5.6e-05,1.77505,46261.4,5.48239
29,237568,8.91436,5.8e-05,1.81935,46033.3,5.66035
30,245760,8.86066,6e-05,1.84472,41447.9,5.858
31,253952,8.84913,6.2e-05,1.78595,35633,6.08789
32,262144,8.85651,6.4e-05,1.73679,44380.2,6.27248
33,270336,8.79986,6.6e-05,1.76375,45367.6,6.45305
34,278528,8.76934,6.8e-05,1.74444,45556.5,6.63287
35,286720,8.77643,7e-05,1.69736,43148.4,6.82273
36,294912,8.74103,7.2e-05,1.7229,38610.3,7.0349
37,303104,8.70148,7.4e-05,1.7534,42340.4,7.22838
38,311296,8.72336,7.6e-05,1.63799,44568.4,7.41219
39,319488,8.64186,7.8e-05,1.72462,45082,7.5939
40,327680,8.61498,8e-05,1.7647,43756.4,7.78112
41,335872,8.61856,8.2e-05,1.71651,42023.3,7.97606
42,344064,8.58005,8.4e-05,1.67008,45240.5,8.15713
43,352256,8.52371,8.6e-05,1.70397,43463.6,8.34561
44,360448,8.48152,8.8e-05,1.69796,43055.5,8.53588
45,368640,8.43388,9e-05,1.74443,43235,8.72536
46,376832,8.42168,9.2e-05,1.75362,43760.6,8.91256
47,385024,8.38349,9.4e-05,1.76465,44338.2,9.09732
48,393216,8.34068,9.6e-05,1.77026,44060.9,9.28324
49,401408,8.2942,9.8e-05,1.70081,43350.5,9.47221
50,409600,8.24647,0.0001,1.71559,43355,9.66116
51,417792,8.21663,0.000102,1.74283,41610,9.85804
52,425984,8.22781,0.000104,1.66403,45939.7,10.0364
53,434176,8.20532,0.000106,1.57469,45745.1,10.2154
54,442368,8.13619,0.000108,1.58273,45481.6,10.3956
55,450560,8.13193,0.00011,1.57609,38721.8,10.6071
56,458752,8.09376,0.000112,1.59442,38227,10.8214
57,466944,8.02946,0.000114,1.58991,43913.9,11.008
58,475136,8.01491,0.000116,1.57574,44972.7,11.1901
59,483328,7.91631,0.000118,1.59949,45249.6,11.3712
60,491520,7.84516,0.00012,1.72215,41916.8,11.5666
61,499712,7.90046,0.000122,1.57831,41703.9,11.763
62,507904,7.88084,0.000124,1.6474,43642,11.9507
63,516096,7.80287,0.000126,1.62274,41860.2,12.1464
64,524288,7.77738,0.000128,1.56666,42035.1,12.3413
65,532480,7.77091,0.00013,1.44562,43043.9,12.5316
66,540672,7.76256,0.000132,1.60919,44003.9,12.7178
67,548864,7.65334,0.000134,1.5091,43578.7,12.9058
68,557056,7.71565,0.000136,1.35871,41970.5,13.101
69,565248,7.64904,0.000138,1.42507,41305.3,13.2993
70,573440,7.66854,0.00014,1.35859,42348.8,13.4927
71,581632,7.54548,0.000142,1.3316,40520.4,13.6949
72,589824,7.62172,0.000144,1.32421,44236.7,13.8801
73,598016,7.53056,0.000146,1.28963,43070.4,14.0703
74,606208,7.521,0.000148,1.23842,42417.3,14.2634
75,614400,7.51269,0.00015,1.24564,42914.8,14.4543
76,622592,7.41496,0.000152,1.23636,44487,14.6385
77,630784,7.41413,0.000154,1.20977,45091.7,14.8201
78,638976,7.39516,0.000156,1.09662,44518.2,15.0041
79,647168,7.2703,0.000158,1.17959,43886.9,15.1908
80,655360,7.27061,0.00016,1.17249,36764.7,15.4136
81,663552,7.27164,0.000162,1.08046,40203.6,15.6174
82,671744,7.26205,0.000164,0.998848,42862.2,15.8085
83,679936,7.24706,0.000166,0.99957,40431.6,16.0111
84,688128,7.23988,0.000168,1.02255,42253.5,16.205
85,696320,7.08904,0.00017,0.93847,43383.8,16.3938
86,704512,7.15192,0.000172,0.921062,43417.9,16.5825
87,712704,7.15981,0.000174,0.839811,42938.7,16.7733
88,720896,7.20082,0.000176,0.790216,42020.1,16.9682
89,729088,7.1216,0.000178,0.821868,42513.7,17.1609
90,737280,7.13278,0.00018,0.754763,44132.1,17.3466
91,745472,7.10823,0.000182,0.753094,41433.6,17.5443
92,753664,7.04985,0.000184,0.682966,44525.8,17.7283
93,761856,7.13466,0.000186,0.632624,43127.9,17.9182
94,770048,7.18385,0.000188,0.718412,43005.9,18.1087
95,778240,7.10252,0.00019,0.70465,44339.4,18.2935
96,786432,6.99708,0.000192,0.760554,44516.5,18.4775
97,794624,7.01836,0.000194,0.58772,44739.9,18.6606
98,802816,6.98858,0.000196,0.647147,44387.2,18.8451
99,811008,6.94126,0.000198,0.634043,43651.8,19.0328
100,819200,6.86797,0.0002,0.656654,43768.3,19.22
101,827392,7.01571,0.000202,0.622606,42554.6,19.4125
102,835584,6.9374,0.000204,0.698721,46243.7,19.5896
103,843776,6.89206,0.000206,0.638871,46265.2,19.7667
104,851968,6.85516,0.000208,0.608986,46194.1,19.944
105,860160,6.94127,0.00021,0.66313,41561.7,20.1411
106,868352,6.86774,0.000212,0.632313,37724,20.3583
107,876544,6.92035,0.000214,0.567979,43817,20.5452
108,884736,6.74753,0.000216,0.766837,45000.1,20.7273
109,892928,6.96361,0.000218,0.692419,45580.2,20.907
110,901120,6.86587,0.00022,0.5802,43503.6,21.0953
111,909312,6.90806,0.000222,0.595181,36689.1,21.3186
112,917504,6.97168,0.000224,0.636454,42583.9,21.511
113,925696,6.89269,0.000226,0.643839,44466.8,21.6952
114,933888,6.89652,0.000228,0.58786,45441.6,21.8755
115,942080,6.85475,0.00023,0.674245,43785.5,22.0626
116,950272,7.07369,0.000232,1.11071,40218.9,22.2663
117,958464,7.00441,0.000234,0.688664,40911.2,22.4665
118,966656,6.64512,0.000236,0.983535,43668.9,22.6541
119,974848,6.71813,0.000238,0.747115,44637.2,22.8376
120,983040,6.76488,0.00024,0.703003,44323,23.0224
121,991232,6.71292,0.000242,0.738994,39298.8,23.2309
122,999424,6.85253,0.000244,0.671407,41461.6,23.4285
123,1007616,6.80712,0.000246,0.648836,42870.7,23.6196
124,1015808,6.84823,0.000248,0.615171,44191.6,23.8049
125,1024000,6.8636,0.00025,0.658878,44829.1,23.9877
126,1032192,6.67034,0.000252,0.685378,44290.5,24.1726
127,1040384,6.71243,0.000254,0.569436,44682.2,24.356
128,1048576,6.74459,0.000256,0.670468,44742.2,24.5391
129,1056768,6.77943,0.000258,0.636261,44799,24.7219
130,1064960,6.63964,0.00026,0.704039,37239.5,24.9419
131,1073152,6.66986,0.000262,0.653531,36214.6,25.1681
132,1081344,6.67174,0.000264,0.703566,44525.1,25.3521
133,1089536,6.80451,0.000266,0.606059,44719.4,25.5353
134,1097728,6.74133,0.000268,1.11772,44954.2,25.7175
135,1105920,6.61796,0.00027,0.686387,40550.7,25.9195
136,1114112,6.66699,0.000272,0.813813,38791.3,26.1307
137,1122304,6.54567,0.000274,0.85564,43215.8,26.3203
138,1130496,6.7036,0.000276,0.651775,45116.4,26.5019
139,1138688,6.64902,0.000278,0.726007,45107.9,26.6835
140,1146880,6.58979,0.00028,0.745285,42673.4,26.8754
141,1155072,6.67782,0.000282,0.705995,36617.8,27.0992
142,1163264,6.56914,0.000284,0.743578,38325.4,27.3129
143,1171456,6.63136,0.000286,0.719564,39883.4,27.5183
144,1179648,6.61335,0.000288,0.699377,42444.4,27.7113
145,1187840,6.69369,0.00029,0.711138,42348.7,27.9047
146,1196032,6.63053,0.000292,0.722853,39856,28.1103
147,1204224,6.73413,0.000294,0.738066,41089.7,28.3097
148,1212416,6.59946,0.000296,0.703787,42546.2,28.5022
149,1220608,6.4414,0.000298,0.819407,42260,28.696
150,1228800,6.57014,0.0003,0.749666,44585.8,28.8798
151,1236992,6.52735,0.000302,0.76187,41047.4,29.0794
152,1245184,6.57044,0.000304,0.782517,43451.6,29.2679
153,1253376,6.48048,0.000306,0.757224,43104.9,29.4579
154,1261568,6.50216,0.000308,0.757314,43299.3,29.6471
155,1269760,6.50319,0.00031,0.822832,36305.7,29.8728
156,1277952,6.45908,0.000312,0.847191,34597.8,30.1095
157,1286144,6.55625,0.000314,0.702516,39167.7,30.3187
158,1294336,6.42678,0.000316,0.837409,38565.9,30.5311
159,1302528,6.47456,0.000318,0.674449,38746.3,30.7425
160,1310720,6.5286,0.00032,0.774552,32741.5,30.9927
161,1318912,6.47793,0.000322,0.752503,33475.4,31.2375
162,1327104,6.56906,0.000324,0.763636,38943.9,31.4478
163,1335296,6.56775,0.000326,0.943187,39846.5,31.6534
164,1343488,6.43816,0.000328,0.799947,36756.3,31.8763
165,1351680,6.41389,0.00033,0.821772,35668.1,32.1059
166,1359872,6.45259,0.000332,0.688157,38180.6,32.3205
167,1368064,6.51575,0.000334,0.693205,41230.8,32.5192
168,1376256,6.42765,0.000336,0.72166,42192.2,32.7134
169,1384448,6.51309,0.000338,0.756661,40485.4,32.9157
170,1392640,6.38247,0.00034,0.770703,39044.6,33.1255
171,1400832,6.50179,0.000342,0.678552,38364.5,33.339
172,1409024,6.41665,0.000344,0.782228,43396.2,33.5278
173,1417216,6.19313,0.000346,0.71819,43130.2,33.7177
174,1425408,6.44831,0.000348,0.824198,42528.2,33.9104
175,1433600,6.35886,0.00035,0.680739,41620.6,34.1072
176,1441792,6.50095,0.000352,0.673289,43380.8,34.296
177,1449984,6.43029,0.000354,0.736381,42902.8,34.487
178,1458176,6.34571,0.000356,0.715884,41967.8,34.6822
179,1466368,6.31414,0.000358,0.866593,41404.5,34.88
180,1474560,6.55575,0.00036,0.754011,32094.9,35.1353
181,1482752,6.47376,0.000362,0.769345,31150.7,35.3983
182,1490944,6.39033,0.000364,0.765865,39371.6,35.6063
183,1499136,6.24566,0.000366,0.780805,40711.6,35.8075
184,1507328,6.31431,0.000368,0.749994,37908.5,36.0236
185,1515520,6.49139,0.00037,0.715754,32600.2,36.2749
186,1523712,6.47751,0.000372,0.789323,36326.2,36.5004
187,1531904,6.54385,0.000374,0.759581,40403,36.7032
188,1540096,6.35239,0.000376,0.830975,41081.2,36.9026
189,1548288,6.39152,0.000378,0.861059,36079.8,37.1297
190,1556480,6.30964,0.00038,0.750884,32806.4,37.3794
191,1564672,6.42979,0.000382,0.705643,33885.6,37.6211
192,1572864,6.30842,0.000384,0.781094,39538,37.8283
193,1581056,6.43512,0.000386,0.763192,39646.5,38.0349
194,1589248,6.4933,0.000388,0.706799,37681,38.2523
195,1597440,6.44553,0.00039,0.985609,37474.1,38.471
196,1605632,6.31799,0.000392,0.852893,39915.4,38.6762
197,1613824,6.38535,0.000394,0.756581,41550.5,38.8733
198,1622016,6.40262,0.000396,0.897482,41585.6,39.0703
199,1630208,6.29822,0.000398,0.723104,40290.8,39.2737
200,1638400,6.46915,0.0004,0.740656,39787.8,39.4795
201,1646592,6.36075,0.000402,0.804347,41589.7,39.6765
202,1654784,6.26083,0.000404,0.686495,44240,39.8617
203,1662976,6.04686,0.000406,0.679233,44113.4,40.0474
204,1671168,6.31551,0.000408,0.695724,44273.6,40.2324
205,1679360,6.33883,0.00041,0.77725,37838,40.4489
206,1687552,6.2054,0.000412,0.773603,36998.9,40.6703
207,1695744,6.17001,0.000414,0.846203,41255.5,40.8689
208,1703936,6.28379,0.000416,0.732619,41799.7,41.0649
209,1712128,6.37719,0.000418,0.807883,40598.9,41.2667
210,1720320,6.31108,0.00042,0.755058,36254.7,41.4926
211,1728512,6.29333,0.000422,0.717871,32535.9,41.7444
212,1736704,6.33769,0.000424,0.739199,40982.6,41.9443
213,1744896,6.3742,0.000426,0.646325,41927.2,42.1397
214,1753088,6.27591,0.000428,0.70196,41882.1,42.3353
215,1761280,6.3505,0.00043,0.699208,38436.1,42.5484
216,1769472,6.35995,0.000432,0.736878,37169.9,42.7688
217,1777664,6.28507,0.000434,0.700415,40620.3,42.9705
218,1785856,6.2287,0.000436,0.669997,42230.7,43.1645
219,1794048,6.15561,0.000438,0.630104,41738.4,43.3607
220,1802240,6.31685,0.00044,0.636872,39480,43.5682
221,1810432,6.24989,0.000442,0.73897,36249.7,43.7942
222,1818624,6.22971,0.000444,0.659947,41555,43.9914
223,1826816,6.19155,0.000446,0.675865,42619.8,44.1836
224,1835008,6.15366,0.000448,0.618403,43103,44.3736
225,1843200,6.14971,0.00045,0.786884,41351.4,44.5717
226,1851392,6.35127,0.000452,0.678337,43005.1,44.7622
227,1859584,6.18223,0.000454,0.675448,43356.9,44.9512
228,1867776,6.18532,0.000456,0.669857,43171.5,45.1409
229,1875968,6.05646,0.000458,0.649897,43432.6,45.3295
230,1884160,6.2433,0.00046,0.651764,37277.2,45.5493
231,1892352,6.2698,0.000462,0.711649,34806.8,45.7846
232,1900544,6.21658,0.000464,0.729718,44066.5,45.9705
233,1908736,6.30984,0.000466,0.664796,44248.7,46.1557
234,1916928,6.17978,0.000468,0.755957,43743.8,46.343
235,1925120,6.27715,0.00047,0.693688,39517.1,46.5503
236,1933312,6.06109,0.000472,0.716152,37647.9,46.7679
237,1941504,6.20388,0.000474,0.604622,42212.9,46.9619
238,1949696,6.10223,0.000476,0.591975,43982.1,47.1482
239,1957888,6.02296,0.000478,0.638761,44286.6,47.3332
240,1966080,6.02311,0.00048,0.725447,41320.1,47.5314
241,1974272,6.25229,0.000482,0.693563,36737.1,47.7544
242,1982464,6.16796,0.000484,0.819217,41873.9,47.95
243,1990656,6.21803,0.000486,0.842238,43534.4,48.1382
244,1998848,6.17329,0.000488,0.657666,43935.7,48.3247
245,2007040,6.22688,0.00049,0.711247,42041.8,48.5195
246,2015232,6.11026,0.000492,0.607279,40024.9,48.7242
247,2023424,6.20215,0.000494,0.6768,41285,48.9226
248,2031616,6.14296,0.000496,0.745036,43272,49.1119
249,2039808,6.022,0.000498,0.639068,43612.8,49.2998
250,2048000,6.30264,0.0005,0.835444,42592.4,49.4921
251,2056192,6.12554,0.000502,0.793743,37095.6,49.7129
252,2064384,6.2245,0.000504,0.664513,42001.8,49.908
253,2072576,6.11513,0.000506,0.741545,41227.3,50.1067
254,2080768,6.08466,0.000508,0.68599,39884.5,50.3121
255,2088960,6.28868,0.00051,0.763547,32706.1,50.5625
256,2097152,6.21637,0.000512,0.666615,37315,50.7821
257,2105344,6.11,0.000514,0.721342,41204.9,50.9809
258,2113536,6.34071,0.000516,0.743686,42389.4,51.1741
259,2121728,6.13205,0.000518,0.754696,41690.1,51.3706
260,2129920,6.30656,0.00052,0.766304,36697.5,51.5939
261,2138112,6.07972,0.000522,0.647462,36425.9,51.8188
262,2146304,6.1679,0.000524,0.721422,42384.4,52.012
263,2154496,5.96524,0.000526,0.69561,43306.3,52.2012
264,2162688,6.13247,0.000528,0.709664,42138,52.3956
265,2170880,6.03383,0.00053,0.753243,39239.4,52.6044
266,2179072,6.22094,0.000532,0.711908,39207.1,52.8133
267,2187264,6.15936,0.000534,0.687549,42128.1,53.0078
268,2195456,6.00698,0.000536,0.673612,43730.6,53.1951
269,2203648,6.09256,0.000538,0.619321,42749.6,53.3867
270,2211840,6.07146,0.00054,0.671683,40036.6,53.5914
271,2220032,6.12279,0.000542,0.695658,37666.7,53.8088
272,2228224,6.30785,0.000544,0.663192,42330.8,54.0024
273,2236416,6.1948,0.000546,0.670701,43725.2,54.1897
274,2244608,6.09554,0.000548,0.725888,43473,54.3782
275,2252800,5.9828,0.00055,0.672726,40779.7,54.579
276,2260992,6.10002,0.000552,0.74356,43919.4,54.7656
277,2269184,6.02485,0.000554,0.704475,44488.8,54.9497
278,2277376,5.95289,0.000556,0.678825,43958,55.1361
279,2285568,6.22798,0.000558,0.843432,44250.4,55.3212
280,2293760,6.0546,0.00056,0.793356,38499.2,55.534
281,2301952,6.11703,0.000562,1.09317,34836.4,55.7691
282,2310144,5.86282,0.000564,0.685475,43932.6,55.9556
283,2318336,6.04334,0.000566,0.759552,44520,56.1396
284,2326528,6.02262,0.000568,0.643669,44228.7,56.3248
285,2334720,6.15337,0.00057,0.774979,41042.7,56.5244
286,2342912,6.06142,0.000572,0.710088,38234.1,56.7387
287,2351104,5.95786,0.000574,0.654922,42453.5,56.9316
288,2359296,6.01358,0.000576,0.620618,43853.1,57.1184
289,2367488,6.12085,0.000578,0.602575,44470.8,57.3027
290,2375680,5.94635,0.00058,0.612338,42229.7,57.4966
291,2383872,6.00472,0.000582,0.652114,35825.4,57.7253
292,2392064,5.97062,0.000584,0.620224,42333.8,57.9188
293,2400256,5.97921,0.000586,0.634869,43597.1,58.1067
294,2408448,6.19306,0.000588,0.718135,44450.3,58.291
295,2416640,5.92547,0.00059,0.740189,43196.7,58.4807
296,2424832,6.18317,0.000592,0.718447,40887.2,58.681
297,2433024,6.01573,0.000594,0.639259,42335.3,58.8745
298,2441216,5.98849,0.000596,0.726014,43971.6,59.0608
299,2449408,5.87693,0.000598,0.680046,44960.9,59.243
300,2457600,6.0814,0.0006,0.666861,44420.2,59.4274
301,2465792,6.00957,0.000602,0.69928,41890.7,59.623
302,2473984,6.22297,0.000604,0.665021,45805.2,59.8018
303,2482176,6.13724,0.000606,0.678406,45807.9,59.9807
304,2490368,6.01112,0.000608,0.635665,45229.6,60.1618
305,2498560,6.08314,0.00061,0.701686,38813.1,60.3729
306,2506752,6.01301,0.000612,0.80246,37120.3,60.5935
307,2514944,6.15167,0.000614,0.60619,43115.2,60.7836
308,2523136,6.09131,0.000616,0.659248,44791,60.9664
309,2531328,6.10386,0.000618,0.719105,44875.3,61.149
310,2539520,5.95014,0.00062,0.744267,41609.9,61.3459
311,2547712,5.94312,0.000622,0.738627,35576.2,61.5761
312,2555904,5.98041,0.000624,0.679457,41912.8,61.7716
313,2564096,5.92358,0.000626,0.628892,43851.4,61.9584
314,2572288,6.10454,0.000628,0.719704,43833.5,62.1453
315,2580480,5.96477,0.00063,0.644956,42092.7,62.3399
316,2588672,6.08072,0.000632,0.650581,39023.9,62.5498
317,2596864,5.92912,0.000634,0.732802,40919.1,62.75
318,2605056,6.07364,0.000636,0.652608,43702.7,62.9375
319,2613248,5.95948,0.000638,0.730426,44128.4,63.1231
320,2621440,5.95932,0.00064,0.65225,43210.2,63.3127
321,2629632,6.05582,0.000642,0.630762,38124.6,63.5276
322,2637824,6.1364,0.000644,0.630891,41200.1,63.7264
323,2646016,5.99322,0.000646,0.617639,42993.1,63.917
324,2654208,6.0401,0.000648,0.581726,42269.7,64.1108
325,2662400,5.88462,0.00065,0.623898,41628.5,64.3075
326,2670592,6.1092,0.000652,0.733195,42249.5,64.5014
327,2678784,6.03688,0.000654,0.62803,42826.8,64.6927
328,2686976,6.01747,0.000656,0.601058,42496.9,64.8855
329,2695168,6.0556,0.000658,0.621202,42507.2,65.0782
330,2703360,5.95531,0.00066,0.620505,35084.5,65.3117
331,2711552,5.96878,0.000662,0.595499,35099,65.5451
332,2719744,5.97997,0.000664,0.611187,43110.7,65.7351
333,2727936,5.96456,0.000666,0.580296,43480.5,65.9235
334,2736128,5.91869,0.000668,0.637662,43026.2,66.1139
335,2744320,6.05627,0.00067,0.608635,37972.4,66.3297
336,2752512,5.8967,0.000672,0.610013,38297.9,66.5436
337,2760704,6.06671,0.000674,0.620525,42686.7,66.7355
338,2768896,5.83789,0.000676,0.604417,43939.3,66.9219
339,2777088,5.80769,0.000678,0.629789,42724.5,67.1137
340,2785280,5.96133,0.00068,0.627903,39548.4,67.3208
341,2793472,5.91538,0.000682,0.598112,37479.6,67.5394
342,2801664,6.09944,0.000684,0.66369,43348.5,67.7283
343,2809856,6.00402,0.000686,0.630414,44030.8,67.9144
344,2818048,5.95244,0.000688,0.598349,43563.5,68.1024
345,2826240,5.7729,0.00069,0.694228,42057.7,68.2972
346,2834432,5.87027,0.000692,0.624316,40368.6,68.5002
347,2842624,6.03494,0.000694,0.612065,42910.7,68.6911
348,2850816,6.2158,0.000696,0.579211,43898.4,68.8777
349,2859008,5.94253,0.000698,0.706708,44047.8,69.0637
350,2867200,5.98353,0.0007,0.588875,42817.1,69.255
351,2875392,6.13496,0.000702,0.654271,41600.3,69.4519
352,2883584,6.03587,0.000704,0.683032,44455.3,69.6362
353,2891776,5.80984,0.000706,0.591698,44011.8,69.8223
354,2899968,6.00673,0.000708,0.722299,44583.8,70.0061
355,2908160,6.0357,0.00071,0.613016,37306.3,70.2256
356,2916352,6.06722,0.000712,0.700725,36808.7,70.4482
357,2924544,5.8661,0.000714,0.617038,43386.2,70.637
358,2932736,5.87964,0.000716,0.678039,44299.4,70.8219
359,2940928,5.70187,0.000718,0.728261,44650.9,71.0054
360,2949120,5.93952,0.00072,0.787205,40788.1,71.2062
361,2957312,5.95911,0.000722,0.655839,35956.6,71.4341
362,2965504,5.98474,0.000724,0.619324,43463.8,71.6226
363,2973696,5.86973,0.000726,0.616921,43907.5,71.8091
364,2981888,5.9258,0.000728,0.655948,44586.9,71.9929
365,2990080,5.9296,0.00073,0.645557,41619.6,72.1897
366,2998272,6.01985,0.000732,0.633468,39614.6,72.3965
367,3006464,5.97647,0.000734,0.696008,42591,72.5888
368,3014656,5.88963,0.000736,0.634572,44186,72.7742
369,3022848,5.86133,0.000738,0.679643,44477.8,72.9584
370,3031040,5.94193,0.00074,0.62239,43702.3,73.1459
371,3039232,5.87229,0.000742,0.836245,38939.6,73.3562
372,3047424,5.86981,0.000744,0.608809,42716,73.548
373,3055616,5.9226,0.000746,0.597046,44306.9,73.7329
374,3063808,5.88663,0.000748,0.610162,44410.4,73.9174
375,3072000,5.95643,0.00075,0.67822,44161.3,74.1029
376,3080192,5.89572,0.000752,0.685584,44650.7,74.2863
377,3088384,5.8703,0.000754,0.605639,45482.4,74.4664
378,3096576,5.84447,0.000756,0.652172,45384.7,74.6469
379,3104768,5.91142,0.000758,0.589644,45087.9,74.8286
380,3112960,6.17756,0.00076,0.62955,38750.5,75.04
381,3121152,5.8171,0.000762,0.673636,36075,75.2671
382,3129344,5.79459,0.000764,0.60278,44183.6,75.4525
383,3137536,5.91551,0.000766,0.58363,44250.2,75.6377
384,3145728,5.69473,0.000768,0.624596,44438.7,75.822
385,3153920,5.93767,0.00077,0.635197,39924.1,76.0272
386,3162112,5.88896,0.000772,0.579204,37245.7,76.2471
387,3170304,5.90224,0.000774,0.632072,42579.1,76.4395
388,3178496,5.81675,0.000776,0.735753,43898.1,76.6261
389,3186688,5.91271,0.000778,0.57758,44098.9,76.8119
390,3194880,5.99303,0.00078,0.71281,41360.4,77.01
391,3203072,5.93274,0.000782,0.604,35065.4,77.2436
392,3211264,5.94422,0.000784,0.602658,38508.4,77.4563
393,3219456,5.95582,0.000786,0.600509,41708.7,77.6527
394,3227648,5.91678,0.000788,0.61318,43080.4,77.8429
395,3235840,5.84798,0.00079,0.60007,41318.9,78.0412
396,3244032,5.96524,0.000792,0.606105,39761.2,78.2472
397,3252224,5.98981,0.000794,0.538942,41538.3,78.4444
398,3260416,5.76337,0.000796,0.633625,43610.1,78.6323
399,3268608,5.8551,0.000798,0.561342,44137.2,78.8179
400,3276800,5.85155,0.0008,0.668694,44351.1,79.0026
401,3284992,5.71744,0.000802,0.632328,41768.6,79.1987
402,3293184,5.86919,0.000804,0.604475,44411.7,79.3831
403,3301376,5.93061,0.000806,0.647083,44036.9,79.5692
404,3309568,5.87832,0.000808,0.586257,44346.6,79.7539
405,3317760,5.76816,0.00081,0.6174,35984.5,79.9816
406,3325952,5.74317,0.000812,0.633299,36891.9,80.2036
407,3334144,5.84703,0.000814,0.588186,42898.6,80.3946
408,3342336,5.83722,0.000816,0.58377,44265.8,80.5796
409,3350528,5.82429,0.000818,0.557238,43609.9,80.7675
410,3358720,5.86367,0.00082,0.594558,39253.4,80.9762
411,3366912,5.8203,0.000822,0.592423,35631.8,81.2061
412,3375104,5.89875,0.000824,0.581554,42548.1,81.3986
413,3383296,5.94084,0.000826,0.601746,44052,81.5846
414,3391488,5.88984,0.000828,0.68081,43848.8,81.7714
415,3399680,5.9517,0.00083,0.560113,40280.4,81.9748
416,3407872,5.90231,0.000832,0.594465,39124.3,82.1842
417,3416064,5.88384,0.000834,0.646334,42559,82.3766
418,3424256,5.98238,0.000836,0.733403,43805.8,82.5637
419,3432448,5.85496,0.000838,0.648914,43870.9,82.7504
420,3440640,5.75637,0.00084,0.617731,42056.3,82.9452
421,3448832,5.74795,0.000842,0.63297,35406.6,83.1765
422,3457024,5.80339,0.000844,0.62555,41143.6,83.3756
423,3465216,5.87663,0.000846,0.683569,41659.9,83.5723
424,3473408,5.78875,0.000848,0.699036,42547.1,83.7648
425,3481600,5.94713,0.00085,0.727243,42248.8,83.9587
426,3489792,5.85841,0.000852,0.710863,43676.8,84.1463
427,3497984,5.81785,0.000854,0.678236,45070.5,84.328
428,3506176,5.85521,0.000856,0.623545,44836,84.5108
429,3514368,5.77244,0.000858,0.751032,44939.5,84.693
430,3522560,5.81679,0.00086,0.567937,37403.5,84.9121
431,3530752,6.0207,0.000862,0.837106,34281.2,85.151
432,3538944,5.72772,0.000864,0.701249,44214.4,85.3363
433,3547136,5.83635,0.000866,0.624072,44214.3,85.5216
434,3555328,5.68729,0.000868,0.586576,44169.3,85.7071
435,3563520,5.94542,0.00087,0.577502,38619,85.9192
436,3571712,5.79277,0.000872,0.553726,37273.2,86.139
437,3579904,5.77997,0.000874,0.557238,41628.4,86.3357
438,3588096,5.84329,0.000876,0.607172,43204.7,86.5254
439,3596288,5.86736,0.000878,0.60266,43824.5,86.7123
440,3604480,5.89993,0.00088,0.583344,41435,86.91
441,3612672,5.77157,0.000882,0.552707,36421.3,87.1349
442,3620864,5.95779,0.000884,0.735469,42222.8,87.3289
443,3629056,5.91979,0.000886,0.578917,43632.3,87.5167
444,3637248,5.9065,0.000888,0.634394,44811.9,87.6995
445,3645440,5.78429,0.00089,0.583944,43523.5,87.8877
446,3653632,5.73845,0.000892,0.586786,41834.4,88.0835
447,3661824,5.80614,0.000894,0.592914,42172,88.2778
448,3670016,5.84059,0.000896,0.615155,43865.1,88.4645
449,3678208,5.75061,0.000898,0.666251,45038.1,88.6464
450,3686400,5.87869,0.0009,0.550957,44987.7,88.8285
451,3694592,5.82329,0.000902,0.578126,41900.9,89.024
452,3702784,5.91488,0.000904,0.603753,44736,89.2072
453,3710976,5.68954,0.000906,0.616568,43621,89.395
454,3719168,5.85721,0.000908,0.627204,43359.9,89.5839
455,3727360,5.74595,0.00091,0.576272,36316.7,89.8095
456,3735552,5.81419,0.000912,0.645002,33736.8,90.0523
457,3743744,5.85138,0.000914,0.597341,41576.9,90.2493
458,3751936,5.74221,0.000916,0.673717,43032.8,90.4397
459,3760128,5.80867,0.000918,0.62416,42782.3,90.6312
460,3768320,5.93064,0.00092,0.749659,39072.7,90.8408
461,3776512,5.77992,0.000922,0.60882,33954.4,91.0821
462,3784704,5.79232,0.000924,0.632387,40000.5,91.2869
463,3792896,5.62186,0.000926,0.616562,42726.9,91.4786
464,3801088,5.61579,0.000928,0.641629,43001.3,91.6691
465,3809280,5.73742,0.00093,0.665711,40308.9,91.8723
466,3817472,5.8091,0.000932,0.527573,37375.7,92.0915
467,3825664,5.90205,0.000934,0.590512,38808.1,92.3026
468,3833856,5.81799,0.000936,0.624358,41740.1,92.4989
469,3842048,5.70974,0.000938,0.604855,41805.2,92.6948
470,3850240,5.86493,0.00094,0.674448,39965.9,92.8998
471,3858432,5.6955,0.000942,0.611395,37094.4,93.1206
472,3866624,5.83192,0.000944,0.651841,39157.9,93.3299
473,3874816,5.74138,0.000946,0.639004,42575.4,93.5223
474,3883008,5.93387,0.000948,0.620641,43109.6,93.7123
475,3891200,5.7412,0.00095,0.637259,42355.5,93.9057
476,3899392,5.73208,0.000952,0.631642,41883,94.1013
477,3907584,5.69988,0.000954,0.569027,43378.5,94.2901
478,3915776,5.6273,0.000956,0.565417,41833.9,94.486
479,3923968,5.93013,0.000958,0.59892,41343.1,94.6841
480,3932160,5.72275,0.00096,0.563913,34704.8,94.9202
481,3940352,5.84302,0.000962,0.607208,30729.2,95.1867
482,3948544,5.68133,0.000964,0.551426,40378.9,95.3896
483,3956736,5.77928,0.000966,0.558978,42506.4,95.5823
484,3964928,5.63276,0.000968,0.711813,42898.2,95.7733
485,3973120,5.57388,0.00097,0.627355,38666.5,95.9852
486,3981312,5.69796,0.000972,0.629578,36358.1,96.2105
487,3989504,5.97819,0.000974,0.606222,40463.3,96.4129
488,3997696,5.76154,0.000976,0.612529,42789.1,96.6044
489,4005888,5.8177,0.000978,0.570794,43599,96.7923
490,4014080,5.81201,0.00098,0.601738,42373.7,96.9856
491,4022272,5.75057,0.000982,0.593725,37133.5,97.2062
492,4030464,5.71605,0.000984,0.57297,41886.8,97.4018
493,4038656,5.78855,0.000986,0.594331,43524.8,97.59
494,4046848,5.8601,0.000988,0.598604,44042.9,97.776
495,4055040,5.74024,0.00099,0.578727,43063.1,97.9662
496,4063232,5.74254,0.000992,0.61082,40546.9,98.1683
497,4071424,5.74123,0.000994,0.59188,41366.3,98.3663
498,4079616,5.66246,0.000996,0.595659,43029.5,98.5567
499,4087808,5.87788,0.000998,0.569908,44356.4,98.7414
500,4096000,5.79358,0.001,0.555305,44036.7,98.9274
501,4104192,5.84439,0.001,0.560388,42423,99.1205
502,4112384,5.9018,0.001,0.673078,45843.1,99.2992
503,4120576,5.82842,0.001,0.589687,45322.6,99.48
504,4128768,5.82743,0.001,0.611035,45207,99.6612
505,4136960,5.83258,0.001,0.568522,38741.1,99.8726
506,4145152,5.51609,0.001,0.663224,37076.8,100.094
507,4153344,5.74426,0.001,0.554778,42646.7,100.286
508,4161536,5.84388,0.001,0.592323,44130.9,100.471
509,4169728,5.71472,0.001,0.596462,44253.1,100.656
510,4177920,5.74852,0.001,0.577561,40297.8,100.86
511,4186112,5.82688,0.000999999,0.579572,35954.4,101.088
512,4194304,5.72163,0.000999999,0.710557,42901.6,101.278
513,4202496,5.72063,0.000999999,0.600945,43849.1,101.465
514,4210688,5.86297,0.000999999,0.662097,44140.5,101.651
515,4218880,5.69264,0.000999999,0.58813,41463.4,101.848
516,4227072,5.79055,0.000999999,0.599232,38644.7,102.06
517,4235264,5.59332,0.000999999,0.591881,41237.9,102.259
518,4243456,5.66749,0.000999998,0.564888,41514,102.456
519,4251648,5.58768,0.000999998,0.601425,41694.2,102.653
520,4259840,5.80412,0.000999998,0.616861,39949.4,102.858
521,4268032,5.78997,0.000999998,0.564313,34554.8,103.095
522,4276224,5.81219,0.000999997,0.583387,40437.7,103.298
523,4284416,5.69388,0.000999997,0.622668,41912.2,103.493
524,4292608,5.81923,0.000999997,0.545206,42669.4,103.685
525,4300800,5.68989,0.000999997,0.586605,42420.2,103.878
526,4308992,5.66363,0.000999996,0.585943,44690.3,104.061
527,4317184,5.8119,0.000999996,0.569877,44022.6,104.248
528,4325376,5.83743,0.000999996,0.677242,44461.8,104.432
529,4333568,5.92766,0.000999995,0.598299,43743.4,104.619
530,4341760,5.67655,0.000999995,0.566506,36683,104.842
531,4349952,5.88927,0.000999995,0.619255,35008.1,105.076
532,4358144,5.64963,0.000999994,0.570104,43963.5,105.263
533,4366336,5.7784,0.000999994,0.58918,44176.1,105.448
534,4374528,5.64835,0.000999994,0.638357,44164.8,105.634
535,4382720,5.70957,0.000999993,0.561445,39295.6,105.842
536,4390912,5.60885,0.000999993,0.569994,37836.9,106.059
537,4399104,5.77845,0.000999992,0.596307,42361.9,106.252
538,4407296,5.61473,0.000999992,0.536866,44356.1,106.437
539,4415488,5.75382,0.000999992,0.575953,43847.1,106.624
540,4423680,5.68822,0.000999991,0.584718,42036.3,106.818
541,4431872,5.74519,0.000999991,0.615661,37103.4,107.039
542,4440064,5.76163,0.00099999,0.554251,42409.1,107.232
543,4448256,5.68302,0.00099999,0.553806,44009,107.419
544,4456448,5.63488,0.000999989,0.610688,44036,107.605
545,4464640,5.67255,0.000999989,0.580976,42640.1,107.797
546,4472832,5.71652,0.000999988,0.515832,40441.8,107.999
547,4481024,5.57035,0.000999988,0.629776,41961.7,108.194
548,4489216,5.63323,0.000999987,0.648195,43716.5,108.382
549,4497408,5.62858,0.000999987,0.561464,44164.2,108.567
550,4505600,5.68693,0.000999986,0.603728,43498,108.756
551,4513792,5.54574,0.000999985,0.530094,42426.8,108.949
552,4521984,5.67254,0.000999985,0.726328,45502,109.129
553,4530176,5.68394,0.000999984,0.587638,45264.3,109.31
554,4538368,5.55435,0.000999984,0.585199,45271.1,109.491
555,4546560,5.82603,0.000999983,0.737821,38143.9,109.706
556,4554752,5.7707,0.000999982,0.603807,38360.4,109.919
557,4562944,5.60985,0.000999982,0.587756,44745.9,110.102
558,4571136,5.81758,0.000999981,0.576577,45139.6,110.284
559,4579328,5.53848,0.00099998,0.560842,45144.5,110.465
560,4587520,5.46317,0.00099998,0.600358,41009.7,110.665
561,4595712,5.78912,0.000999979,0.560702,36543.2,110.889
562,4603904,5.67686,0.000999978,0.587492,43602.8,111.077
563,4612096,5.74459,0.000999978,0.55921,44811.9,111.26
564,4620288,5.63543,0.000999977,0.564161,44911.7,111.442
565,4628480,5.68592,0.000999976,0.660863,42361.8,111.635
566,4636672,5.75133,0.000999975,0.565127,39415,111.843
567,4644864,5.63968,0.000999975,0.654105,42534.7,112.036
568,4653056,5.68603,0.000999974,0.576367,44170.2,112.221
569,4661248,5.6033,0.000999973,0.645029,44864.8,112.404
570,4669440,5.66594,0.000999972,0.588266,43023.4,112.594
571,4677632,5.64631,0.000999971,0.616661,38563.4,112.807
572,4685824,5.74076,0.000999971,0.632568,42627.6,112.999
573,4694016,5.74644,0.00099997,0.551066,44275.3,113.184
574,4702208,5.5708,0.000999969,0.573666,45110.2,113.366
575,4710400,5.59474,0.000999968,0.537823,44804.2,113.548
576,4718592,5.60789,0.000999967,0.588283,45434.6,113.729
577,4726784,5.88667,0.000999966,0.570214,45940.4,113.907
578,4734976,5.68254,0.000999965,0.647598,45360.6,114.088
579,4743168,5.80552,0.000999964,0.589717,45179.5,114.269
580,4751360,5.66643,0.000999964,0.640059,40882.3,114.469
581,4759552,5.74504,0.000999963,0.548632,34670.4,114.706
582,4767744,5.53461,0.000999962,0.591884,42950.9,114.896
583,4775936,5.71813,0.000999961,0.628413,44356.7,115.081
584,4784128,5.84771,0.00099996,0.637112,44757.6,115.264
585,4792320,5.63768,0.000999959,0.5801,42566.9,115.457
586,4800512,5.65362,0.000999958,0.580348,38037.1,115.672
587,4808704,5.73618,0.000999957,0.585827,41219,115.871
588,4816896,5.65077,0.000999956,0.530907,43644,116.058
589,4825088,5.72879,0.000999955,0.642005,44598.6,116.242
590,4833280,5.61422,0.000999954,0.765769,42703.9,116.434
591,4841472,5.80488,0.000999953,0.565159,37177.8,116.654
592,4849664,5.70561,0.000999952,0.616266,41832.5,116.85
593,4857856,5.66661,0.000999951,0.615005,43143.8,117.04
594,4866048,5.4167,0.000999949,0.565415,44156.8,117.225
595,4874240,5.66932,0.000999948,0.538598,42772.5,117.417
596,4882432,5.67303,0.000999947,0.610917,39091,117.627
597,4890624,5.73235,0.000999946,0.604815,38588.6,117.839
598,4898816,5.64714,0.000999945,0.632562,40050.3,118.043
599,4907008,5.68893,0.000999944,0.578284,42618.4,118.236
600,4915200,5.64627,0.000999943,0.566915,43234.7,118.425
601,4923392,5.56295,0.000999942,0.583889,41074.2,118.625
602,4931584,5.51663,0.00099994,0.513065,44520.6,118.809
603,4939776,5.55309,0.000999939,0.621225,44494.2,118.993
604,4947968,5.69453,0.000999938,0.665236,44604.6,119.176
605,4956160,5.35219,0.000999937,0.556127,36939.1,119.398
606,4964352,5.58615,0.000999936,0.645078,37488.3,119.617
607,4972544,5.53171,0.000999934,0.547242,43272.2,119.806
608,4980736,5.54768,0.000999933,0.548601,44105.8,119.992
609,4988928,5.71816,0.000999932,0.53657,44154.5,120.177
610,4997120,5.58088,0.000999931,0.620082,39476.6,120.385
611,5005312,5.52129,0.000999929,0.933561,36758.3,120.608
612,5013504,5.55877,0.000999928,0.529732,43327.7,120.797
613,5021696,5.70492,0.000999927,0.598611,44094.2,120.982
614,5029888,5.56606,0.000999925,0.546368,44383.3,121.167
615,5038080,5.75964,0.000999924,0.612439,41207.4,121.366
616,5046272,5.76755,0.000999923,0.574958,39816.3,121.572
617,5054464,5.63845,0.000999921,0.605342,42596.1,121.764
618,5062656,5.52529,0.00099992,0.564747,43480.7,121.952
619,5070848,5.78316,0.000999919,0.551357,44352.7,122.137
620,5079040,5.45447,0.000999917,0.615025,42291.9,122.331
621,5087232,5.54603,0.000999916,0.556736,37223.8,122.551
622,5095424,5.65676,0.000999914,0.56967,41453.6,122.748
623,5103616,5.68021,0.000999913,0.651239,43018.5,122.939
624,5111808,5.5721,0.000999912,0.728218,44071,123.125
625,5120000,5.44792,0.00099991,0.532741,43330.4,123.314
626,5128192,5.78842,0.000999909,0.666605,45205.8,123.495
627,5136384,5.66164,0.000999907,0.683181,44774.9,123.678
628,5144576,5.43519,0.000999906,0.615716,45028.8,123.86
629,5152768,5.74025,0.000999904,0.554353,44134.3,124.045
630,5160960,5.53474,0.000999903,0.783579,35889.7,124.274
631,5169152,5.52527,0.000999901,0.634687,30675.7,124.541
632,5177344,5.535,0.0009999,0.601855,38914.3,124.751
633,5185536,5.70924,0.000999898,0.661127,41435.6,124.949
634,5193728,5.57293,0.000999897,0.669913,41965.1,125.144
635,5201920,5.60542,0.000999895,0.527586,37377.2,125.363
636,5210112,5.58149,0.000999894,0.598974,35785.9,125.592
637,5218304,5.46131,0.000999892,0.565839,40419.8,125.795
638,5226496,5.4773,0.00099989,0.572566,42961.2,125.986
639,5234688,5.6488,0.000999889,0.60697,43107,126.176
640,5242880,5.58939,0.000999887,0.591663,40349.5,126.379
641,5251072,5.59405,0.000999886,0.562674,36502.3,126.603
642,5259264,5.38806,0.000999884,0.61209,40691.5,126.804
643,5267456,5.55261,0.000999882,0.626556,42961.6,126.995
644,5275648,5.602,0.000999881,0.593045,43403.5,127.184
645,5283840,5.77805,0.000999879,0.59153,41150.5,127.383
646,5292032,5.47179,0.000999877,0.542215,39512.2,127.59
647,5300224,5.63678,0.000999876,0.579526,40215.2,127.794
648,5308416,5.48201,0.000999874,0.554664,43282.4,127.983
649,5316608,5.62115,0.000999872,0.637338,43921.4,128.17
650,5324800,5.55249,0.00099987,0.571703,42925.3,128.361
651,5332992,5.61158,0.000999869,0.534469,41326.1,128.559
652,5341184,5.22153,0.000999867,0.578429,43922.7,128.745
653,5349376,5.58131,0.000999865,0.519278,43611.6,128.933
654,5357568,5.67121,0.000999863,0.597819,43600.5,129.121
655,5365760,5.4513,0.000999862,0.591279,35267.8,129.353
656,5373952,5.52197,0.00099986,0.600611,37879,129.57
657,5382144,5.40465,0.000999858,0.523518,43845.9,129.756
658,5390336,5.60075,0.000999856,0.557193,43617.8,129.944
659,5398528,5.49743,0.000999854,0.55051,43824.6,130.131
660,5406720,5.53512,0.000999852,0.60088,39089.1,130.341
661,5414912,5.57126,0.000999851,0.561058,36803.2,130.563
662,5423104,5.68367,0.000999849,0.866996,43987.1,130.75
663,5431296,5.70243,0.000999847,0.575694,44147.7,130.935
664,5439488,5.48521,0.000999845,1.7077,44030.6,131.121
665,5447680,5.48096,0.000999843,0.55561,40223.7,131.325
666,5455872,5.66704,0.000999841,0.607243,39554.4,131.532
667,5464064,5.40492,0.000999839,0.568867,42839.9,131.723
668,5472256,5.64613,0.000999837,0.522594,43750.1,131.91
669,5480448,5.584,0.000999835,0.572262,44002.8,132.097
670,5488640,5.57435,0.000999833,0.57087,42295.4,132.29
671,5496832,5.42481,0.000999831,0.629162,38643,132.502
672,5505024,5.54518,0.000999829,0.656513,43709.8,132.69
673,5513216,5.56477,0.000999827,0.561261,43914.8,132.876
674,5521408,5.78231,0.000999825,0.77723,44836.5,133.059
675,5529600,5.49017,0.000999823,0.57753,43829.5,133.246
676,5537792,5.54219,0.000999821,0.783579,45324.4,133.427
677,5545984,5.63629,0.000999819,0.577334,45559,133.606
678,5554176,5.46676,0.000999817,0.565303,45598.3,133.786
679,5562368,5.55518,0.000999815,0.570896,45607.2,133.966
680,5570560,5.39579,0.000999813,0.535584,40475,134.168
681,5578752,5.56944,0.000999811,0.524096,35583.3,134.398
682,5586944,5.60531,0.000999809,0.575298,43314.3,134.587
683,5595136,5.55929,0.000999807,0.568372,44713.5,134.771
684,5603328,5.4489,0.000999804,0.559383,44414.8,134.955
685,5611520,5.32707,0.000999802,0.634595,41655,135.152
686,5619712,5.67076,0.0009998,0.573816,38350.5,135.365
687,5627904,5.57506,0.000999798,0.544376,41956.6,135.561
688,5636096,5.60961,0.000999796,0.556274,44293.3,135.746
689,5644288,5.40452,0.000999794,0.620454,44612,135.929
690,5652480,5.54932,0.000999791,0.695643,42144.6,136.124
691,5660672,5.46822,0.000999789,0.594711,37080.4,136.344
692,5668864,5.52206,0.000999787,0.562946,42386.2,136.538
693,5677056,5.56491,0.000999785,0.626706,43956.5,136.724
694,5685248,5.54847,0.000999782,0.556235,44782.5,136.907
695,5693440,5.46195,0.00099978,0.550077,43457.6,137.096
696,5701632,5.44243,0.000999778,0.675319,41791.7,137.292
697,5709824,5.35197,0.000999776,0.606414,42333.8,137.485
698,5718016,5.32446,0.000999773,0.584173,44189.5,137.67
699,5726208,5.52055,0.000999771,0.587037,45439.1,137.851
700,5734400,5.565,0.000999769,0.577798,45234.2,138.032
701,5742592,5.57894,0.000999766,0.570642,43015.7,138.222
702,5750784,5.51257,0.000999764,0.550981,45758.6,138.401
703,5758976,5.58902,0.000999762,0.578101,45713.2,138.581
704,5767168,5.48072,0.000999759,0.591918,45693,138.76
705,5775360,5.5105,0.000999757,0.579393,38951.6,138.97
706,5783552,5.5156,0.000999755,0.633223,38472.4,139.183
707,5791744,5.50955,0.000999752,0.580979,44214.2,139.368
708,5799936,5.54819,0.00099975,0.567356,44942.7,139.551
709,5808128,5.50724,0.000999747,0.554416,45102.4,139.732
710,5816320,5.39255,0.000999745,0.523833,41569.2,139.929
711,5824512,5.57474,0.000999742,0.569617,36873.3,140.151
712,5832704,5.26106,0.00099974,0.61511,42528.8,140.344
713,5840896,5.42784,0.000999738,0.577683,44285.2,140.529
714,5849088,5.5149,0.000999735,0.557015,45048.1,140.711
715,5857280,5.23566,0.000999733,0.550084,42299.8,140.905
716,5865472,5.35197,0.00099973,0.551745,39812,141.11
717,5873664,5.2294,0.000999728,0.562575,42045.7,141.305
718,5881856,5.48522,0.000999725,0.563902,43749.5,141.492
719,5890048,5.37001,0.000999722,0.602819,44907.2,141.675
720,5898240,5.57176,0.00099972,0.564985,43587.1,141.863
721,5906432,5.39234,0.000999717,0.579194,38990.1,142.073
722,5914624,5.46459,0.000999715,0.599749,42521.8,142.266
723,5922816,5.54481,0.000999712,0.656215,43697.7,142.453
724,5931008,5.53223,0.00099971,0.607581,44774.2,142.636
725,5939200,5.57849,0.000999707,0.576656,44701.2,142.819
726,5947392,5.64764,0.000999704,0.585149,45032.7,143.001
727,5955584,5.45132,0.000999702,0.639253,44907.8,143.184
728,5963776,5.392,0.000999699,0.547414,44816.8,143.366
729,5971968,5.46726,0.000999696,0.615139,44997.2,143.548
730,5980160,5.39399,0.000999694,0.571697,38601.1,143.761
731,5988352,5.43855,0.000999691,0.583089,35409.1,143.992
732,5996544,5.3984,0.000999688,0.73343,45236.8,144.173
733,6004736,5.45827,0.000999686,0.63477,44452.6,144.357
734,6012928,5.54281,0.000999683,0.582366,44845.9,144.54
735,6021120,5.43157,0.00099968,0.571824,41631.6,144.737
736,6029312,5.49269,0.000999678,0.574589,39071.2,144.946
737,6037504,5.48799,0.000999675,0.631512,43515.5,145.135
738,6045696,5.45515,0.000999672,0.600791,44215.7,145.32
739,6053888,5.53914,0.000999669,0.619367,44718.1,145.503
740,6062080,5.53497,0.000999666,0.591907,42150.2,145.698
741,6070272,5.37783,0.000999664,0.985532,37375.1,145.917
742,6078464,5.24606,0.000999661,0.610012,42858.1,146.108
743,6086656,5.55891,0.000999658,0.549865,44224.9,146.293
744,6094848,5.53269,0.000999655,0.540611,44672.4,146.476
745,6103040,5.39319,0.000999652,0.615624,43772,146.664
746,6111232,5.43167,0.000999649,0.589337,42015.8,146.859
747,6119424,5.46088,0.000999647,0.600055,42303.2,147.052
748,6127616,5.39633,0.000999644,0.586402,44133.2,147.238
749,6135808,5.38732,0.000999641,0.57781,44718.7,147.421
750,6144000,5.33252,0.000999638,0.557084,44651.4,147.605
751,6152192,5.34531,0.000999635,0.534746,41552.5,147.802
752,6160384,5.39951,0.000999632,0.634237,45777.4,147.981
753,6168576,5.47183,0.000999629,0.598193,45249.5,148.162
754,6176768,5.3053,0.000999626,0.558965,45098.8,148.343
755,6184960,5.42431,0.000999623,0.589517,38074.1,148.558
756,6193152,5.35087,0.00099962,0.540185,38338.2,148.772
757,6201344,5.50341,0.000999617,0.527236,44346.7,148.957
758,6209536,5.40768,0.000999614,0.592671,45016.3,149.139
759,6217728,5.40572,0.000999611,0.619075,45268.2,149.32
760,6225920,5.4288,0.000999608,0.620683,41288.9,149.518
761,6234112,5.49635,0.000999605,0.630871,37427.3,149.737
762,6242304,5.26647,0.000999602,0.58008,43817.2,149.924
763,6250496,5.42041,0.000999599,0.623378,44504,150.108
764,6258688,5.59994,0.000999596,0.623425,44916.3,150.291
765,6266880,5.47247,0.000999593,0.632602,42945.4,150.481
766,6275072,5.40761,0.00099959,0.545634,39906.6,150.687
767,6283264,5.363,0.000999587,0.565965,42111.2,150.881
768,6291456,5.37837,0.000999584,0.562779,43942.8,151.068
769,6299648,5.40282,0.000999581,0.556062,44649.7,151.251
770,6307840,5.54419,0.000999577,0.548904,43630.8,151.439
771,6316032,5.49465,0.000999574,0.587703,38923.4,151.649
772,6324224,5.52185,0.000999571,0.561497,43287.9,151.838
773,6332416,5.61125,0.000999568,0.653527,43920.8,152.025
774,6340608,5.35048,0.000999565,0.541771,45134.2,152.206
775,6348800,5.21301,0.000999562,0.618287,44799,152.389
776,6356992,5.59376,0.000999558,0.604778,45733.7,152.568
777,6365184,5.57689,0.000999555,0.552664,45714.6,152.748
778,6373376,5.33724,0.000999552,0.612847,45466.8,152.928
779,6381568,5.30828,0.000999549,0.633703,45744.2,153.107
780,6389760,5.41295,0.000999545,0.619614,38940.5,153.317
781,6397952,5.55918,0.000999542,0.653102,36040.6,153.545
782,6406144,5.51006,0.000999539,0.560281,44752.4,153.728
783,6414336,5.48253,0.000999536,0.578826,45162.2,153.909
784,6422528,5.40999,0.000999532,0.618125,45569,154.089
785,6430720,5.24949,0.000999529,0.628256,42119.9,154.283
786,6438912,5.33971,0.000999526,0.655328,38570.8,154.496
787,6447104,5.37519,0.000999522,0.592297,42739.7,154.687
788,6455296,5.32429,0.000999519,0.613649,44400.4,154.872
789,6463488,5.3802,0.000999516,0.593237,44920.8,155.054
790,6471680,5.38242,0.000999512,0.585609,43136.2,155.244
791,6479872,5.40119,0.000999509,0.649879,37394.6,155.463
792,6488064,5.3202,0.000999506,0.593158,42475.2,155.656
793,6496256,5.39714,0.000999502,0.611829,43803.8,155.843
794,6504448,5.38653,0.000999499,0.668172,44530.7,156.027
795,6512640,5.50458,0.000999495,0.604661,43670.5,156.215
796,6520832,5.43996,0.000999492,0.630523,41090.8,156.414
797,6529024,5.305,0.000999488,0.637676,42254.2,156.608
798,6537216,5.43917,0.000999485,0.586029,43714.4,156.795
799,6545408,5.1598,0.000999481,0.607621,44920.8,156.978
800,6553600,5.38246,0.000999478,0.573543,45102.4,157.159
801,6561792,5.38928,0.000999475,0.585193,41502.9,157.357
802,6569984,5.41804,0.000999471,0.608042,45302.2,157.537
803,6578176,5.37343,0.000999467,0.549328,44947.2,157.72
804,6586368,5.23142,0.000999464,0.581942,45177.7,157.901
805,6594560,5.38798,0.00099946,0.576851,38243.1,158.115
806,6602752,5.53347,0.000999457,0.607506,38017.8,158.331
807,6610944,5.40283,0.000999453,0.570071,44230.4,158.516
808,6619136,5.37788,0.00099945,0.613858,44783.5,158.699
809,6627328,5.44671,0.000999446,0.608445,45194.4,158.88
810,6635520,5.46524,0.000999443,0.566059,40887.8,159.081
811,6643712,5.55817,0.000999439,0.572766,36670.5,159.304
812,6651904,5.23937,0.000999435,0.580225,43273.6,159.493
813,6660096,5.44925,0.000999432,0.625361,44378.1,159.678
814,6668288,5.4619,0.000999428,0.550437,44753.2,159.861
815,6676480,5.37139,0.000999424,0.685661,42044.9,160.056
816,6684672,5.27424,0.000999421,0.621924,39578.4,160.263
817,6692864,5.3262,0.000999417,0.586756,42412.9,160.456
818,6701056,5.26043,0.000999413,0.627216,43984.4,160.642
819,6709248,5.31269,0.00099941,0.567482,44535.5,160.826
820,6717440,5.28013,0.000999406,0.618859,44468.8,161.01
821,6725632,5.31929,0.000999402,0.571586,39018.1,161.22
822,6733824,5.24493,0.000999398,0.59585,42917.6,161.411
823,6742016,5.441,0.000999395,0.578989,44160.6,161.597
824,6750208,5.37619,0.000999391,0.551702,44646.8,161.78
825,6758400,5.27511,0.000999387,0.55841,44856.8,161.963
826,6766592,5.19347,0.000999383,0.649368,45073.4,162.144
827,6774784,5.3386,0.000999379,0.620064,45422.2,162.325
828,6782976,5.36932,0.000999376,0.60444,45220.9,162.506
829,6791168,5.2857,0.000999372,0.580737,45624.7,162.685
830,6799360,5.39696,0.000999368,0.551637,39074.1,162.895
831,6807552,5.33206,0.000999364,0.537246,36160.3,163.122
832,6815744,5.37675,0.00099936,0.6224,44869.6,163.304
833,6823936,5.46179,0.000999356,0.586129,45049.4,163.486
834,6832128,5.44984,0.000999353,0.566327,45629.6,163.666
835,6840320,5.22247,0.000999349,0.656815,40987.8,163.866
836,6848512,5.62335,0.000999345,2.78024,38493.4,164.078
837,6856704,5.30507,0.000999341,0.676293,43143.4,164.268
838,6864896,5.21982,0.000999337,0.738875,44453.4,164.452
839,6873088,5.44298,0.000999333,0.760267,45176.4,164.634
840,6881280,5.22789,0.000999329,0.636337,42246.6,164.828
841,6889472,5.30844,0.000999325,0.609194,37101.1,165.049
842,6897664,5.29465,0.000999321,0.5968,43380,165.237
843,6905856,5.12104,0.000999317,0.610215,44217.1,165.423
844,6914048,5.41339,0.000999313,0.671767,45061.4,165.604
845,6922240,5.44681,0.000999309,0.573829,44343.7,165.789
846,6930432,5.37552,0.000999305,0.58195,41332.3,165.987
847,6938624,5.31489,0.000999301,0.598429,42540.5,166.18
848,6946816,5.37635,0.000999297,0.607494,44292,166.365
849,6955008,5.4334,0.000999293,0.608359,44991.8,166.547
850,6963200,5.34572,0.000999289,0.657216,44708.9,166.73
851,6971392,5.27731,0.000999285,0.593466,41960.5,166.925
852,6979584,5.20489,0.000999281,0.591325,45216.1,167.107
853,6987776,5.21699,0.000999277,0.610581,44985.4,167.289
854,6995968,5.36148,0.000999272,0.588233,44806,167.472
855,7004160,5.1658,0.000999268,0.673101,37814.5,167.688
856,7012352,5.50464,0.000999264,0.621327,38427.6,167.901
857,7020544,5.28663,0.00099926,0.586658,44163.9,168.087
858,7028736,5.36348,0.000999256,0.565658,44790.3,168.27
859,7036928,5.19289,0.000999252,0.562943,44776.3,168.453
860,7045120,5.27654,0.000999248,0.564682,40562,168.655
861,7053312,5.33959,0.000999243,0.560915,36275.5,168.881
862,7061504,5.41874,0.000999239,0.572768,43208.7,169.07
863,7069696,5.19324,0.000999235,0.596946,44296.4,169.255
864,7077888,5.15189,0.000999231,1.79078,44760.8,169.438
865,7086080,5.26519,0.000999226,0.596574,41690.4,169.635
866,7094272,5.20541,0.000999222,0.57889,39128.8,169.844
867,7102464,5.2016,0.000999218,0.541067,42704.3,170.036
868,7110656,5.43275,0.000999214,0.597248,44106.1,170.221
869,7118848,5.38593,0.000999209,0.613442,44770.4,170.404
870,7127040,5.30257,0.000999205,0.589399,42985.9,170.595
871,7135232,4.94463,0.000999201,0.57146,37822.1,170.812
872,7143424,5.31342,0.000999196,0.571317,42353.7,171.005
873,7151616,5.34762,0.000999192,0.55333,44237.5,171.19
874,7159808,5.19202,0.000999188,0.596696,44718.3,171.373
875,7168000,5.34338,0.000999183,0.572533,44114.9,171.559
876,7176192,5.4464,0.000999179,0.544935,44559.8,171.743
877,7184384,5.44013,0.000999175,0.593914,45830.4,171.922
878,7192576,5.2955,0.00099917,0.612674,45211.8,172.103
879,7200768,5.16395,0.000999166,0.582977,45408.8,172.283
880,7208960,5.30357,0.000999161,0.561515,39716.4,172.49
881,7217152,5.20589,0.000999157,0.594187,35961.9,172.717
882,7225344,5.38655,0.000999153,0.635017,44444.2,172.902
883,7233536,5.34062,0.000999148,0.69877,45013.4,173.084
884,7241728,5.34698,0.000999144,0.607313,45486.4,173.264
885,7249920,5.30204,0.000999139,0.633711,41468.9,173.461
886,7258112,5.33145,0.000999135,0.612498,38864.5,173.672
887,7266304,5.25385,0.00099913,0.626511,42906.8,173.863
888,7274496,5.18388,0.000999126,0.591906,44459.8,174.047
889,7282688,5.18884,0.000999121,0.566226,45559.6,174.227
890,7290880,5.36617,0.000999117,0.540844,42791.5,174.419
891,7299072,5.1085,0.000999112,0.600959,37017.8,174.64
892,7307264,5.1876,0.000999107,0.573182,42803.5,174.831
893,7315456,5.3427,0.000999103,0.589868,44195.7,175.017
894,7323648,5.27996,0.000999098,0.559893,45116.6,175.198
895,7331840,5.39794,0.000999094,0.619207,44374.5,175.383
896,7340032,5.29658,0.000999089,0.599313,42003.2,175.578
897,7348224,5.373,0.000999085,0.605044,42313.7,175.771
898,7356416,5.22274,0.00099908,0.600583,43889,175.958
899,7364608,5.37862,0.000999075,0.592246,45643.5,176.138
900,7372800,5.19441,0.000999071,0.611663,44963.7,176.32
901,7380992,5.2794,0.000999066,0.585461,42838.3,176.511
902,7389184,5.25676,0.000999061,0.587852,45613.7,176.691
903,7397376,5.2837,0.000999057,0.576349,45184.8,176.872
904,7405568,5.28446,0.000999052,0.584566,45431.3,177.052
905,7413760,5.24599,0.000999047,0.569018,39094.3,177.262
906,7421952,5.30262,0.000999042,0.532898,38968.9,177.472
907,7430144,5.26095,0.000999038,0.551945,44222.1,177.657
908,7438336,5.25465,0.000999033,0.556159,45479.1,177.837
909,7446528,5.37768,0.000999028,0.650326,45095.5,178.019
910,7454720,5.23212,0.000999023,0.551499,41397.2,178.217
911,7462912,5.33362,0.000999019,0.584357,37162.6,178.437
912,7471104,5.2684,0.000999014,0.661052,43456.2,178.626
913,7479296,5.37338,0.000999009,0.567038,44798,178.809
914,7487488,5.38009,0.000999004,0.617287,44745.1,178.992
915,7495680,5.30238,0.000998999,0.59216,42413.9,179.185
916,7503872,5.21906,0.000998995,0.585766,39759.2,179.391
917,7512064,5.28508,0.00099899,0.589575,42877.4,179.582
918,7520256,5.21443,0.000998985,0.569777,44216.6,179.767
919,7528448,5.19098,0.00099898,0.577738,44969.4,179.949
920,7536640,5.44846,0.000998975,0.582386,43787.6,180.136
921,7544832,5.12862,0.00099897,0.542085,38127.5,180.351
922,7553024,5.15158,0.000998965,0.607777,43238.5,180.541
923,7561216,5.29315,0.00099896,0.593482,44132.2,180.726
924,7569408,5.29289,0.000998955,0.572739,45318.6,180.907
925,7577600,5.33954,0.000998951,0.62377,44684.1,181.091
926,7585792,5.37025,0.000998946,0.553306,45677.9,181.27
927,7593984,5.25562,0.000998941,0.646899,45435.8,181.45
928,7602176,5.27995,0.000998936,0.611375,45388.2,181.631
929,7610368,5.29036,0.000998931,0.633819,45553.8,181.81
930,7618560,5.26243,0.000998926,0.582054,38580.6,182.023
931,7626752,5.11805,0.000998921,0.571364,36457.4,182.248
932,7634944,5.33044,0.000998916,0.646705,44982.6,182.43
933,7643136,5.20269,0.000998911,0.598723,45167.7,182.611
934,7651328,5.13124,0.000998906,0.611646,45009.2,182.793
935,7659520,5.39778,0.0009989,0.631809,40361.9,182.996
936,7667712,5.19582,0.000998895,0.680522,38786.2,183.207
937,7675904,5.11598,0.00099889,0.666307,43522.5,183.395
938,7684096,5.26484,0.000998885,0.590977,44605.5,183.579
939,7692288,5.25669,0.00099888,0.6723,44893.1,183.762
940,7700480,5.21274,0.000998875,0.655548,43224.5,183.951
941,7708672,5.31059,0.00099887,0.626169,37926.6,184.167
942,7716864,5.33407,0.000998865,0.614235,41926.7,184.362
943,7725056,5.16718,0.00099886,0.555258,44138.4,184.548
944,7733248,5.27767,0.000998854,0.546307,44633.4,184.732
945,7741440,5.24122,0.000998849,0.573956,44507.7,184.916
946,7749632,5.27572,0.000998844,0.613321,42581.3,185.108
947,7757824,5.28485,0.000998839,0.618932,41769.7,185.304
948,7766016,5.26253,0.000998834,0.577096,43606.5,185.492
949,7774208,5.21887,0.000998828,0.590407,44848.2,185.675
950,7782400,5.13235,0.000998823,0.610772,45061.7,185.856
951,7790592,5.24232,0.000998818,0.531639,41691.9,186.053
952,7798784,5.32553,0.000998813,0.653862,45515.1,186.233
953,7806976,5.34647,0.000998807,0.605111,45159.8,186.414
954,7815168,5.324,0.000998802,0.619477,45225,186.595
955,7823360,5.16779,0.000998797,0.69997,38610.7,186.808
956,7831552,5.14857,0.000998792,0.661189,38582.1,187.02
957,7839744,5.10003,0.000998786,0.623266,44183.7,187.205
958,7847936,5.42373,0.000998781,0.580158,45131.4,187.387
959,7856128,5.22542,0.000998776,0.864443,45265.4,187.568
960,7864320,5.19923,0.00099877,0.623114,40715,187.769
961,7872512,5.23874,0.000998765,0.581583,37419.8,187.988
962,7880704,5.25996,0.000998759,0.696346,43864.3,188.175
963,7888896,5.2747,0.000998754,0.612452,44529.4,188.359
964,7897088,5.2199,0.000998749,0.629115,45023.4,188.541
965,7905280,4.83469,0.000998743,0.604929,42479.7,188.734
966,7913472,5.20527,0.000998738,0.689965,39795.4,188.939
967,7921664,5.17204,0.000998732,0.616019,42810.9,189.131
968,7929856,5.27037,0.000998727,0.652589,44158.2,189.316
969,7938048,5.35803,0.000998722,0.557573,44866,189.499
970,7946240,5.11187,0.000998716,0.673364,43941.7,189.685
971,7954432,5.10485,0.000998711,0.568097,39452.5,189.893
972,7962624,5.15192,0.000998705,0.639493,43062.8,190.083
973,7970816,5.05695,0.0009987,0.590828,44034,190.269
974,7979008,5.38191,0.000998694,0.579285,45155,190.451
975,7987200,5.20493,0.000998689,0.626955,44483.8,190.635
976,7995392,5.40311,0.000998683,0.629786,45727.8,190.814
977,8003584,5.256,0.000998677,0.587827,45831.2,190.993
978,8011776,5.32121,0.000998672,0.667649,45823.9,191.171
979,8019968,5.18509,0.000998666,0.579392,45354.8,191.352
980,8028160,5.24961,0.000998661,0.592158,39799.1,191.558
981,8036352,5.06723,0.000998655,0.642929,35434.9,191.789
982,8044544,5.16448,0.00099865,0.62696,44427.4,191.973
983,8052736,5.09834,0.000998644,0.61,44952.5,192.156
984,8060928,5.11775,0.000998638,0.589877,44955.5,192.338
985,8069120,5.13766,0.000998633,0.687022,41740.3,192.534
986,8077312,5.18593,0.000998627,0.611336,38171.9,192.749
987,8085504,5.16779,0.000998621,0.658713,42492.6,192.942
988,8093696,5.11194,0.000998616,0.654796,44387.8,193.126
989,8101888,5.3469,0.00099861,0.684863,44771.7,193.309
990,8110080,5.28541,0.000998604,0.563673,42696.2,193.501
991,8118272,5.02187,0.000998599,0.582163,36950.7,193.723
992,8126464,5.09183,0.000998593,0.655089,42763.3,193.914
993,8134656,5.40619,0.000998587,0.632385,44156.2,194.1
994,8142848,5.28187,0.000998581,0.607833,44876,194.282
995,8151040,5.24757,0.000998576,0.594571,44473.1,194.466
996,8159232,5.38882,0.00099857,0.585008,42099.8,194.661
997,8167424,5.00322,0.000998564,0.560576,42857,194.852
998,8175616,5.25629,0.000998558,0.60496,43699,195.04
999,8183808,5.17763,0.000998552,0.586726,45002.7,195.222
1000,8192000,5.22442,0.000998547,0.6365,45146,195.403
1001,8200192,5.14771,0.000998541,0.589146,43260.7,195.593
1002,8208384,5.23142,0.000998535,0.604303,45968.5,195.771
1003,8216576,5.24226,0.000998529,0.557894,45574.9,195.95
1004,8224768,5.1056,0.000998523,0.595255,45161.9,196.132
1005,8232960,5.02353,0.000998517,0.585297,38538.7,196.344
1006,8241152,5.19934,0.000998511,0.652535,38065.1,196.56
1007,8249344,5.17308,0.000998506,0.659043,44374.9,196.744
1008,8257536,5.25223,0.0009985,0.56678,45324.7,196.925
1009,8265728,5.20422,0.000998494,0.637419,45434.7,197.105
1010,8273920,5.14473,0.000998488,0.586701,40542.9,197.307
1011,8282112,5.27063,0.000998482,0.638528,36780.9,197.53
1012,8290304,5.05527,0.000998476,0.626412,44227,197.715
1013,8298496,5.32484,0.00099847,0.561538,44608.8,197.899
1014,8306688,5.14221,0.000998464,0.592112,45021.7,198.081
1015,8314880,5.19838,0.000998458,0.607488,42044,198.276
1016,8323072,5.05145,0.000998452,0.55364,39446,198.483
1017,8331264,5.05746,0.000998446,0.548619,42728.8,198.675
1018,8339456,5.09554,0.00099844,0.578761,44103.5,198.861
1019,8347648,5.04402,0.000998434,0.626442,45020.1,199.043
1020,8355840,5.15828,0.000998428,0.575055,43356.7,199.232
1021,8364032,5.17073,0.000998422,0.58233,39093.6,199.441
1022,8372224,5.1832,0.000998416,0.575524,42904.9,199.632
1023,8380416,5.16814,0.00099841,0.601139,44440.4,199.817
1024,8388608,5.1148,0.000998404,0.601894,45165.5,199.998
1025,8396800,5.22819,0.000998397,0.612237,44890.6,200.18
1026,8404992,5.2457,0.000998391,0.648209,45981.9,200.359
1027,8413184,5.05652,0.000998385,0.605735,45795,200.538
1028,8421376,5.14808,0.000998379,0.62457,45657.3,200.717
1029,8429568,5.15523,0.000998373,0.573786,45566.1,200.897
1030,8437760,5.09614,0.000998367,0.711597,40698.9,201.098
1031,8445952,5.18381,0.000998361,0.628998,35853.9,201.327
1032,8454144,4.97891,0.000998354,0.618267,44699,201.51
1033,8462336,5.0583,0.000998348,0.605318,45345.9,201.69
1034,8470528,4.98102,0.000998342,0.641759,44991.8,201.873
1035,8478720,4.98137,0.000998336,0.598305,42067.7,202.067
1036,8486912,5.16812,0.000998329,0.65103,38759.7,202.279
1037,8495104,5.05797,0.000998323,0.606745,42843.3,202.47
1038,8503296,4.97817,0.000998317,0.647826,44914.5,202.652
1039,8511488,5.30262,0.000998311,0.610778,44834.1,202.835
1040,8519680,5.13708,0.000998304,0.57688,42881.7,203.026
1041,8527872,5.1633,0.000998298,0.599567,37959.4,203.242
1042,8536064,5.31385,0.000998292,0.589924,42249.1,203.436
1043,8544256,5.04454,0.000998286,0.61083,44292.7,203.621
1044,8552448,5.14199,0.000998279,0.657092,45291.1,203.801
1045,8560640,5.17763,0.000998273,0.626305,45347.3,203.982
1046,8568832,4.98238,0.000998266,0.603693,43270.3,204.171
1047,8577024,5.12284,0.00099826,0.566586,42535.2,204.364
1048,8585216,5.19694,0.000998254,0.650093,43999.2,204.55
1049,8593408,4.89654,0.000998247,0.606645,45075.2,204.732
1050,8601600,5.30116,0.000998241,0.641872,45110.1,204.914
1051,8609792,5.04459,0.000998235,0.60839,42475.6,205.106
1052,8617984,5.03128,0.000998228,0.597042,45826.7,205.285
1053,8626176,5.10845,0.000998222,0.647309,45725.3,205.464
1054,8634368,5.13376,0.000998215,0.582385,45869.4,205.643
1055,8642560,4.97914,0.000998209,0.614937,39384,205.851
1056,8650752,5.33093,0.000998202,0.599218,38655.6,206.063
1057,8658944,4.94888,0.000998196,0.562231,44226.5,206.248
1058,8667136,5.07509,0.000998189,0.591295,45440.4,206.428
1059,8675328,5.23726,0.000998183,0.569955,45065.8,206.61
1060,8683520,5.25484,0.000998176,0.618018,41864.3,206.806
1061,8691712,5.12529,0.00099817,0.610592,37191.7,207.026
1062,8699904,5.15756,0.000998163,0.599722,43550.1,207.214
1063,8708096,5.20667,0.000998157,0.580418,44717.4,207.397
1064,8716288,5.03419,0.00099815,0.557821,45045.7,207.579
1065,8724480,4.90142,0.000998144,0.609034,43366,207.768
1066,8732672,5.0538,0.000998137,0.621351,40263,207.972
1067,8740864,5.12595,0.00099813,0.678066,42549.9,208.164
1068,8749056,5.19516,0.000998124,0.616634,43858,208.351
1069,8757248,5.17264,0.000998117,0.592338,45667.2,208.53
1070,8765440,5.28193,0.000998111,0.580841,44805.6,208.713
1071,8773632,5.16924,0.000998104,0.628992,40330.2,208.916
1072,8781824,4.99923,0.000998097,0.573177,43193.4,209.106
1073,8790016,5.14909,0.000998091,0.61478,43674.6,209.294
1074,8798208,5.11747,0.000998084,0.587535,45323.8,209.474
1075,8806400,5.00488,0.000998077,0.596122,45301.7,209.655
1076,8814592,5.19162,0.000998071,0.692566,44063.3,209.841
1077,8822784,4.80824,0.000998064,0.585718,44736.2,210.024
1078,8830976,5.03921,0.000998057,0.609158,44830.1,210.207
1079,8839168,5.13014,0.00099805,0.657493,44724.4,210.39
1080,8847360,4.90456,0.000998044,0.625512,38683.8,210.602
1081,8855552,5.08571,0.000998037,0.682865,35159.8,210.835
1082,8863744,4.95496,0.00099803,0.587643,44553.8,211.019
1083,8871936,5.13537,0.000998023,0.64443,45108.1,211.2
1084,8880128,5.05088,0.000998017,0.649447,45330.3,211.381
1085,8888320,5.17453,0.00099801,0.623043,42775.4,211.572
1086,8896512,5.06458,0.000998003,0.618971,39401.1,211.78
1087,8904704,5.1004,0.000997996,0.610399,42963.6,211.971
1088,8912896,5.27112,0.000997989,0.687174,44910.1,212.153
1089,8921088,5.34291,0.000997982,0.643071,45497.3,212.334
1090,8929280,5.14328,0.000997976,0.669981,44241.7,212.519
1091,8937472,4.97966,0.000997969,0.599425,38755.4,212.73
1092,8945664,4.96136,0.000997962,0.598939,42789.3,212.922
1093,8953856,5.19637,0.000997955,0.603105,44255.2,213.107
1094,8962048,4.99261,0.000997948,0.61817,45311.5,213.287
1095,8970240,5.30008,0.000997941,0.607969,45012.4,213.469
1096,8978432,4.89878,0.000997934,0.596112,43323,213.659
1097,8986624,5.23324,0.000997927,0.690848,42442.8,213.852
1098,8994816,5.06647,0.00099792,0.618921,43701.1,214.039
1099,9003008,5.04459,0.000997913,0.60006,44847.6,214.222
1100,9011200,4.98164,0.000997906,0.602261,45243.4,214.403
1101,9019392,5.0469,0.000997899,0.627494,43101.9,214.593
1102,9027584,5.0733,0.000997892,0.623178,46237.4,214.77
1103,9035776,5.26807,0.000997885,0.597054,45787.2,214.949
1104,9043968,4.90443,0.000997878,0.614955,45770.6,215.128
1105,9052160,5.10663,0.000997871,0.592017,39975.4,215.333
1106,9060352,5.11447,0.000997864,0.591983,38900.7,215.543
1107,9068544,5.13081,0.000997857,0.633628,44730.9,215.726
1108,9076736,5.00068,0.00099785,0.611839,45276.2,215.907
1109,9084928,4.92992,0.000997843,0.61932,45540.3,216.087
1110,9093120,5.05055,0.000997836,0.620707,42867,216.278
1111,9101312,4.82971,0.000997829,0.641177,37888.4,216.495
1112,9109504,5.04287,0.000997822,0.586652,44179.1,216.68
1113,9117696,4.90984,0.000997814,0.621722,44767,216.863
1114,9125888,4.96449,0.000997807,0.576025,45355.9,217.044
1115,9134080,5.29249,0.0009978,0.623667,44341.4,217.228
1116,9142272,5.07128,0.000997793,0.596282,40903.5,217.429
1117,9150464,5.13028,0.000997786,0.645894,43027.5,217.619
1118,9158656,5.07372,0.000997779,0.626565,44418.2,217.804
1119,9166848,5.03252,0.000997771,0.587247,45087.7,217.985
1120,9175040,5.00936,0.000997764,0.642,44506.7,218.169
1121,9183232,5.1185,0.000997757,0.615272,38457.7,218.382
1122,9191424,4.96557,0.00099775,0.660919,43382.9,218.571
1123,9199616,5.08643,0.000997742,0.599621,44659.5,218.755
1124,9207808,5.06768,0.000997735,0.582564,45281.8,218.935
1125,9216000,5.1452,0.000997728,0.700956,44488.5,219.12
1126,9224192,5.11564,0.000997721,0.646865,44981.4,219.302
1127,9232384,5.13323,0.000997713,0.643357,45965.8,219.48
1128,9240576,5.18822,0.000997706,0.704315,45812.5,219.659
1129,9248768,5.06251,0.000997699,0.640112,45928.1,219.837
1130,9256960,5.09312,0.000997691,0.612682,40432.6,220.04
1131,9265152,4.93151,0.000997684,0.618237,35835.2,220.268
1132,9273344,5.1334,0.000997677,0.649565,45363.1,220.449
1133,9281536,5.24691,0.000997669,1.26957,45576.8,220.629
1134,9289728,4.95526,0.000997662,0.599971,45978.1,220.807
1135,9297920,5.2528,0.000997655,0.675471,42306.6,221
1136,9306112,5.05039,0.000997647,0.64041,39313,221.209
1137,9314304,5.10688,0.00099764,0.660786,43518.1,221.397
1138,9322496,4.99672,0.000997632,0.653758,45220,221.578
1139,9330688,5.1861,0.000997625,0.674928,45490.2,221.758
1140,9338880,5.18258,0.000997618,28.6726,44405.6,221.943
1141,9347072,5.06978,0.00099761,0.626443,37779.2,222.16
1142,9355264,5.06533,0.000997603,0.691486,44006,222.346
1143,9363456,4.86616,0.000997595,0.711858,44690.4,222.529
1144,9371648,4.91638,0.000997588,0.682772,45586.7,222.709
1145,9379840,4.9753,0.00099758,0.632286,44741.6,222.892
1146,9388032,5.03503,0.000997573,0.64287,42288.8,223.086
1147,9396224,5.09808,0.000997565,0.598251,42473.3,223.278
1148,9404416,5.23126,0.000997558,0.615606,44718.1,223.462
1149,9412608,5.15156,0.00099755,0.621133,45141.5,223.643
1150,9420800,5.19157,0.000997542,0.617554,45656.5,223.823
1151,9428992,5.19493,0.000997535,0.629847,42870.7,224.014
1152,9437184,5.11716,0.000997527,0.61552,45959.3,224.192
1153,9445376,4.90469,0.00099752,0.6569,46190.7,224.369
1154,9453568,4.97097,0.000997512,0.61677,45603.1,224.549
1155,9461760,4.90656,0.000997504,0.605817,39410.7,224.757
1156,9469952,5.1027,0.000997497,0.597972,39138.3,224.966
1157,9478144,5.16016,0.000997489,0.63291,44721.2,225.149
1158,9486336,5.10481,0.000997482,0.683091,45278.2,225.33
1159,9494528,5.03092,0.000997474,0.596589,45589.2,225.51
1160,9502720,4.99278,0.000997466,0.611058,41990,225.705
1161,9510912,5.09901,0.000997458,0.627076,37884.6,225.921
1162,9519104,5.07594,0.000997451,0.654087,44433.3,226.106
1163,9527296,5.24946,0.000997443,0.674243,45194.8,226.287
1164,9535488,4.99447,0.000997435,0.633263,45561.9,226.467
1165,9543680,5.13481,0.000997428,0.654181,43308.2,226.656
1166,9551872,4.90999,0.00099742,0.598861,40735,226.857
1167,9560064,4.91113,0.000997412,0.622653,43410.3,227.046
1168,9568256,5.08683,0.000997404,0.622997,44724.7,227.229
1169,9576448,5.07419,0.000997397,0.657629,45405.1,227.409
1170,9584640,4.92053,0.000997389,0.652442,44278.2,227.594
1171,9592832,5.10057,0.000997381,0.622224,39667.3,227.801
1172,9601024,4.98866,0.000997373,0.646383,43284.5,227.99
1173,9609216,4.97042,0.000997365,0.599854,44408.2,228.174
1174,9617408,5.12762,0.000997357,0.634684,45096.5,228.356
1175,9625600,4.95102,0.00099735,0.608433,44894.8,228.539
1176,9633792,5.04476,0.000997342,0.625353,44062.6,228.724
1177,9641984,4.99011,0.000997334,0.588534,45518.7,228.904
1178,9650176,5.14366,0.000997326,0.618558,46098.5,229.082
1179,9658368,5.25051,0.000997318,0.616522,45787,229.261
1180,9666560,5.04302,0.00099731,0.643569,40997.6,229.461
1181,9674752,4.93107,0.000997302,0.604076,36088.9,229.688
1182,9682944,5.12544,0.000997294,0.64015,44755,229.871
1183,9691136,4.99206,0.000997286,0.66752,45768.2,230.05
1184,9699328,4.9648,0.000997278,0.596519,45870.1,230.229
1185,9707520,5.01303,0.00099727,0.612484,43035.3,230.419
1186,9715712,4.88286,0.000997263,0.644106,39452.8,230.627
1187,9723904,4.99369,0.000997255,0.643472,43265.7,230.816
1188,9732096,5.05827,0.000997247,0.606155,45368.1,230.996
1189,9740288,5.07902,0.000997238,0.649873,45746.1,231.175
1190,9748480,5.21534,0.00099723,0.670178,44102.2,231.361
1191,9756672,5.09802,0.000997222,0.604187,38294.1,231.575
1192,9764864,5.00242,0.000997214,0.617158,42809.2,231.767
1193,9773056,4.99112,0.000997206,0.644788,45127,231.948
1194,9781248,5.11869,0.000997198,0.621947,45688.4,232.127
1195,9789440,4.94165,0.00099719,0.660893,44909.5,232.31
1196,9797632,4.97681,0.000997182,0.636585,42561.7,232.502
1197,9805824,4.86918,0.000997174,0.606224,42880.7,232.693
1198,9814016,5.13984,0.000997166,0.647289,43966.8,232.88
1199,9822208,4.90378,0.000997158,0.688576,45472.9,233.06
1200,9830400,4.9288,0.00099715,0.689898,45376.1,233.24
1201,9838592,4.84495,0.000997141,0.656903,43449.8,233.429
1202,9846784,5.04502,0.000997133,0.641028,46576,233.605
1203,9854976,5.17697,0.000997125,0.646386,46215.3,233.782
1204,9863168,4.81871,0.000997117,0.681515,46112.4,233.96
1205,9871360,4.78315,0.000997109,0.712928,40354.3,234.163
1206,9879552,4.93482,0.0009971,0.662497,39177.9,234.372
1207,9887744,5.00714,0.000997092,0.643057,45207.1,234.553
1208,9895936,5.11839,0.000997084,0.610947,45783.7,234.732
1209,9904128,4.96838,0.000997076,0.633659,45949.5,234.91
1210,9912320,4.85004,0.000997068,0.641589,43631.6,235.098
1211,9920512,4.96136,0.000997059,0.65117,37393.3,235.317
1212,9928704,5.00062,0.000997051,0.609527,43808.8,235.504
1213,9936896,5.00497,0.000997043,0.616077,45235.4,235.685
1214,9945088,5.00954,0.000997034,0.600106,45616.9,235.865
1215,9953280,5.12082,0.000997026,0.639626,44799.3,236.048
1216,9961472,5.09516,0.000997018,0.615659,41488.8,236.245
1217,9969664,5.08859,0.000997009,0.649368,41994.3,236.44
1218,9977856,4.87464,0.000997001,0.637841,44073,236.626
1219,9986048,4.94806,0.000996993,0.615539,45655.2,236.805
1220,9994240,4.97543,0.000996984,0.652365,44841.9,236.988
1221,10002432,5.0315,0.000996976,0.633361,40299.3,237.191
1222,10010624,4.95816,0.000996968,0.593899,42497,237.384
1223,10018816,5.0939,0.000996959,0.641712,43500.8,237.572
1224,10027008,5.03556,0.000996951,0.612146,45073.1,237.754
1225,10035200,4.9048,0.000996942,0.562078,45235.4,237.935
1226,10043392,4.92982,0.000996934,0.630296,43978.7,238.122
1227,10051584,4.90846,0.000996925,0.575549,45166.7,238.303
1228,10059776,4.94654,0.000996917,0.636471,45097.4,238.485
1229,10067968,5.07018,0.000996908,0.629355,45807.2,238.663
1230,10076160,4.93743,0.0009969,0.575716,40340.1,238.866
1231,10084352,5.02711,0.000996891,0.606714,35534.1,239.097
1232,10092544,5.0963,0.000996883,0.619568,44615.9,239.281
1233,10100736,5.13505,0.000996874,0.694614,45209.5,239.462
1234,10108928,5.00999,0.000996866,0.638392,45364.7,239.642
1235,10117120,4.99751,0.000996857,0.618196,43093.9,239.832
1236,10125312,4.73578,0.000996849,0.64499,39301.6,240.041
1237,10133504,4.9072,0.00099684,0.626018,42626.2,240.233
1238,10141696,5.06538,0.000996832,0.614843,44813.4,240.416
1239,10149888,5.03381,0.000996823,0.590087,45159.4,240.597
1240,10158080,4.81983,0.000996814,0.635291,44159.9,240.783
1241,10166272,4.93901,0.000996806,0.610241,38884.1,240.993
1242,10174464,5.01352,0.000996797,0.627085,42681.9,241.185
1243,10182656,5.05368,0.000996789,0.645328,44158.6,241.371
1244,10190848,5.06095,0.00099678,0.617903,45148,241.552
1245,10199040,4.84365,0.000996771,0.627581,44940.9,241.735
1246,10207232,4.9618,0.000996763,0.631607,43708.4,241.922
1247,10215424,4.9911,0.000996754,0.701285,42374.4,242.115
1248,10223616,5.06866,0.000996745,0.665762,44170.2,242.301
1249,10231808,5.10553,0.000996736,0.681968,44823.8,242.484
1250,10240000,5.08813,0.000996728,0.672276,45410.9,242.664
1251,10248192,5.12879,0.000996719,0.65508,41969.8,242.859
1252,10256384,4.91141,0.00099671,0.643574,45897.3,243.038
1253,10264576,5.09572,0.000996701,0.615281,46182.9,243.215
1254,10272768,5.07233,0.000996693,0.633769,46245.9,243.392
1255,10280960,4.92624,0.000996684,0.615571,41480.9,243.59
1256,10289152,4.94542,0.000996675,0.627251,38215.6,243.804
1257,10297344,4.89594,0.000996666,0.682033,44514.4,243.988
1258,10305536,4.98753,0.000996658,0.640918,45592.1,244.168
1259,10313728,4.9766,0.000996649,0.63783,45949.9,244.346
1260,10321920,5.11709,0.00099664,0.622228,43957,244.532
1261,10330112,4.84048,0.000996631,0.582057,37634.1,244.75
1262,10338304,5.21023,0.000996622,0.607616,44213.3,244.935
1263,10346496,5.02862,0.000996613,0.760586,45007.2,245.117
1264,10354688,4.89046,0.000996604,0.672888,45600.9,245.297
1265,10362880,4.81725,0.000996596,0.663878,44859.6,245.48
1266,10371072,4.7479,0.000996587,0.66078,41002.6,245.679
1267,10379264,5.11288,0.000996578,0.666406,43054.2,245.87
1268,10387456,5.06861,0.000996569,0.659239,44142.4,246.055
1269,10395648,4.91706,0.00099656,0.862795,45542.3,246.235
1270,10403840,4.95299,0.000996551,0.624846,45293.9,246.416
1271,10412032,5.14519,0.000996542,0.682346,40277.1,246.619
1272,10420224,5.11126,0.000996533,0.61728,43211.5,246.809
1273,10428416,5.00694,0.000996524,0.677081,44154.1,246.995
1274,10436608,4.79683,0.000996515,0.677705,44899,247.177
1275,10444800,4.77153,0.000996506,0.694655,45519.9,247.357
1276,10452992,4.97834,0.000996497,0.707463,45623.7,247.537
1277,10461184,4.75288,0.000996488,0.689232,46050.9,247.714
1278,10469376,5.03329,0.000996479,0.666656,46400.3,247.891
1279,10477568,5.09512,0.00099647,0.688648,46035.5,248.069
1280,10485760,4.98456,0.000996461,0.723644,40726.8,248.27
1281,10493952,4.77274,0.000996452,0.652053,36560,248.494
1282,10502144,4.83257,0.000996443,0.629511,45056.2,248.676
1283,10510336,5.22365,0.000996433,0.63786,45654,248.855
1284,10518528,4.95275,0.000996424,0.655557,46014.6,249.033
1285,10526720,4.94935,0.000996415,0.616459,43605.5,249.221
1286,10534912,5.009,0.000996406,0.616961,40096.8,249.426
1287,10543104,5.00657,0.000996397,0.614764,43273.4,249.615
1288,10551296,4.83201,0.000996388,0.615773,45358.4,249.796
1289,10559488,4.75583,0.000996379,0.638208,45568.6,249.975
1290,10567680,4.96237,0.000996369,0.627349,44990,250.157
1291,10575872,4.92724,0.00099636,0.650376,38244.3,250.372
1292,10584064,4.95715,0.000996351,0.970464,43230.5,250.561
1293,10592256,5.15017,0.000996342,0.626795,44187,250.746
1294,10600448,4.89573,0.000996333,0.613088,45471.2,250.927
1295,10608640,5.0197,0.000996323,0.642867,45160.6,251.108
1296,10616832,4.93338,0.000996314,0.629866,43015.7,251.298
1297,10625024,5.06063,0.000996305,0.718425,42365.4,251.492
1298,10633216,4.88954,0.000996295,0.666237,44026.8,251.678
1299,10641408,4.84261,0.000996286,0.66722,45202,251.859
1300,10649600,4.94214,0.000996277,0.607901,45485.5,252.039
1301,10657792,4.69709,0.000996268,0.672704,42837.5,252.23
1302,10665984,4.86513,0.000996258,0.734722,46501.8,252.407
1303,10674176,4.94045,0.000996249,0.653875,46025.8,252.585
1304,10682368,4.92899,0.00099624,0.630854,45980.5,252.763
1305,10690560,4.95618,0.00099623,0.659973,40400,252.966
1306,10698752,4.86288,0.000996221,0.633553,39529.8,253.173
1307,10706944,4.98808,0.000996211,0.659389,45170.8,253.354
1308,10715136,4.95539,0.000996202,0.62571,45774.8,253.533
1309,10723328,5.05098,0.000996193,0.632594,46021.2,253.711
1310,10731520,4.84653,0.000996183,0.670785,42857.5,253.902
1311,10739712,5.07084,0.000996174,0.609628,37674.9,254.12
1312,10747904,4.95347,0.000996164,0.629544,44571.7,254.303
1313,10756096,4.82629,0.000996155,0.640546,45548.2,254.483
1314,10764288,5.08598,0.000996145,0.619418,45611.5,254.663
1315,10772480,5.04804,0.000996136,0.64042,44574.1,254.847
1316,10780672,5.04408,0.000996126,0.627967,41007.7,255.046
1317,10788864,4.9932,0.000996117,0.629955,42877.8,255.238
1318,10797056,4.984,0.000996107,0.613386,45235.6,255.419
1319,10805248,4.75735,0.000996098,0.670989,45379.4,255.599
1320,10813440,5.00543,0.000996088,0.685418,45458.6,255.779
1321,10821632,4.91736,0.000996079,0.593006,38777,255.991
1322,10829824,4.90536,0.000996069,0.685959,43136.5,256.181
1323,10838016,4.81068,0.00099606,0.618159,44445.3,256.365
1324,10846208,4.91565,0.00099605,0.661225,45314.2,256.546
1325,10854400,4.85822,0.000996041,0.675688,44944.7,256.728
1326,10862592,5.00274,0.000996031,0.561956,44885.8,256.91
1327,10870784,4.90877,0.000996021,0.624907,45701.8,257.09
1328,10878976,4.79281,0.000996012,0.642974,45807.9,257.268
1329,10887168,5.00134,0.000996002,0.645646,46017.2,257.447
1330,10895360,4.85158,0.000995992,0.615238,40032.4,257.651
1331,10903552,4.9376,0.000995983,0.661491,37210.9,257.871
1332,10911744,4.9395,0.000995973,0.696068,45206,258.053
1333,10919936,4.79905,0.000995963,0.618066,45606.1,258.232
1334,10928128,4.90256,0.000995954,0.655351,45982.5,258.41
1335,10936320,4.85372,0.000995944,0.632411,42669.7,258.602
1336,10944512,4.9947,0.000995934,0.614108,39717.2,258.809
1337,10952704,5.03578,0.000995925,0.614154,43609.3,258.996
1338,10960896,4.90464,0.000995915,0.620853,45095.8,259.178
1339,10969088,4.95726,0.000995905,1.5499,45690.1,259.357
1340,10977280,4.89785,0.000995895,0.645351,44293.3,259.542
1341,10985472,4.84726,0.000995886,0.732813,38155.5,259.757
1342,10993664,4.72198,0.000995876,0.665809,43602.5,259.945
1343,11001856,4.79535,0.000995866,0.680529,44591.4,260.129
1344,11010048,4.83211,0.000995856,0.645934,45455.6,260.309
1345,11018240,4.7197,0.000995846,0.665192,44820.2,260.492
1346,11026432,4.86288,0.000995837,0.653688,43027.5,260.682
1347,11034624,4.95715,0.000995827,0.703967,42978.7,260.873
1348,11042816,4.89798,0.000995817,0.666945,44532.9,261.057
1349,11051008,4.96005,0.000995807,0.646693,45067.3,261.238
1350,11059200,4.82925,0.000995797,0.671454,45256.7,261.419
1351,11067392,4.78594,0.000995787,0.658327,41347.4,261.617
1352,11075584,4.88741,0.000995777,0.705726,46274,261.794
1353,11083776,4.90528,0.000995767,0.710505,46139.5,261.972
1354,11091968,4.92316,0.000995757,0.614741,45802.4,262.151
1355,11100160,4.89197,0.000995748,0.685271,40243.5,262.354
1356,11108352,4.70682,0.000995738,0.631189,39244.5,262.563
1357,11116544,4.89674,0.000995728,0.705233,44983.3,262.745
1358,11124736,4.75672,0.000995718,0.647506,46093.7,262.923
1359,11132928,4.97149,0.000995708,0.666191,45903.9,263.101
1360,11141120,4.95196,0.000995698,0.629375,43784,263.289
1361,11149312,4.81877,0.000995688,0.623655,37415.9,263.508
1362,11157504,5.07562,0.000995678,0.613834,43584.2,263.695
1363,11165696,4.89082,0.000995668,0.606051,45123.8,263.877
1364,11173888,4.82157,0.000995658,0.656228,45926.9,264.055
1365,11182080,4.93423,0.000995647,0.642932,44794.1,264.238
1366,11190272,4.95358,0.000995637,0.60044,41122.2,264.437
1367,11198464,5.01778,0.000995627,0.64356,42552,264.63
1368,11206656,5.11285,0.000995617,0.624442,44240.6,264.815
1369,11214848,4.99697,0.000995607,0.643563,45667.9,264.995
1370,11223040,5.03265,0.000995597,0.607938,45301.6,265.175
1371,11231232,4.93646,0.000995587,0.64173,39980.1,265.38
1372,11239424,4.83578,0.000995577,0.637329,42589.1,265.573
1373,11247616,4.96699,0.000995567,0.665175,43533.4,265.761
1374,11255808,5.0548,0.000995556,0.686344,45063.3,265.943
1375,11264000,4.91215,0.000995546,0.637441,45233.1,266.124
1376,11272192,4.8893,0.000995536,0.699595,45550.3,266.304
1377,11280384,4.80336,0.000995526,0.665248,45508.8,266.484
1378,11288576,4.86086,0.000995516,0.650195,45252.2,266.665
1379,11296768,4.93972,0.000995506,0.701298,45779.4,266.844
1380,11304960,5.06442,0.000995495,0.611146,40296.1,267.047
1381,11313152,4.75791,0.000995485,0.635154,35777.4,267.276
1382,11321344,4.84147,0.000995475,0.666827,45291.4,267.457
1383,11329536,4.99594,0.000995465,0.660029,45399.1,267.637
1384,11337728,4.89328,0.000995454,0.727441,45768.3,267.816
1385,11345920,4.87816,0.000995444,0.668255,43342.2,268.005
1386,11354112,4.74644,0.000995434,0.618103,39639,268.212
1387,11362304,5.0285,0.000995423,0.715474,43794.3,268.399
1388,11370496,5.10472,0.000995413,0.64379,45356.2,268.579
1389,11378688,4.88254,0.000995403,0.702754,45436.5,268.76
1390,11386880,4.60731,0.000995392,0.659306,44113.6,268.945
1391,11395072,4.80196,0.000995382,0.63691,38385.7,269.159
1392,11403264,4.88449,0.000995372,0.705299,42783.9,269.35
1393,11411456,5.0927,0.000995361,0.632811,44678.8,269.534
1394,11419648,4.97494,0.000995351,0.716321,45371.1,269.714
1395,11427840,4.99665,0.000995341,0.675182,44859.3,269.897
1396,11436032,4.80989,0.00099533,0.673898,42951.9,270.088
1397,11444224,4.95446,0.00099532,0.639185,42436.7,270.281
1398,11452416,5.02781,0.000995309,0.613454,44321.9,270.465
1399,11460608,5.0721,0.000995299,0.622808,45258.3,270.646
1400,11468800,4.71833,0.000995288,0.606489,45452.2,270.827
1401,11476992,5.04091,0.000995278,0.642115,42791.9,271.018
1402,11485184,4.86891,0.000995267,0.652794,46252.6,271.195
1403,11493376,4.96018,0.000995257,0.622162,46210.9,271.373
1404,11501568,4.8462,0.000995246,0.636222,46041.1,271.55
1405,11509760,5.03116,0.000995236,0.65404,40295.6,271.754
1406,11517952,4.9322,0.000995225,0.73102,40127.3,271.958
1407,11526144,4.90549,0.000995215,0.627884,45139.3,272.139
1408,11534336,4.73347,0.000995204,0.642297,45905.4,272.318
1409,11542528,4.70593,0.000995194,0.636318,45939.4,272.496
1410,11550720,4.90033,0.000995183,0.665444,43264.2,272.685
1411,11558912,4.9218,0.000995173,0.652785,37951,272.901
1412,11567104,5.02016,0.000995162,2.04587,44390.9,273.086
1413,11575296,4.90529,0.000995151,0.702041,45221.2,273.267
1414,11583488,4.91916,0.000995141,0.823837,45643.7,273.447
1415,11591680,4.6687,0.00099513,0.666768,44134.2,273.632
1416,11599872,4.97859,0.000995119,0.664529,41246,273.831
1417,11608064,4.91838,0.000995109,0.663136,42812.3,274.022
1418,11616256,5.0581,0.000995098,0.643353,44828.8,274.205
1419,11624448,4.85355,0.000995087,0.644751,45518.3,274.385
1420,11632640,4.95254,0.000995077,0.669848,44693.8,274.568
1421,11640832,4.79483,0.000995066,0.698085,40301.1,274.771
1422,11649024,5.00536,0.000995055,0.657571,43320.9,274.96
1423,11657216,5.0089,0.000995045,0.652099,44319.4,275.145
1424,11665408,4.83919,0.000995034,0.651158,45482.7,275.325
1425,11673600,5.01532,0.000995023,0.632204,45160.4,275.507
1426,11681792,4.92952,0.000995012,0.667602,46263.1,275.684
1427,11689984,4.79226,0.000995002,0.669838,45942.4,275.862
1428,11698176,4.81517,0.000994991,0.648041,46033.1,276.04
1429,11706368,4.88286,0.00099498,0.641383,45748.4,276.219
1430,11714560,4.7252,0.000994969,0.631475,40945.9,276.419
1431,11722752,4.84324,0.000994958,0.631154,35525.2,276.65
1432,11730944,4.95368,0.000994948,0.627873,45840.4,276.829
1433,11739136,4.94465,0.000994937,0.587102,45749.1,277.008
1434,11747328,4.90906,0.000994926,0.722318,45776.5,277.187
1435,11755520,4.99676,0.000994915,0.680193,44160.9,277.372
1436,11763712,4.90557,0.000994904,0.744891,40046.4,277.577
1437,11771904,5.08603,0.000994893,0.707259,42925.8,277.768
1438,11780096,4.87897,0.000994882,0.707075,45193,277.949
1439,11788288,5.11392,0.000994871,0.682653,45634.5,278.128
1440,11796480,4.8105,0.000994861,0.687048,44840,278.311
1441,11804672,4.98351,0.00099485,0.640423,38393.1,278.524
1442,11812864,4.90822,0.000994839,0.719567,43008.9,278.715
1443,11821056,4.90135,0.000994828,0.633207,44477.2,278.899
1444,11829248,4.95899,0.000994817,0.671805,45176.5,279.08
1445,11837440,4.87346,0.000994806,0.642234,45254.5,279.261
1446,11845632,4.97861,0.000994795,0.697866,42983.6,279.452
1447,11853824,4.56923,0.000994784,0.655416,42106.5,279.647
1448,11862016,4.8571,0.000994773,0.623895,43769.5,279.834
1449,11870208,4.77551,0.000994762,0.656531,45288.7,280.015
1450,11878400,4.72112,0.000994751,0.700535,45601,280.194
1451,11886592,4.81614,0.00099474,0.655726,41682.5,280.391
1452,11894784,4.97109,0.000994729,0.647582,46015.8,280.569
1453,11902976,4.86865,0.000994718,0.702114,46055.2,280.747
1454,11911168,4.84604,0.000994706,0.64863,46135,280.924
1455,11919360,4.82133,0.000994695,0.650041,39642.9,281.131
1456,11927552,4.61148,0.000994684,0.718328,38800.3,281.342
1457,11935744,4.89878,0.000994673,0.644791,44715.5,281.525
1458,11943936,4.92551,0.000994662,0.64779,46027.9,281.703
1459,11952128,4.66151,0.000994651,0.652029,45773.9,281.882
1460,11960320,4.80758,0.00099464,0.660179,43149.3,282.072
1461,11968512,4.84808,0.000994629,0.639032,37485.7,282.291
1462,11976704,4.80847,0.000994617,0.680456,43589.8,282.478
1463,11984896,4.72174,0.000994606,0.689859,45273.3,282.659
1464,11993088,4.76361,0.000994595,0.623307,45877.6,282.838
1465,12001280,4.60206,0.000994584,0.665465,44307.4,283.023
1466,12009472,4.85066,0.000994573,0.646098,40925.6,283.223
1467,12017664,4.72858,0.000994561,0.643252,42594.9,283.415
1468,12025856,4.90263,0.00099455,0.640695,44511.3,283.599
1469,12034048,4.89109,0.000994539,0.620588,45440.2,283.78
1470,12042240,4.78956,0.000994528,1.06023,44723.7,283.963
1471,12050432,4.73764,0.000994516,0.680855,39928.6,284.168
1472,12058624,4.85895,0.000994505,0.615184,42622.4,284.36
1473,12066816,4.74892,0.000994494,0.694836,44087,284.546
1474,12075008,4.81972,0.000994482,0.688057,45203.1,284.727
1475,12083200,4.91795,0.000994471,0.655424,44987.4,284.909
1476,12091392,4.68302,0.00099446,0.660649,44123.1,285.095
1477,12099584,4.6923,0.000994448,0.65906,45503.5,285.275
1478,12107776,4.83467,0.000994437,0.663688,45515.2,285.455
1479,12115968,4.85192,0.000994426,0.630794,45977.7,285.633
1480,12124160,4.651,0.000994414,0.639695,40098.7,285.838
1481,12132352,4.88514,0.000994403,0.729762,36445.5,286.062
1482,12140544,4.80589,0.000994391,0.647162,44721.6,286.245
1483,12148736,4.94151,0.00099438,0.686228,45577.8,286.425
1484,12156928,4.88298,0.000994369,0.634245,45673.7,286.605
1485,12165120,4.90955,0.000994357,0.645008,43371.5,286.793
1486,12173312,4.82955,0.000994346,0.637491,39971.8,286.998
1487,12181504,4.64306,0.000994334,0.68963,43012.8,287.189
1488,12189696,4.83997,0.000994323,0.663107,44731.4,287.372
1489,12197888,4.83148,0.000994311,0.66375,45856.8,287.551
1490,12206080,4.79471,0.0009943,0.63531,45049.9,287.732
1491,12214272,4.70069,0.000994288,0.674156,39090,287.942
1492,12222464,4.75405,0.000994277,0.645215,42502.2,288.135
1493,12230656,4.86158,0.000994265,0.625836,44272.3,288.32
1494,12238848,4.78576,0.000994254,0.619917,45589.8,288.499
1495,12247040,4.77291,0.000994242,0.706496,45557.7,288.679
1496,12255232,4.87696,0.000994231,0.625989,42869.8,288.87
1497,12263424,4.8996,0.000994219,0.682895,42828.3,289.062
1498,12271616,4.70891,0.000994207,0.68834,43999,289.248
1499,12279808,4.98095,0.000994196,0.672265,45131.8,289.429
1500,12288000,4.991,0.000994184,0.614731,45696,289.609
1501,12296192,4.46612,0.000994173,0.696463,42982,289.799
1502,12304384,4.9094,0.000994161,0.660656,46254.6,289.976
1503,12312576,4.94525,0.000994149,0.663671,46178,290.154
1504,12320768,4.72039,0.000994138,0.66616,46030.3,290.332
1505,12328960,5.00662,0.000994126,0.649108,39970.1,290.537
1506,12337152,4.91427,0.000994114,0.682295,38738.7,290.748
1507,12345344,4.87282,0.000994103,0.677522,44850.4,290.931
1508,12353536,4.67314,0.000994091,0.672332,45788.2,291.11
1509,12361728,4.80427,0.000994079,0.628564,45857.2,291.288
1510,12369920,4.89736,0.000994067,0.685641,43161.3,291.478
1511,12378112,4.74371,0.000994056,0.648977,37691.1,291.695
1512,12386304,4.82056,0.000994044,0.660978,44142.8,291.881
1513,12394496,4.91036,0.000994032,0.635111,45221.8,292.062
1514,12402688,4.81017,0.00099402,0.69685,45549.2,292.242
1515,12410880,4.97351,0.000994009,0.62879,44412.9,292.427
1516,12419072,4.88844,0.000993997,0.608367,42152.7,292.621
1517,12427264,4.86888,0.000993985,0.609188,42295.3,292.815
1518,12435456,4.90938,0.000993973,0.644603,44693.8,292.998
1519,12443648,4.92874,0.000993961,0.640908,45548.1,293.178
1520,12451840,4.90667,0.00099395,0.65954,44973.2,293.36
1521,12460032,4.7316,0.000993938,0.660075,40605.5,293.562
1522,12468224,4.8619,0.000993926,0.708975,42461.1,293.755
1523,12476416,4.88477,0.000993914,0.68595,43800.2,293.942
1524,12484608,4.78005,0.000993902,0.646609,45152.1,294.123
1525,12492800,4.77648,0.00099389,0.643116,45248.3,294.304
1526,12500992,4.93928,0.000993878,0.681635,45555.6,294.484
1527,12509184,5.0096,0.000993866,0.643522,45866.2,294.662
1528,12517376,4.91728,0.000993854,0.643269,45708,294.842
1529,12525568,4.79708,0.000993842,0.698714,45830.8,295.02
1530,12533760,4.8175,0.000993831,0.690167,40004.1,295.225
1531,12541952,4.80702,0.000993819,0.610664,36583.6,295.449
1532,12550144,4.97806,0.000993807,0.666611,45165.6,295.631
1533,12558336,4.64538,0.000993795,0.630789,45495.9,295.811
1534,12566528,4.93066,0.000993783,0.655118,46012.6,295.989
1535,12574720,4.79184,0.000993771,0.657524,43138.1,296.179
1536,12582912,4.89959,0.000993759,0.678975,39707.2,296.385
1537,12591104,4.77074,0.000993746,0.610084,43662.4,296.572
1538,12599296,4.79723,0.000993734,0.651391,45148.6,296.754
1539,12607488,4.86051,0.000993722,0.643684,45816.1,296.933
1540,12615680,4.93284,0.00099371,0.60774,44468.2,297.117
1541,12623872,4.82479,0.000993698,0.661615,39209.4,297.326
1542,12632064,4.75089,0.000993686,0.647161,43075.4,297.516
1543,12640256,4.68817,0.000993674,0.66123,44448.4,297.7
1544,12648448,4.6602,0.000993662,0.645858,45465.4,297.88
1545,12656640,4.84243,0.00099365,0.60084,45370.8,298.061
1546,12664832,4.90584,0.000993638,0.624825,43182.3,298.251
1547,12673024,4.70099,0.000993625,0.665189,42830.6,298.442
1548,12681216,4.72902,0.000993613,0.627593,43951.6,298.628
1549,12689408,4.75532,0.000993601,0.612786,45052.8,298.81
1550,12697600,4.80717,0.000993589,0.629107,45953.8,298.989
1551,12705792,4.75063,0.000993577,0.64893,42748.2,299.18
1552,12713984,4.73028,0.000993565,0.638696,46206.2,299.357
1553,12722176,4.90202,0.000993552,0.675989,46129,299.535
1554,12730368,4.74609,0.00099354,0.644452,46019.3,299.713
1555,12738560,4.72257,0.000993528,0.70211,39793.5,299.919
1556,12746752,4.82904,0.000993516,0.606009,39832.7,300.125
1557,12754944,4.81996,0.000993503,0.655559,45121.4,300.306
1558,12763136,4.78718,0.000993491,0.668419,45968,300.484
1559,12771328,4.92271,0.000993479,0.653046,45886.3,300.663
1560,12779520,5.04353,0.000993466,0.720116,42861.3,300.854
1561,12787712,4.68555,0.000993454,0.623743,37827.4,301.071
1562,12795904,4.96827,0.000993442,0.683767,44214.7,301.256
1563,12804096,4.82545,0.000993429,0.612865,45428,301.436
1564,12812288,4.69918,0.000993417,0.619358,45696.6,301.615
1565,12820480,4.65879,0.000993405,0.650796,44203,301.801
1566,12828672,4.79037,0.000993392,0.666765,41170.7,302
1567,12836864,4.79237,0.00099338,0.615111,42911,302.191
1568,12845056,4.67543,0.000993368,0.627451,44918,302.373
1569,12853248,4.81484,0.000993355,0.64788,45454.4,302.553
1570,12861440,5.08428,0.000993343,0.674101,44968.6,302.735
1571,12869632,4.67393,0.00099333,0.648078,39613.9,302.942
1572,12877824,4.75654,0.000993318,0.595295,42353.5,303.136
1573,12886016,4.9783,0.000993305,0.62562,43648.9,303.323
1574,12894208,4.75032,0.000993293,0.631687,44595.5,303.507
1575,12902400,4.79366,0.00099328,0.656179,44748.6,303.69
1576,12910592,4.79105,0.000993268,0.720122,44434.2,303.874
1577,12918784,4.79925,0.000993256,0.642807,45485,304.055
1578,12926976,4.80489,0.000993243,0.694564,45982.6,304.233
1579,12935168,4.78826,0.00099323,0.666116,45769.5,304.412
1580,12943360,4.78822,0.000993218,0.634689,41904.5,304.607
1581,12951552,4.67211,0.000993205,0.622641,36566.7,304.831
1582,12959744,4.94653,0.000993193,0.622779,44469.1,305.015
1583,12967936,4.86335,0.00099318,0.673333,45679.4,305.195
1584,12976128,4.70452,0.000993168,0.67064,45703.1,305.374
1585,12984320,4.56114,0.000993155,0.672738,43853.5,305.561
1586,12992512,4.94989,0.000993142,0.686506,40219.5,305.764
1587,13000704,4.89477,0.00099313,0.667569,42789.8,305.956
1588,13008896,4.50601,0.000993117,0.699083,44984.7,306.138
1589,13017088,4.87958,0.000993105,0.659121,45309.7,306.319
1590,13025280,4.74401,0.000993092,0.64671,44688.6,306.502
1591,13033472,4.78277,0.000993079,0.662008,40293,306.705
1592,13041664,4.75054,0.000993067,0.650388,42454.8,306.898
1593,13049856,4.66915,0.000993054,0.678375,44268.4,307.083
1594,13058048,4.74142,0.000993041,0.683034,45179.9,307.265
1595,13066240,4.80271,0.000993029,0.658791,45492.3,307.445
1596,13074432,4.97372,0.000993016,0.679222,44024,307.631
1597,13082624,4.8957,0.000993003,0.634345,42891.2,307.822
1598,13090816,4.60902,0.00099299,0.664624,43952.4,308.008
1599,13099008,4.71473,0.000992978,0.640817,45224.6,308.189
1600,13107200,4.60974,0.000992965,0.626933,45466.5,308.37
1601,13115392,4.66465,0.000992952,0.629518,42044.7,308.564
1602,13123584,4.82215,0.000992939,0.633144,46264.1,308.742
1603,13131776,4.59385,0.000992926,0.636238,46244.9,308.919
1604,13139968,4.91611,0.000992914,0.629277,46200.7,309.096
1605,13148160,4.70673,0.000992901,0.620938,40458.3,309.298
1606,13156352,4.55746,0.000992888,0.622736,39434.5,309.506
1607,13164544,4.7125,0.000992875,0.682998,44688.9,309.69
1608,13172736,4.74387,0.000992862,0.620988,45841.4,309.868
1609,13180928,4.76136,0.000992849,0.647397,46086.2,310.046
1610,13189120,4.85205,0.000992837,0.922836,43479.3,310.234
1611,13197312,4.76643,0.000992824,0.667221,37422.9,310.453
1612,13205504,4.94041,0.000992811,0.655696,43621.3,310.641
1613,13213696,4.63461,0.000992798,0.667212,45007.1,310.823
1614,13221888,4.96341,0.000992785,0.716814,45818.2,311.002
1615,13230080,4.69824,0.000992772,0.692691,44479.6,311.186
1616,13238272,4.79715,0.000992759,0.687051,41677.8,311.383
1617,13246464,4.99822,0.000992746,0.706071,42503.3,311.575
1618,13254656,4.88395,0.000992733,0.657321,44601.6,311.759
1619,13262848,4.96387,0.00099272,0.620816,45469.4,311.939
1620,13271040,4.80463,0.000992707,0.636303,44972.5,312.121
1621,13279232,4.81912,0.000992694,0.686658,39491.1,312.329
1622,13287424,4.82809,0.000992681,0.650204,43192,312.518
1623,13295616,4.75181,0.000992668,0.715646,44239.6,312.704
1624,13303808,4.54784,0.000992655,0.699662,45265.4,312.885
1625,13312000,4.88181,0.000992642,0.658344,45256.5,313.066
1626,13320192,4.88205,0.000992629,0.775472,45390.2,313.246
1627,13328384,4.6903,0.000992616,0.648107,45812.1,313.425
1628,13336576,4.67507,0.000992603,0.765922,46216.6,313.602
1629,13344768,4.72723,0.00099259,0.68218,45909,313.781
1630,13352960,4.84605,0.000992577,0.623119,39766.3,313.987
1631,13361152,4.92033,0.000992563,0.637831,36411.4,314.212
1632,13369344,4.81162,0.00099255,0.682405,45322.2,314.392
1633,13377536,4.72402,0.000992537,0.712365,45896.4,314.571
1634,13385728,4.68427,0.000992524,0.633302,45705.2,314.75
1635,13393920,4.55403,0.000992511,0.692207,42608.4,314.942
1636,13402112,4.80304,0.000992498,0.671174,39246.3,315.151
1637,13410304,4.72068,0.000992485,0.664619,43460.3,315.34
1638,13418496,4.5997,0.000992471,0.632416,45594.3,315.519
1639,13426688,5.0089,0.000992458,0.675666,45607.6,315.699
1640,13434880,4.83091,0.000992445,0.680287,44315.8,315.884
1641,13443072,4.75057,0.000992432,0.689707,38872.7,316.094
1642,13451264,4.76325,0.000992418,0.682993,43832.9,316.281
1643,13459456,4.7956,0.000992405,0.687656,44198.3,316.467
1644,13467648,4.77305,0.000992392,0.690177,45677,316.646
1645,13475840,4.74409,0.000992379,0.677697,45270.6,316.827
1646,13484032,4.80573,0.000992365,0.67106,43264.4,317.016
1647,13492224,4.6685,0.000992352,0.62471,42469.3,317.209
1648,13500416,4.82136,0.000992339,0.628492,43923.8,317.396
1649,13508608,4.76806,0.000992325,0.656467,45149.2,317.577
1650,13516800,4.864,0.000992312,0.676574,45878.7,317.756
1651,13524992,4.69785,0.000992299,0.645295,43501.7,317.944
1652,13533184,4.73786,0.000992285,0.641423,46423.2,318.121
1653,13541376,4.86418,0.000992272,0.671527,46056.5,318.298
1654,13549568,4.77136,0.000992259,0.631839,45908.5,318.477
1655,13557760,4.88918,0.000992245,0.641429,41009.2,318.677
1656,13565952,4.62283,0.000992232,0.630472,38516.7,318.889
1657,13574144,4.69021,0.000992218,0.634696,44322.5,319.074
1658,13582336,4.83122,0.000992205,0.663171,45654.1,319.254
1659,13590528,4.791,0.000992191,0.701015,45823.7,319.432
1660,13598720,4.71282,0.000992178,0.631207,43810.6,319.619
1661,13606912,4.84441,0.000992165,0.638409,36669.8,319.843
1662,13615104,4.6948,0.000992151,0.61979,43680.3,320.03
1663,13623296,4.88981,0.000992138,0.670729,45647,320.21
1664,13631488,4.73553,0.000992124,0.650471,45483.2,320.39
1665,13639680,4.84322,0.000992111,0.641467,44452.5,320.574
1666,13647872,4.68884,0.000992097,0.668312,41082.3,320.774
1667,13656064,4.76218,0.000992084,0.671309,42911.1,320.964
1668,13664256,4.78792,0.00099207,0.6596,44946.6,321.147
1669,13672448,4.77766,0.000992056,0.65828,45363.7,321.327
1670,13680640,4.7354,0.000992043,0.631377,45436.8,321.508
1671,13688832,4.83988,0.000992029,0.618619,40103.2,321.712
1672,13697024,4.75886,0.000992016,0.633982,43535.4,321.9
1673,13705216,4.74954,0.000992002,0.637597,44333,322.085
1674,13713408,4.84353,0.000991988,0.633994,45368.4,322.265
1675,13721600,4.68842,0.000991975,0.642772,45359.6,322.446
1676,13729792,4.76243,0.000991961,0.725399,46406.1,322.622
1677,13737984,4.84973,0.000991948,0.693564,46062.7,322.8
1678,13746176,4.67934,0.000991934,0.649703,45896.1,322.979
1679,13754368,4.61043,0.00099192,0.620249,46083.9,323.157
1680,13762560,4.95795,0.000991907,0.622118,41449.9,323.354
1681,13770752,4.77487,0.000991893,0.689545,36051.8,323.581
1682,13778944,4.76235,0.000991879,0.660269,44925.8,323.764
1683,13787136,4.74953,0.000991865,0.651994,45722.8,323.943
1684,13795328,4.79656,0.000991852,0.71966,45695.9,324.122
1685,13803520,4.6178,0.000991838,0.653622,43491.5,324.311
1686,13811712,4.68666,0.000991824,0.641391,40189.7,324.514
1687,13819904,4.67434,0.00099181,0.625773,43657.5,324.702
1688,13828096,4.57704,0.000991797,0.646495,45109.3,324.884
1689,13836288,4.7801,0.000991783,0.656595,45111.9,325.065
1690,13844480,4.7474,0.000991769,0.650192,44775.2,325.248
1691,13852672,4.88421,0.000991755,0.618643,39574.1,325.455
1692,13860864,4.5976,0.000991741,0.664238,43155.4,325.645
1693,13869056,4.82733,0.000991728,0.641389,44565,325.829
1694,13877248,4.71778,0.000991714,0.640159,45574.8,326.009
1695,13885440,4.93965,0.0009917,0.628113,44906.9,326.191
1696,13893632,4.66614,0.000991686,0.671839,42743.6,326.383
1697,13901824,4.63895,0.000991672,0.661025,42453.4,326.576
1698,13910016,4.86349,0.000991658,0.644715,44099.2,326.761
1699,13918208,4.65065,0.000991644,0.621973,44564.4,326.945
1700,13926400,4.75908,0.00099163,0.664919,45386,327.126
1701,13934592,4.76097,0.000991617,0.675758,41281.3,327.324
1702,13942784,4.98373,0.000991603,0.649938,46290.8,327.501
1703,13950976,4.44099,0.000991589,0.659883,46148.4,327.679
1704,13959168,4.59445,0.000991575,0.657982,46104.7,327.856
1705,13967360,4.80106,0.000991561,0.707775,40652.8,328.058
1706,13975552,4.76217,0.000991547,0.647021,38607.4,328.27
1707,13983744,4.67452,0.000991533,0.686156,44525.4,328.454
1708,13991936,4.97352,0.000991519,0.664485,45843.2,328.633
1709,14000128,4.55597,0.000991505,0.629328,45881.5,328.811
1710,14008320,4.63628,0.000991491,0.60878,43488.6,329
1711,14016512,4.50865,0.000991477,0.68767,36843,329.222
1712,14024704,4.78944,0.000991463,0.669705,43723.8,329.409
1713,14032896,4.93127,0.000991449,0.67461,45456.7,329.59
1714,14041088,4.67226,0.000991435,0.654124,45417.7,329.77
1715,14049280,4.85005,0.00099142,0.632851,44194.9,329.955
1716,14057472,4.96105,0.000991406,0.676952,40986,330.155
1717,14065664,4.73834,0.000991392,0.707479,42602.4,330.347
1718,14073856,4.74628,0.000991378,0.696095,44590.4,330.531
1719,14082048,4.58453,0.000991364,0.658188,45194.6,330.712
1720,14090240,4.67583,0.00099135,0.648464,44544.6,330.896
1721,14098432,4.79119,0.000991336,0.67505,38910.3,331.107
1722,14106624,4.78592,0.000991322,0.668178,43189.3,331.297
1723,14114816,4.64255,0.000991307,0.678099,44476.3,331.481
1724,14123008,4.78772,0.000991293,0.699076,45306,331.662
1725,14131200,4.76497,0.000991279,0.607575,45260.5,331.843
1726,14139392,4.63187,0.000991265,0.640536,45186,332.024
1727,14147584,4.71577,0.000991251,0.673616,45784.2,332.203
1728,14155776,4.88625,0.000991236,0.703209,45895.9,332.381
1729,14163968,4.60979,0.000991222,0.677623,46355.4,332.558
1730,14172160,4.73609,0.000991208,0.683726,40493.3,332.76
1731,14180352,4.84654,0.000991194,0.651385,36874.6,332.982
1732,14188544,4.56313,0.000991179,0.627814,45552.2,333.162
1733,14196736,5.00899,0.000991165,0.722565,45025.1,333.344
1734,14204928,4.69437,0.000991151,0.660518,45056.4,333.526
1735,14213120,4.73533,0.000991136,0.666259,44087.7,333.712
1736,14221312,4.57222,0.000991122,0.649617,38644.6,333.924
1737,14229504,4.52209,0.000991108,0.672494,39429,334.132
1738,14237696,4.69683,0.000991093,0.6935,43855,334.318
1739,14245888,4.72365,0.000991079,0.654176,44329.8,334.503
1740,14254080,4.85001,0.000991065,0.659826,44298.7,334.688
1741,14262272,4.68094,0.00099105,0.683763,38348.3,334.902
1742,14270464,4.74931,0.000991036,0.675216,40322.1,335.105
1743,14278656,4.81025,0.000991021,0.627993,43534.7,335.293
1744,14286848,4.73852,0.000991007,0.699809,44901.8,335.476
1745,14295040,4.79584,0.000990993,0.662976,45537,335.655
1746,14303232,4.74675,0.000990978,0.679062,43627.4,335.843
1747,14311424,4.91935,0.000990964,0.636371,42175.9,336.037
1748,14319616,4.67441,0.000990949,0.652047,43502.1,336.226
1749,14327808,4.90276,0.000990935,0.644632,44552.8,336.41
1750,14336000,4.66848,0.00099092,0.657076,45327.2,336.59
1751,14344192,4.80734,0.000990906,0.629457,39929.4,336.796
1752,14352384,4.56155,0.000990891,0.619162,45525.4,336.975
1753,14360576,4.64265,0.000990877,0.681135,45296.8,337.156
1754,14368768,4.73,0.000990862,0.619685,45660.3,337.336
1755,14376960,4.83854,0.000990848,0.638043,39230.4,337.545
1756,14385152,4.68929,0.000990833,0.667557,38579.6,337.757
1757,14393344,4.54251,0.000990819,0.674053,44602.2,337.941
1758,14401536,4.60894,0.000990804,0.610528,45625.1,338.12
1759,14409728,4.81593,0.000990789,0.687357,45757.4,338.299
1760,14417920,4.66382,0.000990775,0.701292,42144.4,338.493
1761,14426112,4.70426,0.00099076,0.644652,37600,338.711
1762,14434304,4.39993,0.000990746,0.669895,43624.6,338.899
1763,14442496,4.62384,0.000990731,0.671393,45765.6,339.078
1764,14450688,4.86695,0.000990716,0.654262,45270.6,339.259
1765,14458880,4.7369,0.000990702,0.648612,43517.2,339.447
1766,14467072,4.77395,0.000990687,0.672471,40853.8,339.648
1767,14475264,4.91743,0.000990672,0.660463,43124.1,339.838
1768,14483456,4.82512,0.000990658,0.643975,44469.4,340.022
1769,14491648,4.67883,0.000990643,0.655007,45401.9,340.202
1770,14499840,4.70897,0.000990628,0.670515,45165.5,340.384
1771,14508032,4.74985,0.000990613,0.670694,39765.6,340.59
1772,14516224,4.54948,0.000990599,0.645787,43488.3,340.778
1773,14524416,4.59663,0.000990584,0.725316,43907.3,340.965
1774,14532608,4.71661,0.000990569,0.662571,45186.9,341.146
1775,14540800,4.74295,0.000990554,0.691536,45216.7,341.327
1776,14548992,4.73697,0.00099054,0.700579,46137.5,341.505
1777,14557184,4.67842,0.000990525,0.607658,45790.2,341.684
1778,14565376,4.54616,0.00099051,0.639684,45737.7,341.863
1779,14573568,4.71499,0.000990495,0.641887,46115.7,342.04
1780,14581760,4.69022,0.00099048,0.635569,39330.6,342.249
1781,14589952,4.91408,0.000990466,0.690879,36548.2,342.473
1782,14598144,4.61188,0.000990451,0.630621,45443.8,342.653
1783,14606336,4.8182,0.000990436,0.667998,45430.8,342.834
1784,14614528,4.83501,0.000990421,0.66544,45771.3,343.012
1785,14622720,4.64328,0.000990406,0.653576,42586.4,343.205
1786,14630912,4.70207,0.000990391,0.683733,39307.1,343.413
1787,14639104,4.57644,0.000990376,0.677254,43662.1,343.601
1788,14647296,4.63331,0.000990361,0.644816,45253.3,343.782
1789,14655488,4.72977,0.000990346,0.703749,45412.4,343.962
1790,14663680,4.65387,0.000990332,0.651872,43680.2,344.15
1791,14671872,4.924,0.000990317,0.70458,38814.9,344.361
1792,14680064,4.67519,0.000990302,0.684085,43459.8,344.549
1793,14688256,4.66392,0.000990287,0.696009,44527.9,344.733
1794,14696448,4.69892,0.000990272,0.692117,45074.3,344.915
1795,14704640,4.86597,0.000990257,0.676836,45132.8,345.097
1796,14712832,4.71417,0.000990242,0.65991,43656.2,345.284
1797,14721024,4.55696,0.000990227,0.680711,42707.9,345.476
1798,14729216,4.53526,0.000990212,0.636856,44351,345.661
1799,14737408,4.67558,0.000990197,0.663425,44934.6,345.843
1800,14745600,4.62074,0.000990181,0.66138,45361.4,346.024
1801,14753792,4.64687,0.000990166,0.64674,42796.4,346.215
1802,14761984,4.62768,0.000990151,0.653465,46504.3,346.391
1803,14770176,4.74914,0.000990136,0.63875,45910.8,346.57
1804,14778368,4.64326,0.000990121,0.670907,45917.2,346.748
1805,14786560,4.81702,0.000990106,0.641254,40193.7,346.952
1806,14794752,4.68874,0.000990091,0.687279,39438,347.16
1807,14802944,4.75513,0.000990076,0.643307,44939.3,347.342
1808,14811136,4.70534,0.000990061,0.671411,45557.1,347.522
1809,14819328,4.84777,0.000990045,0.675565,45870.8,347.7
1810,14827520,4.52942,0.00099003,0.658875,42871.5,347.891
1811,14835712,4.82487,0.000990015,0.69706,37764.5,348.108
1812,14843904,4.77129,0.00099,0.702902,44357.6,348.293
1813,14852096,4.6976,0.000989985,0.689768,45346.9,348.474
1814,14860288,4.55484,0.00098997,0.815093,45694.4,348.653
1815,14868480,4.82248,0.000989954,0.705141,43814.2,348.84
1816,14876672,4.74458,0.000989939,0.670553,40801.9,349.041
1817,14884864,4.77522,0.000989924,0.675709,43230.4,349.23
1818,14893056,4.6149,0.000989909,0.684977,44694.7,349.413
1819,14901248,4.66096,0.000989893,0.689647,45593.3,349.593
1820,14909440,4.70058,0.000989878,0.646563,44665.8,349.777
1821,14917632,4.72261,0.000989863,0.675724,40334.6,349.98
1822,14925824,4.74056,0.000989847,0.613968,42943.2,350.17
1823,14934016,4.7021,0.000989832,0.643107,44567.3,350.354
1824,14942208,4.6156,0.000989817,0.692152,45583.6,350.534
1825,14950400,4.73407,0.000989801,0.655354,45334.5,350.715
1826,14958592,4.58389,0.000989786,0.65464,45018.5,350.897
1827,14966784,4.75867,0.000989771,0.674883,45710.8,351.076
1828,14974976,4.6575,0.000989755,0.667898,45610.6,351.255
1829,14983168,4.81668,0.00098974,0.671017,45707.6,351.435
1830,14991360,4.68457,0.000989724,0.627272,40721.6,351.636
1831,14999552,4.75418,0.000989709,0.643617,36278.2,351.862
1832,15007744,4.61097,0.000989694,0.627043,45246.7,352.043
1833,15015936,4.63531,0.000989678,0.653415,45673.4,352.222
1834,15024128,4.78991,0.000989663,0.693749,45755.4,352.401
1835,15032320,4.72399,0.000989647,0.634927,42975.9,352.592
1836,15040512,4.59169,0.000989632,0.675091,39858,352.797
1837,15048704,4.7572,0.000989616,0.676225,43386.6,352.986
1838,15056896,4.76172,0.000989601,0.694568,44380.8,353.171
1839,15065088,4.61576,0.000989585,0.652821,45973.1,353.349
1840,15073280,4.71942,0.00098957,0.667961,44474.8,353.533
1841,15081472,4.54105,0.000989554,0.651842,38851.5,353.744
1842,15089664,4.52907,0.000989539,0.656068,42911.9,353.935
1843,15097856,4.88725,0.000989523,0.705488,44560.6,354.119
1844,15106048,4.69525,0.000989508,0.690129,45283,354.3
1845,15114240,4.69321,0.000989492,0.644668,44668.8,354.483
1846,15122432,4.63852,0.000989477,0.709834,42850.2,354.674
1847,15130624,4.65286,0.000989461,0.670101,42694.9,354.866
1848,15138816,4.39958,0.000989445,0.66803,43882.3,355.053
1849,15147008,4.59657,0.00098943,0.70255,45164.9,355.234
1850,15155200,4.62799,0.000989414,0.641395,45138.8,355.416
1851,15163392,4.62064,0.000989398,0.662615,43164.4,355.605
1852,15171584,4.55246,0.000989383,0.662019,46441.6,355.782
1853,15179776,4.68172,0.000989367,0.640009,45995.4,355.96
1854,15187968,4.6816,0.000989352,0.647816,46341.5,356.137
1855,15196160,4.54651,0.000989336,0.629641,40389,356.339
1856,15204352,4.76279,0.00098932,0.660978,39546.2,356.547
1857,15212544,4.80291,0.000989304,0.632689,44880.9,356.729
1858,15220736,4.61196,0.000989289,0.648111,45966.7,356.907
1859,15228928,4.58276,0.000989273,0.638011,46112.5,357.085
1860,15237120,4.67814,0.000989257,0.654591,43314.1,357.274
1861,15245312,4.69451,0.000989241,0.666425,38034.9,357.489
1862,15253504,4.79483,0.000989226,0.691253,43696.8,357.677
1863,15261696,4.57543,0.00098921,0.630511,45040.4,357.859
1864,15269888,4.62064,0.000989194,0.65461,45767,358.038
1865,15278080,4.60663,0.000989178,0.700431,45208.6,358.219
1866,15286272,4.44698,0.000989163,0.63193,41612.8,358.416
1867,15294464,4.81552,0.000989147,0.69807,41954.6,358.611
1868,15302656,4.78149,0.000989131,0.665225,44336.2,358.796
1869,15310848,4.71345,0.000989115,0.696911,45247.3,358.977
1870,15319040,4.85128,0.000989099,0.720134,45281.5,359.158
1871,15327232,4.58509,0.000989083,0.655487,40394.2,359.361
1872,15335424,4.60452,0.000989067,0.634405,41101.1,359.56
1873,15343616,4.52226,0.000989052,0.721301,42615.4,359.752
1874,15351808,4.77451,0.000989036,0.65853,44025.4,359.938
1875,15360000,4.48216,0.00098902,0.685292,45111.9,360.12
1876,15368192,4.66263,0.000989004,0.648308,45835.8,360.299
1877,15376384,4.73901,0.000988988,0.689941,45481.3,360.479
1878,15384576,4.68418,0.000988972,0.697703,45583.6,360.658
1879,15392768,4.71907,0.000988956,0.668718,45646.9,360.838
1880,15400960,4.6457,0.00098894,0.651548,38329.2,361.052
1881,15409152,4.63829,0.000988924,0.627782,35455.6,361.283
1882,15417344,4.7005,0.000988908,0.738952,44386,361.467
1883,15425536,4.73525,0.000988892,0.649885,45047.6,361.649
1884,15433728,4.52521,0.000988876,0.694446,45354.5,361.83
1885,15441920,4.53644,0.00098886,0.709169,40965.4,362.03
1886,15450112,4.67147,0.000988844,0.695738,39107.3,362.239
1887,15458304,4.63936,0.000988828,0.738815,43007.3,362.43
1888,15466496,4.48148,0.000988812,0.662059,44680.6,362.613
1889,15474688,4.53523,0.000988796,0.665234,45197.4,362.794
1890,15482880,4.79275,0.00098878,0.702298,42563.6,362.987
1891,15491072,4.81958,0.000988764,0.685865,38004.8,363.202
1892,15499264,4.81418,0.000988748,0.703733,43466.4,363.391
1893,15507456,4.57343,0.000988731,0.711661,44333.7,363.576
1894,15515648,4.64539,0.000988715,0.692552,45269,363.756
1895,15523840,4.79435,0.000988699,0.699762,44247.9,363.942
1896,15532032,4.65122,0.000988683,0.677484,42540.9,364.134
1897,15540224,4.80396,0.000988667,0.715875,42652.9,364.326
1898,15548416,4.58509,0.000988651,0.677086,43722.6,364.514
1899,15556608,4.71251,0.000988634,0.714223,44967.2,364.696
1900,15564800,4.69797,0.000988618,0.665627,45063.3,364.878
1901,15572992,4.60872,0.000988602,0.638589,42815,365.069
1902,15581184,4.78339,0.000988586,0.647975,46014.1,365.247
1903,15589376,4.8183,0.00098857,0.661768,45959.1,365.425
1904,15597568,4.6079,0.000988553,0.616497,45862.5,365.604
1905,15605760,4.54535,0.000988537,0.645849,39525.1,365.811
1906,15613952,4.90303,0.000988521,0.672431,38761.5,366.022
1907,15622144,4.75088,0.000988505,0.673848,44779.9,366.205
1908,15630336,4.47485,0.000988488,0.685305,45610.4,366.385
1909,15638528,4.63814,0.000988472,0.651924,45795.2,366.564
1910,15646720,4.8443,0.000988456,0.675994,42545,366.756
1911,15654912,4.63524,0.000988439,0.728435,36964.2,366.978
1912,15663104,4.75789,0.000988423,0.657081,43679.2,367.166
1913,15671296,4.72262,0.000988407,0.639176,45053.6,367.347
1914,15679488,4.67782,0.00098839,0.70842,45139.3,367.529
1915,15687680,4.52015,0.000988374,0.63094,43612.4,367.717
1916,15695872,4.67499,0.000988358,0.655916,40018.3,367.921
1917,15704064,4.54654,0.000988341,0.626219,42793.2,368.113
1918,15712256,4.61953,0.000988325,0.673368,44114.4,368.299
1919,15720448,4.66834,0.000988308,0.677337,44748.5,368.482
1920,15728640,4.75774,0.000988292,0.666713,44102.5,368.667
1921,15736832,4.4614,0.000988275,0.674037,39535.9,368.875
1922,15745024,4.58099,0.000988259,0.646652,42230.1,369.069
1923,15753216,4.75452,0.000988243,0.665356,44002,369.255
1924,15761408,4.74483,0.000988226,0.67384,44683.7,369.438
1925,15769600,4.74784,0.00098821,0.681244,44874.2,369.621
1926,15777792,4.60359,0.000988193,0.633396,44964,369.803
1927,15785984,4.57799,0.000988177,0.714233,45098.3,369.984
1928,15794176,4.63958,0.00098816,0.674788,45144.2,370.166
1929,15802368,4.45729,0.000988144,0.673405,45197.9,370.347
1930,15810560,4.85862,0.000988127,0.65611,39004.5,370.557
1931,15818752,4.72845,0.000988111,0.671181,36271.3,370.783
1932,15826944,4.60156,0.000988094,0.711782,44954.1,370.965
1933,15835136,4.68033,0.000988077,0.659969,44868.8,371.148
1934,15843328,4.67095,0.000988061,0.620699,45089.8,371.33
1935,15851520,4.66842,0.000988044,0.684765,41533.7,371.527
1936,15859712,4.63376,0.000988028,0.656877,38859.3,371.738
1937,15867904,4.8031,0.000988011,0.680387,43211.1,371.927
1938,15876096,4.6784,0.000987994,0.672715,44963.9,372.109
1939,15884288,4.72935,0.000987978,0.67789,44734.3,372.292
1940,15892480,4.60244,0.000987961,0.710843,43026.1,372.483
1941,15900672,4.89007,0.000987944,0.654791,37844.9,372.699
1942,15908864,4.67928,0.000987928,0.703687,43068.4,372.89
1943,15917056,4.67364,0.000987911,0.699632,44406.5,373.074
1944,15925248,4.73394,0.000987894,0.691313,45430.4,373.254
1945,15933440,4.62773,0.000987878,0.687418,44536,373.438
1946,15941632,4.77781,0.000987861,0.653254,42009.3,373.633
1947,15949824,4.54033,0.000987844,0.663438,42908,373.824
1948,15958016,4.67034,0.000987827,0.621199,44051.3,374.01
1949,15966208,4.52061,0.000987811,0.668908,45415.2,374.191
1950,15974400,4.93931,0.000987794,0.652858,45429.2,374.371
1951,15982592,4.58978,0.000987777,0.644548,41220,374.57
1952,15990784,4.7157,0.00098776,0.680375,45672.3,374.749
1953,15998976,4.7504,0.000987744,0.636634,45131.8,374.93
1954,16007168,4.55986,0.000987727,0.646192,45331.7,375.111
1955,16015360,4.71072,0.00098771,0.689139,39375.7,375.319
1956,16023552,4.75553,0.000987693,0.653969,38275.8,375.533
1957,16031744,4.73678,0.000987676,0.717079,43905.1,375.72
1958,16039936,4.68579,0.000987659,0.691328,45007,375.902
1959,16048128,4.58127,0.000987643,0.680664,45231.5,376.083
1960,16056320,4.64979,0.000987626,0.719172,40965,376.283
1961,16064512,4.94483,0.000987609,0.688885,37220.5,376.503
1962,16072704,4.70652,0.000987592,0.662398,43505.7,376.691
1963,16080896,4.68754,0.000987575,0.728748,44449,376.876
1964,16089088,4.61828,0.000987558,0.663108,45061.7,377.057
1965,16097280,4.8224,0.000987541,0.68465,43138.9,377.247
1966,16105472,4.67796,0.000987524,0.667914,39932.1,377.453
1967,16113664,4.62904,0.000987507,0.638417,42640.5,377.645
1968,16121856,4.55758,0.00098749,0.666488,43737.6,377.832
1969,16130048,4.79442,0.000987473,0.677639,45151.1,378.013
1970,16138240,4.68069,0.000987456,0.687832,44260.9,378.198
1971,16146432,4.78337,0.000987439,0.672499,39921.2,378.404
1972,16154624,4.71025,0.000987422,0.687824,43101.5,378.594
1973,16162816,4.6231,0.000987405,0.682,43754.1,378.781
1974,16171008,4.6088,0.000987388,0.67649,44899.4,378.963
1975,16179200,4.58436,0.000987371,0.690977,44693.9,379.147
1976,16187392,4.52339,0.000987354,0.671303,45318,379.327
1977,16195584,4.58864,0.000987337,0.647624,44970.2,379.51
1978,16203776,4.60987,0.00098732,0.667913,45080.1,379.691
1979,16211968,4.88341,0.000987303,0.651946,45208.3,379.873
1980,16220160,4.86163,0.000987286,0.660223,39259.3,380.081
1981,16228352,4.67643,0.000987269,0.672319,36323.4,380.307
1982,16236544,4.63933,0.000987251,0.671938,44949.2,380.489
1983,16244736,4.59336,0.000987234,0.676148,45137.4,380.67
1984,16252928,4.73384,0.000987217,0.65181,45347.9,380.851
1985,16261120,4.62876,0.0009872,0.661864,42777.2,381.043
1986,16269312,4.40499,0.000987183,0.637448,38812.2,381.254
1987,16277504,4.65196,0.000987166,0.65006,42392.7,381.447
1988,16285696,4.48757,0.000987148,0.66758,44551,381.631
1989,16293888,4.6618,0.000987131,0.697568,45297.8,381.812
1990,16302080,4.57996,0.000987114,0.694007,44257,381.997
1991,16310272,4.71262,0.000987097,0.683717,38933.1,382.207
1992,16318464,4.76423,0.00098708,0.690439,41955.6,382.402
1993,16326656,4.60618,0.000987062,0.662317,44159.9,382.588
1994,16334848,4.81392,0.000987045,0.727476,44626.9,382.771
1995,16343040,4.69225,0.000987028,0.688225,44617.2,382.955
1996,16351232,4.69737,0.00098701,0.673617,42858.8,383.146
1997,16359424,4.55652,0.000986993,0.768526,42150.5,383.341
1998,16367616,4.51422,0.000986976,0.645567,43117.9,383.531
1999,16375808,4.66412,0.000986958,0.678247,44773.9,383.714
2000,16384000,4.68301,0.000986941,0.712592,45022.6,383.896
2001,16392192,4.74536,0.000986924,0.633584,42782.8,384.087
2002,16400384,4.4988,0.000986906,0.696527,45262,384.268
2003,16408576,4.48999,0.000986889,0.699781,45578.1,384.448
2004,16416768,4.69877,0.000986872,0.644292,45520.5,384.628
2005,16424960,4.42835,0.000986854,0.649635,39128.3,384.837
2006,16433152,4.61425,0.000986837,0.646937,37780.5,385.054
2007,16441344,4.85306,0.00098682,0.706309,44133.6,385.239
2008,16449536,4.72968,0.000986802,0.671607,44880.1,385.422
2009,16457728,4.73502,0.000986785,0.662119,44916.8,385.604
2010,16465920,4.6914,0.000986767,0.64481,42159.4,385.799
2011,16474112,4.78138,0.00098675,0.675046,36815.6,386.021
2012,16482304,4.48824,0.000986732,0.645262,43762.7,386.208
2013,16490496,4.70574,0.000986715,0.711149,44942.2,386.391
2014,16498688,4.73696,0.000986697,0.667019,45128.9,386.572
2015,16506880,4.61663,0.00098668,0.638407,43418.3,386.761
2016,16515072,4.66122,0.000986662,0.671723,40390.1,386.964
2017,16523264,4.61934,0.000986645,0.640491,42717.2,387.155
2018,16531456,4.58319,0.000986627,0.661364,44303.6,387.34
2019,16539648,4.42879,0.00098661,0.701645,45051.7,387.522
2020,16547840,4.79325,0.000986592,0.684688,44744.4,387.705
2021,16556032,4.56471,0.000986575,0.660882,38136.9,387.92
2022,16564224,4.51719,0.000986557,0.685398,43451.1,388.109
2023,16572416,4.40946,0.000986539,0.648555,43565.1,388.297
2024,16580608,4.58994,0.000986522,0.61591,44542.9,388.481
2025,16588800,4.44283,0.000986504,0.658896,45041.9,388.662
2026,16596992,4.64369,0.000986487,0.665742,45647,388.842
2027,16605184,4.64886,0.000986469,0.698076,45392.7,389.022
2028,16613376,4.55652,0.000986451,0.679771,45185.6,389.204
2029,16621568,4.53448,0.000986434,0.658364,45526.9,389.384
2030,16629760,4.7305,0.000986416,0.649266,37936.1,389.6
2031,16637952,4.60259,0.000986398,0.636854,36477.4,389.824
2032,16646144,4.526,0.000986381,0.659529,44825.3,390.007
2033,16654336,4.61815,0.000986363,0.702331,44795.4,390.19
2034,16662528,4.65528,0.000986345,0.700597,45253.2,390.371
2035,16670720,4.58801,0.000986327,0.675759,41520.1,390.568
2036,16678912,4.69725,0.00098631,0.668803,38860.6,390.779
2037,16687104,4.66899,0.000986292,0.665883,43447.5,390.967
2038,16695296,4.57607,0.000986274,0.690915,44705.9,391.151
2039,16703488,4.57363,0.000986256,0.617925,45001.4,391.333
2040,16711680,4.64935,0.000986239,0.732825,43693.2,391.52
2041,16719872,4.57594,0.000986221,0.663948,37800,391.737
2042,16728064,4.46987,0.000986203,0.658834,43147.5,391.927
2043,16736256,4.59435,0.000986185,0.658076,44443.5,392.111
2044,16744448,4.50989,0.000986167,0.67747,45163.4,392.293
2045,16752640,4.58026,0.000986149,0.684465,45183.5,392.474
2046,16760832,4.48782,0.000986132,0.67092,42671,392.666
2047,16769024,4.75198,0.000986114,0.643648,42510.9,392.859
2048,16777216,4.66455,0.000986096,0.673051,44075.2,393.044
2049,16785408,4.58929,0.000986078,0.675536,45022.8,393.226
2050,16793600,4.58385,0.00098606,0.687569,45484.9,393.406
2051,16801792,4.53545,0.000986042,0.658159,43155.3,393.596
2052,16809984,4.6896,0.000986024,0.739708,46563.5,393.772
2053,16818176,4.55644,0.000986006,0.682923,45648.8,393.952
2054,16826368,4.65268,0.000985988,0.696701,45705.6,394.131
2055,16834560,4.55122,0.00098597,0.74714,40114.2,394.335
2056,16842752,4.70251,0.000985952,0.73629,38183.6,394.55
2057,16850944,4.58629,0.000985934,0.675101,44354.9,394.734
2058,16859136,4.57134,0.000985916,0.686176,45286.5,394.915
2059,16867328,4.50701,0.000985898,0.693667,45422.2,395.096
2060,16875520,4.75166,0.00098588,0.668249,42296.5,395.289
2061,16883712,4.68641,0.000985862,0.705556,36829.4,395.512
2062,16891904,4.63808,0.000985844,0.669772,43645.9,395.699
2063,16900096,4.56557,0.000985826,0.701384,44894.4,395.882
2064,16908288,4.5745,0.000985808,0.64472,45604,396.062
2065,16916480,4.38433,0.00098579,0.710784,44343.3,396.246
2066,16924672,4.57979,0.000985772,0.681002,40306.8,396.449
2067,16932864,4.7508,0.000985754,0.683521,42317.2,396.643
2068,16941056,4.57828,0.000985736,0.719581,44386.8,396.828
2069,16949248,4.59702,0.000985718,0.684322,45420.4,397.008
2070,16957440,4.57451,0.0009857,0.69087,44872.6,397.191
2071,16965632,4.7009,0.000985682,0.715218,40217.2,397.394
2072,16973824,4.5579,0.000985663,0.659891,42783.4,397.586
2073,16982016,4.70391,0.000985645,0.723986,43915.2,397.772
2074,16990208,4.6264,0.000985627,0.731238,45172.2,397.954
2075,16998400,4.53302,0.000985609,0.659083,45346.5,398.134
2076,17006592,4.71145,0.000985591,0.653713,45370.5,398.315
2077,17014784,4.88712,0.000985573,0.66252,45777.1,398.494
2078,17022976,4.65407,0.000985554,0.71151,45613.2,398.673
2079,17031168,4.47181,0.000985536,0.673178,45622.3,398.853
2080,17039360,4.6248,0.000985518,0.648851,40330,399.056
2081,17047552,4.73173,0.0009855,0.662452,36351,399.281
2082,17055744,4.64025,0.000985481,0.680721,44508,399.465
2083,17063936,4.50524,0.000985463,0.67956,45479.8,399.646
2084,17072128,4.57368,0.000985445,0.631753,45491.7,399.826
2085,17080320,4.78575,0.000985426,0.675304,43389.9,400.014
2086,17088512,4.78946,0.000985408,0.641326,39219.7,400.223
2087,17096704,4.81534,0.00098539,0.724864,42787.6,400.415
2088,17104896,4.54174,0.000985372,0.666964,44999.5,400.597
2089,17113088,4.71546,0.000985353,1.48977,45348.3,400.777
2090,17121280,4.57031,0.000985335,0.695953,44486.8,400.962
2091,17129472,4.60802,0.000985316,0.656832,39019.3,401.172
2092,17137664,4.5504,0.000985298,0.634726,42871.7,401.363
2093,17145856,4.7757,0.00098528,0.66977,44785.8,401.546
2094,17154048,4.64125,0.000985261,0.690003,44778.1,401.729
2095,17162240,4.71573,0.000985243,0.683814,45132.4,401.91
2096,17170432,4.66614,0.000985224,0.699872,43443.7,402.099
2097,17178624,4.54201,0.000985206,0.681413,42439.1,402.292
2098,17186816,4.58916,0.000985188,0.662325,44568,402.475
2099,17195008,4.55986,0.000985169,0.733202,44567.6,402.659
2100,17203200,4.63417,0.000985151,0.775723,45305,402.84
2101,17211392,4.44255,0.000985132,0.72306,41707.3,403.036
2102,17219584,4.60263,0.000985114,0.720704,45782.4,403.215
2103,17227776,4.63341,0.000985095,0.695706,45407.2,403.396
2104,17235968,4.43096,0.000985077,0.66462,46031.8,403.574
2105,17244160,4.60782,0.000985058,0.704242,40338,403.777
2106,17252352,4.5589,0.00098504,0.680906,38511.8,403.99
2107,17260544,4.60497,0.000985021,0.735157,44210.7,404.175
2108,17268736,4.65013,0.000985003,0.713933,45366.8,404.355
2109,17276928,4.57122,0.000984984,0.707253,45641.7,404.535
2110,17285120,4.55955,0.000984965,0.72635,42523.4,404.728
2111,17293312,4.56049,0.000984947,0.676636,37584.4,404.946
2112,17301504,4.64544,0.000984928,0.627772,43625.1,405.133
2113,17309696,4.49718,0.00098491,0.723054,45316.2,405.314
2114,17317888,4.59202,0.000984891,0.633553,45147.2,405.496
2115,17326080,4.67567,0.000984872,0.676567,43943.5,405.682
2116,17334272,4.61095,0.000984854,0.649517,40672.6,405.883
2117,17342464,4.50625,0.000984835,0.72967,42856.5,406.075
2118,17350656,4.77002,0.000984816,0.67355,44328.1,406.259
2119,17358848,4.68172,0.000984798,0.650988,44872,406.442
2120,17367040,4.7927,0.000984779,0.712797,44737.4,406.625
2121,17375232,4.54227,0.00098476,0.633449,39848.5,406.831
2122,17383424,4.62665,0.000984742,0.728936,42840.3,407.022
2123,17391616,4.59903,0.000984723,0.668628,44197.5,407.207
2124,17399808,4.33887,0.000984704,0.707587,44939.5,407.389
2125,17408000,4.70402,0.000984685,0.667079,45181.2,407.571
2126,17416192,4.57008,0.000984667,0.68196,46098.3,407.748
2127,17424384,4.44884,0.000984648,0.672848,45339.7,407.929
2128,17432576,4.48099,0.000984629,0.693669,45682.1,408.109
2129,17440768,4.62757,0.00098461,0.683539,45660.5,408.288
2130,17448960,4.56188,0.000984591,0.672548,39685,408.494
2131,17457152,4.56272,0.000984573,0.678781,36887.9,408.716
2132,17465344,4.64457,0.000984554,0.689756,44899.5,408.899
2133,17473536,4.73318,0.000984535,0.678071,45587.9,409.079
2134,17481728,4.41325,0.000984516,0.687929,45695.7,409.258
2135,17489920,4.58612,0.000984497,0.677914,42465.7,409.451
2136,17498112,4.63331,0.000984478,0.717285,39601.6,409.658
2137,17506304,4.54382,0.00098446,0.676417,43452.2,409.846
2138,17514496,4.4181,0.000984441,0.681636,45158.3,410.028
2139,17522688,4.71836,0.000984422,0.692643,45546.1,410.207
2140,17530880,4.44037,0.000984403,0.692406,43711.4,410.395
2141,17539072,4.65837,0.000984384,0.664731,38399.1,410.608
2142,17547264,4.58162,0.000984365,0.625357,43246.7,410.798
2143,17555456,4.43928,0.000984346,0.721336,44756.5,410.981
2144,17563648,4.62192,0.000984327,0.683021,45340.2,411.161
2145,17571840,4.75725,0.000984308,0.692962,44144.4,411.347
2146,17580032,4.48395,0.000984289,0.690141,41587.7,411.544
2147,17588224,4.36938,0.00098427,0.704151,42438.1,411.737
2148,17596416,4.52825,0.000984251,0.650065,44340.6,411.922
2149,17604608,4.62496,0.000984232,0.694361,45314.4,412.102
2150,17612800,4.61409,0.000984213,0.671513,45198.2,412.284
2151,17620992,4.53603,0.000984194,0.660383,42116.9,412.478
2152,17629184,4.3761,0.000984175,0.69319,45707,412.657
2153,17637376,4.66103,0.000984156,0.673061,45571.5,412.837
2154,17645568,4.54951,0.000984137,0.675269,45211.7,413.018
2155,17653760,4.62978,0.000984118,0.697937,39116.1,413.228
2156,17661952,4.47218,0.000984099,0.679746,38271.6,413.442
2157,17670144,4.31458,0.00098408,0.664001,44559.2,413.626
2158,17678336,4.58486,0.00098406,0.675083,44998.7,413.808
2159,17686528,4.38962,0.000984041,0.679683,45048.7,413.99
2160,17694720,4.4221,0.000984022,0.68739,41339.2,414.188
2161,17702912,4.36243,0.000984003,0.741233,36558.4,414.412
2162,17711104,4.69,0.000983984,0.666625,43754.3,414.599
2163,17719296,4.37812,0.000983965,0.659707,44698.2,414.782
2164,17727488,4.54142,0.000983945,0.723889,44839.3,414.965
2165,17735680,4.66495,0.000983926,0.644957,41837.9,415.161
2166,17743872,4.42328,0.000983907,0.726363,39678.6,415.367
2167,17752064,4.59215,0.000983888,0.751695,42746.3,415.559
2168,17760256,4.64235,0.000983869,0.68703,44193.7,415.744
2169,17768448,4.59107,0.000983849,0.66584,44477.1,415.928
2170,17776640,4.56769,0.00098383,0.72457,43106.5,416.119
2171,17784832,4.6402,0.000983811,0.683045,37898.7,416.335
2172,17793024,4.60917,0.000983792,0.710189,42506.2,416.527
2173,17801216,4.73803,0.000983772,0.739733,43994.8,416.714
2174,17809408,4.46328,0.000983753,0.656845,44875.7,416.896
2175,17817600,4.82189,0.000983734,0.722093,44157.8,417.082
2176,17825792,4.50264,0.000983714,0.705216,44731.1,417.265
2177,17833984,4.52488,0.000983695,0.654768,45407.3,417.445
2178,17842176,4.81838,0.000983676,0.719173,45092.6,417.627
2179,17850368,4.73904,0.000983656,0.669168,44695.2,417.81
2180,17858560,4.63309,0.000983637,0.682175,39109.5,418.02
2181,17866752,4.57205,0.000983618,0.688544,34993.8,418.254
2182,17874944,4.45785,0.000983598,0.696381,44423.1,418.438
2183,17883136,4.81895,0.000983579,0.674704,44880.9,418.621
2184,17891328,4.64176,0.000983559,0.695087,44976.4,418.803
2185,17899520,4.57294,0.00098354,0.645479,41218.9,419.002
2186,17907712,4.50334,0.00098352,0.662008,38222.6,419.216
2187,17915904,4.54099,0.000983501,0.647887,43010.5,419.406
2188,17924096,4.48076,0.000983482,0.667813,44586.9,419.59
2189,17932288,4.48843,0.000983462,0.6555,44879,419.773
2190,17940480,4.33259,0.000983443,0.756897,42215.6,419.967
2191,17948672,4.54813,0.000983423,0.695397,36753.7,420.19
2192,17956864,4.37522,0.000983404,0.631696,42788.4,420.381
2193,17965056,4.75095,0.000983384,0.69239,43995.4,420.567
2194,17973248,4.59495,0.000983365,0.65974,44654.9,420.751
2195,17981440,4.56492,0.000983345,0.686261,43870.2,420.937
2196,17989632,4.59936,0.000983326,0.65382,41376.1,421.135
2197,17997824,4.43033,0.000983306,0.663987,41599.1,421.332
2198,18006016,4.48094,0.000983286,0.671956,43695.9,421.52
2199,18014208,4.69379,0.000983267,0.683725,44950.1,421.702
2200,18022400,4.40581,0.000983247,0.694559,44831.5,421.885
2201,18030592,4.63272,0.000983228,0.694726,41047.4,422.084
2202,18038784,4.64829,0.000983208,0.670904,44851,422.267
2203,18046976,4.49554,0.000983188,0.670994,44346.5,422.452
2204,18055168,4.51078,0.000983169,0.715843,44806.2,422.635
2205,18063360,4.65188,0.000983149,0.675649,37958.1,422.85
2206,18071552,4.56859,0.000983129,0.663879,36768,423.073
2207,18079744,4.60248,0.00098311,0.720868,43723,423.261
2208,18087936,4.55512,0.00098309,0.698081,44262.5,423.446
2209,18096128,4.60756,0.00098307,0.704071,44831.4,423.628
2210,18104320,4.71278,0.000983051,0.751151,41412.1,423.826
2211,18112512,4.66711,0.000983031,0.694953,36585.2,424.05
2212,18120704,4.45431,0.000983011,0.724145,43237.3,424.24
2213,18128896,4.54493,0.000982992,0.685571,44034.6,424.426
2214,18137088,4.51297,0.000982972,0.659923,44354.8,424.61
2215,18145280,4.54109,0.000982952,0.739829,42704.3,424.802
2216,18153472,4.70835,0.000982932,0.661326,39354.8,425.01
2217,18161664,4.53273,0.000982912,0.734703,42680.9,425.202
2218,18169856,4.39156,0.000982893,0.677853,43874.6,425.389
2219,18178048,4.64172,0.000982873,0.684886,44449.9,425.573
2220,18186240,4.6399,0.000982853,0.722445,43959.7,425.76
2221,18194432,4.53875,0.000982833,0.653079,39413,425.967
2222,18202624,4.40064,0.000982813,0.721241,42586.1,426.16
2223,18210816,4.50231,0.000982794,0.688948,44198,426.345
2224,18219008,4.26867,0.000982774,0.686783,44524.5,426.529
2225,18227200,4.43853,0.000982754,0.688711,45264.7,426.71
2226,18235392,4.60243,0.000982734,0.700595,45753.8,426.889
2227,18243584,4.41906,0.000982714,0.739824,45226.6,427.07
2228,18251776,4.44563,0.000982694,0.701225,45018.9,427.252
2229,18259968,4.54619,0.000982674,0.711199,45041.7,427.434
2230,18268160,4.44671,0.000982654,0.719174,38654,427.646
2231,18276352,4.49967,0.000982634,0.672092,35890.2,427.874
2232,18284544,4.51125,0.000982614,0.707297,44405.8,428.059
2233,18292736,4.63539,0.000982594,0.68139,44635.3,428.242
2234,18300928,4.42048,0.000982574,0.69602,45062.2,428.424
2235,18309120,4.38912,0.000982554,0.666218,40816,428.625
2236,18317312,4.85435,0.000982534,0.698689,38746.7,428.836
2237,18325504,4.5659,0.000982514,0.687649,43167.8,429.026
2238,18333696,4.42934,0.000982494,0.687245,44397.5,429.21
2239,18341888,4.71403,0.000982474,0.722776,44674.6,429.394
2240,18350080,4.58461,0.000982454,0.6646,41691.8,429.59
2241,18358272,4.60171,0.000982434,0.716648,37520.1,429.809
2242,18366464,4.64096,0.000982414,0.705688,43124.8,429.999
2243,18374656,4.45139,0.000982394,0.647888,44109.3,430.184
2244,18382848,4.55584,0.000982374,0.759703,44826.2,430.367
2245,18391040,4.70441,0.000982354,0.691203,42994.1,430.558
2246,18399232,4.68927,0.000982334,0.672901,41149.2,430.757
2247,18407424,4.55442,0.000982314,0.713448,42164,430.951
2248,18415616,4.34117,0.000982294,0.639837,44811.8,431.134
2249,18423808,4.53123,0.000982273,0.730598,44862.2,431.316
2250,18432000,4.54079,0.000982253,0.700003,44809.7,431.499
2251,18440192,4.69572,0.000982233,0.698812,42900.8,431.69
2252,18448384,4.45217,0.000982213,0.677675,45844.1,431.869
2253,18456576,4.79126,0.000982193,0.709858,45492.8,432.049
2254,18464768,4.68083,0.000982173,0.706696,45669.3,432.228
2255,18472960,4.60213,0.000982152,0.712317,39691.9,432.435
2256,18481152,4.58876,0.000982132,0.686134,38231.5,432.649
2257,18489344,4.65468,0.000982112,0.656049,43969.9,432.835
2258,18497536,4.58228,0.000982092,0.66399,44976.4,433.017
2259,18505728,4.49574,0.000982071,0.680877,45334.4,433.198
2260,18513920,4.68525,0.000982051,0.727355,41670.9,433.395
2261,18522112,4.62738,0.000982031,0.66541,36528.2,433.619
2262,18530304,4.47428,0.000982011,0.740661,43181.9,433.809
2263,18538496,4.50187,0.00098199,0.690005,44407.6,433.993
2264,18546688,4.4303,0.00098197,0.709112,45020.2,434.175
2265,18554880,4.68444,0.00098195,0.684596,42410.2,434.368
2266,18563072,4.61641,0.000981929,0.666282,39671.9,434.575
2267,18571264,4.46397,0.000981909,0.754983,42356.4,434.768
2268,18579456,4.50555,0.000981889,0.688573,44184.6,434.954
2269,18587648,4.24621,0.000981868,0.705508,44811.5,435.136
2270,18595840,4.51059,0.000981848,0.635817,43598.6,435.324
2271,18604032,4.43533,0.000981828,0.698045,38160.2,435.539
2272,18612224,4.62085,0.000981807,0.712757,42662.9,435.731
2273,18620416,4.4907,0.000981787,0.698566,43902.3,435.918
2274,18628608,4.56144,0.000981766,0.668345,44633.3,436.101
2275,18636800,4.55998,0.000981746,0.743473,44210.6,436.286
2276,18644992,4.5292,0.000981725,0.670238,43967.5,436.473
2277,18653184,4.72915,0.000981705,0.688964,44990.9,436.655
2278,18661376,4.61736,0.000981684,0.681914,45160.1,436.836
2279,18669568,4.41322,0.000981664,0.681216,45075.2,437.018
2280,18677760,4.49758,0.000981643,0.68121,38848.1,437.229
2281,18685952,4.55913,0.000981623,0.649405,35847.1,437.457
2282,18694144,4.48084,0.000981602,0.73201,44620.1,437.641
2283,18702336,4.47665,0.000981582,0.687113,45140.4,437.822
2284,18710528,4.69294,0.000981561,0.703042,44859.6,438.005
2285,18718720,4.62233,0.000981541,0.702695,41067.4,438.205
2286,18726912,4.56237,0.00098152,0.663616,38019.2,438.42
2287,18735104,4.70972,0.0009815,0.702684,42870.9,438.611
2288,18743296,4.70122,0.000981479,0.720702,44643.9,438.795
2289,18751488,4.44487,0.000981459,0.659196,44714.3,438.978
2290,18759680,4.37633,0.000981438,0.681411,42196.2,439.172
2291,18767872,4.3665,0.000981417,0.692392,36547.6,439.396
2292,18776064,4.42243,0.000981397,0.709386,42274.6,439.59
2293,18784256,4.32355,0.000981376,0.684246,43825.2,439.777
2294,18792448,4.41425,0.000981355,0.745247,44851.2,439.959
2295,18800640,4.35039,0.000981335,0.715161,44121.1,440.145
2296,18808832,4.67936,0.000981314,0.702643,41004.7,440.345
2297,18817024,4.48994,0.000981293,0.685875,42077.3,440.54
2298,18825216,4.44149,0.000981273,0.700913,43597.8,440.727
2299,18833408,4.63121,0.000981252,0.737571,44978.8,440.91
2300,18841600,4.33966,0.000981231,0.716003,44719.1,441.093
2301,18849792,4.59048,0.000981211,0.739639,42528.7,441.285
2302,18857984,4.33994,0.00098119,0.743823,45672.2,441.465
2303,18866176,4.35662,0.000981169,0.722762,45627.8,441.644
2304,18874368,4.48309,0.000981148,0.707473,45491.8,441.824
2305,18882560,4.49364,0.000981128,0.723925,38744.6,442.036
2306,18890752,4.38692,0.000981107,0.710696,38621.7,442.248
2307,18898944,4.6201,0.000981086,0.699698,44466.8,442.432
2308,18907136,4.39315,0.000981065,0.690845,45345.5,442.613
2309,18915328,4.63008,0.000981044,0.750308,45406.9,442.793
2310,18923520,4.58122,0.000981024,0.695467,40675.4,442.995
2311,18931712,4.64125,0.000981003,0.671245,37324,443.214
2312,18939904,4.75683,0.000980982,0.725321,43969.5,443.4
2313,18948096,4.32673,0.000980961,0.691586,45001.5,443.582
2314,18956288,4.41487,0.00098094,0.657202,44842.5,443.765
2315,18964480,4.55952,0.000980919,0.694838,42087.1,443.96
2316,18972672,4.53872,0.000980898,0.697621,40298.4,444.163
2317,18980864,4.47009,0.000980878,0.702079,42753.5,444.355
2318,18989056,4.31875,0.000980857,0.74283,44822.3,444.537
2319,18997248,4.46163,0.000980836,0.756049,45092.8,444.719
2320,19005440,4.6072,0.000980815,0.711808,43685.5,444.907
2321,19013632,4.62511,0.000980794,0.717417,38707.9,445.118
2322,19021824,4.74126,0.000980773,0.698082,42886.9,445.309
2323,19030016,4.60561,0.000980752,0.700901,44472.2,445.494
2324,19038208,4.56381,0.000980731,0.679432,45060.2,445.675
2325,19046400,4.5371,0.00098071,0.687131,44690.8,445.859
2326,19054592,4.54115,0.000980689,0.666872,45081.4,446.04
2327,19062784,4.60717,0.000980668,0.676231,45718.6,446.22
2328,19070976,4.70406,0.000980647,0.681907,45385.4,446.4
2329,19079168,4.6145,0.000980626,0.688656,45353.3,446.581
2330,19087360,4.46339,0.000980605,0.778632,38869.3,446.791
2331,19095552,4.50485,0.000980584,0.720471,36170.6,447.018
2332,19103744,4.62563,0.000980563,0.768407,45219.4,447.199
2333,19111936,4.36632,0.000980542,0.764079,45068.3,447.381
2334,19120128,4.53989,0.00098052,0.732627,45586.9,447.561
2335,19128320,4.47356,0.000980499,0.722291,40705.6,447.762
2336,19136512,4.55832,0.000980478,0.750132,38931.8,447.972
2337,19144704,4.68132,0.000980457,0.747741,43178.3,448.162
2338,19152896,4.50098,0.000980436,0.792041,44601.2,448.346
2339,19161088,4.56811,0.000980415,0.702956,44909.7,448.528
2340,19169280,4.54406,0.000980394,0.715754,41950.9,448.723
2341,19177472,4.55201,0.000980372,0.695493,36990.7,448.945
2342,19185664,4.50756,0.000980351,0.709206,42913.5,449.136
2343,19193856,4.3432,0.00098033,0.716707,44151.3,449.321
2344,19202048,4.6,0.000980309,0.698868,44832.7,449.504
2345,19210240,4.68116,0.000980288,0.738412,43674.5,449.691
2346,19218432,4.6299,0.000980266,0.725551,41563.8,449.889
2347,19226624,4.58691,0.000980245,0.692335,42680.7,450.081
2348,19234816,4.56391,0.000980224,0.763379,44230.3,450.266
2349,19243008,4.70109,0.000980203,0.739735,44884.2,450.448
2350,19251200,4.66296,0.000980181,0.72166,45169.1,450.63
2351,19259392,4.55793,0.00098016,0.764569,42490.8,450.822
2352,19267584,4.46719,0.000980139,0.727395,45750.4,451.001
2353,19275776,4.47802,0.000980118,0.793857,45789.1,451.18
2354,19283968,4.63015,0.000980096,0.696681,45812.6,451.359
2355,19292160,4.70246,0.000980075,0.711326,40515.2,451.561
2356,19300352,4.43305,0.000980054,0.669424,38019.3,451.777
2357,19308544,4.51878,0.000980032,0.731634,44086.7,451.963
2358,19316736,4.52735,0.000980011,0.676453,44929.5,452.145
2359,19324928,4.50695,0.000979989,0.683636,45101.8,452.327
2360,19333120,4.67764,0.000979968,0.720045,42147.9,452.521
2361,19341312,4.41443,0.000979947,0.720058,36517,452.745
2362,19349504,4.63498,0.000979925,0.7009,44060.6,452.931
2363,19357696,4.65814,0.000979904,0.736941,44639.1,453.115
2364,19365888,4.55623,0.000979882,0.700814,45008.6,453.297
2365,19374080,4.61578,0.000979861,0.693012,43842.6,453.484
2366,19382272,4.61029,0.00097984,0.713666,40239.5,453.687
2367,19390464,4.58805,0.000979818,0.692233,41537.5,453.884
2368,19398656,4.77386,0.000979797,0.705173,43786.9,454.072
2369,19406848,4.54567,0.000979775,0.690608,44670.4,454.255
2370,19415040,4.42787,0.000979754,0.722668,44175.5,454.44
2371,19423232,4.59039,0.000979732,0.709395,38954.2,454.651
2372,19431424,4.49244,0.000979711,0.699604,42076.3,454.845
2373,19439616,4.62786,0.000979689,0.673069,43635.1,455.033
2374,19447808,4.4757,0.000979668,0.669054,44626.4,455.217
2375,19456000,4.61119,0.000979646,0.710121,44982.6,455.399
2376,19464192,4.68593,0.000979624,0.67916,45710.3,455.578
2377,19472384,4.65127,0.000979603,0.756443,44998.5,455.76
2378,19480576,4.30641,0.000979581,0.699785,45041.1,455.942
2379,19488768,4.38546,0.00097956,0.751845,45342.6,456.123
2380,19496960,4.35597,0.000979538,0.702635,38671.7,456.334
2381,19505152,4.47625,0.000979516,0.722406,35525.7,456.565
2382,19513344,4.58201,0.000979495,0.753927,44278,456.75
2383,19521536,4.62608,0.000979473,0.735818,44773.7,456.933
2384,19529728,4.52441,0.000979451,0.744003,45239.3,457.114
2385,19537920,4.62867,0.00097943,0.744753,40595.7,457.316
2386,19546112,4.33911,0.000979408,0.783334,39054.8,457.526
2387,19554304,4.55811,0.000979386,0.734361,43292.1,457.715
2388,19562496,4.50672,0.000979365,0.724324,44666.3,457.898
2389,19570688,4.39226,0.000979343,0.707309,45084.2,458.08
2390,19578880,4.69015,0.000979321,0.763105,42745.2,458.272
2391,19587072,4.53395,0.0009793,0.685254,37660.2,458.489
2392,19595264,4.37899,0.000979278,0.686569,42602.1,458.681
2393,19603456,4.81099,0.000979256,0.738334,44410.1,458.866
2394,19611648,4.45046,0.000979234,0.716935,44890.1,459.048
2395,19619840,4.38246,0.000979213,0.776754,43689.1,459.236
2396,19628032,4.4984,0.000979191,0.8444,41353.1,459.434
2397,19636224,4.64667,0.000979169,0.780912,42506.3,459.627
2398,19644416,4.35476,0.000979147,0.739137,43790.7,459.814
2399,19652608,4.51611,0.000979125,0.707322,44918.9,459.996
2400,19660800,4.49675,0.000979104,0.734968,44919.8,460.178
2401,19668992,4.54505,0.000979082,0.721857,42411.6,460.372
2402,19677184,4.40522,0.00097906,0.670684,45379.5,460.552
2403,19685376,4.62612,0.000979038,0.711676,45260.6,460.733
2404,19693568,4.45008,0.000979016,0.708246,44951.6,460.915
2405,19701760,4.47121,0.000978994,0.698802,38841.9,461.126
2406,19709952,4.55789,0.000978972,0.727637,37530.8,461.345
2407,19718144,4.3931,0.00097895,0.720803,43768.4,461.532
2408,19726336,4.51731,0.000978928,0.710891,44875.6,461.714
2409,19734528,4.37367,0.000978907,0.668587,44925.8,461.897
2410,19742720,4.48555,0.000978885,0.695815,41265,462.095
2411,19750912,4.59631,0.000978863,0.697854,35773.3,462.324
2412,19759104,4.56444,0.000978841,0.76362,42854,462.515
2413,19767296,4.58653,0.000978819,0.722656,44391,462.7
2414,19775488,4.70478,0.000978797,0.787801,44624.2,462.883
2415,19783680,4.45769,0.000978775,0.770703,42745,463.075
2416,19791872,4.41229,0.000978753,0.720758,39349.1,463.283
2417,19800064,4.57681,0.000978731,0.717182,41695.3,463.48
2418,19808256,4.45326,0.000978709,0.730909,43819.5,463.667
2419,19816448,4.69632,0.000978687,0.706733,44862.8,463.849
2420,19824640,4.44309,0.000978665,0.735669,44025.3,464.035
2421,19832832,4.56304,0.000978643,0.754029,39369.3,464.243
2422,19841024,4.50943,0.00097862,0.736546,41817.9,464.439
2423,19849216,4.42778,0.000978598,0.67343,43926.6,464.626
2424,19857408,4.35861,0.000978576,0.730188,44923.7,464.808
2425,19865600,4.45329,0.000978554,0.784061,44960.7,464.99
2426,19873792,4.60231,0.000978532,0.695266,44605.9,465.174
2427,19881984,4.50072,0.00097851,0.707545,45237.4,465.355
2428,19890176,4.42351,0.000978488,0.708965,45108.1,465.537
2429,19898368,4.60223,0.000978466,0.660562,45352.7,465.717
2430,19906560,4.64992,0.000978443,0.762179,38165.1,465.932
2431,19914752,4.40007,0.000978421,0.721742,36264.5,466.158
2432,19922944,4.57837,0.000978399,0.725316,44887.1,466.34
2433,19931136,4.53178,0.000978377,0.722522,45067.2,466.522
2434,19939328,4.65329,0.000978355,0.712202,45073,466.704
2435,19947520,4.39499,0.000978332,0.723381,40957.7,466.904
2436,19955712,4.64409,0.00097831,0.736293,38985.2,467.114
2437,19963904,4.28495,0.000978288,0.715963,43546.9,467.302
2438,19972096,4.49547,0.000978266,0.704148,44784,467.485
2439,19980288,4.60385,0.000978243,0.716045,45110.9,467.667
2440,19988480,4.51622,0.000978221,0.726989,42294.7,467.86
2441,19996672,4.66671,0.000978199,0.734324,37849.3,468.077
2442,20004864,4.4776,0.000978177,0.727305,43078.4,468.267
2443,20013056,4.41592,0.000978154,1.08821,44486.1,468.451
2444,20021248,4.54516,0.000978132,0.72353,45217,468.632
2445,20029440,4.51881,0.00097811,0.692021,44246.6,468.817
2446,20037632,4.56705,0.000978087,0.716142,41991.8,469.013
2447,20045824,4.46258,0.000978065,0.683768,42336,469.206
2448,20054016,4.24219,0.000978043,0.70695,44268.6,469.391
2449,20062208,4.55082,0.00097802,0.740551,45050.8,469.573
2450,20070400,4.61052,0.000977998,0.744768,45072.2,469.755
2451,20078592,4.38477,0.000977975,0.726687,42901.7,469.946
2452,20086784,4.58137,0.000977953,0.742075,45942.3,470.124
2453,20094976,4.63949,0.000977931,0.735972,45569.2,470.304
2454,20103168,4.55186,0.000977908,0.748099,45814.6,470.483
2455,20111360,4.50448,0.000977886,0.735339,39154.2,470.692
2456,20119552,4.64618,0.000977863,0.763504,37793.1,470.909
2457,20127744,4.5989,0.000977841,0.713694,43838,471.095
2458,20135936,4.42051,0.000977818,0.782871,44712,471.279
2459,20144128,4.39453,0.000977796,0.959434,45015.1,471.461
2460,20152320,4.58979,0.000977773,0.725593,41245.6,471.659
2461,20160512,4.5671,0.000977751,0.744629,36348.8,471.885
2462,20168704,4.55768,0.000977728,0.737126,43077.5,472.075
2463,20176896,4.43417,0.000977706,0.731921,44166.7,472.26
2464,20185088,4.57619,0.000977683,0.701831,44587.4,472.444
2465,20193280,4.31587,0.000977661,0.750025,42584.4,472.636
2466,20201472,4.37162,0.000977638,0.734416,39541.4,472.844
2467,20209664,4.40359,0.000977616,0.749954,42632,473.036
2468,20217856,4.5479,0.000977593,0.739575,43703.3,473.223
2469,20226048,4.44463,0.00097757,0.76555,44929.4,473.405
2470,20234240,4.1978,0.000977548,0.693887,43724.4,473.593
2471,20242432,4.58152,0.000977525,0.771291,38804.4,473.804
2472,20250624,4.35027,0.000977503,0.769666,42499.6,473.997
2473,20258816,4.38549,0.00097748,0.70577,43805.9,474.184
2474,20267008,4.41366,0.000977457,0.737809,45098.2,474.365
2475,20275200,4.47685,0.000977435,0.75508,44539.8,474.549
2476,20283392,4.49564,0.000977412,0.715906,44623.7,474.733
2477,20291584,4.49421,0.000977389,0.730017,44880.6,474.915
2478,20299776,4.4264,0.000977366,0.695355,44673.3,475.099
2479,20307968,4.35486,0.000977344,0.744686,44944.1,475.281
2480,20316160,4.402,0.000977321,0.790322,39032.6,475.491
2481,20324352,4.35592,0.000977298,0.678321,35683.5,475.72
2482,20332544,4.35383,0.000977276,0.68411,44156.7,475.906
2483,20340736,4.57807,0.000977253,0.680603,44752.5,476.089
2484,20348928,4.50681,0.00097723,0.685414,45204.5,476.27
2485,20357120,4.4529,0.000977207,0.708745,41992.3,476.465
2486,20365312,4.62659,0.000977185,0.778489,39069.7,476.675
2487,20373504,4.51847,0.000977162,0.701057,42513.8,476.868
2488,20381696,4.40985,0.000977139,0.667234,44185.7,477.053
2489,20389888,4.30102,0.000977116,0.708819,44791.1,477.236
2490,20398080,4.3998,0.000977093,0.767634,43507.5,477.424
2491,20406272,4.48187,0.00097707,0.725714,38191.3,477.639
2492,20414464,4.57173,0.000977048,0.721859,42380.1,477.832
2493,20422656,4.54607,0.000977025,0.755063,43829.3,478.019
2494,20430848,4.63574,0.000977002,0.718557,45293.3,478.2
2495,20439040,4.46,0.000976979,0.779498,44723.9,478.383
2496,20447232,4.35452,0.000976956,0.699485,42789.5,478.574
2497,20455424,4.32986,0.000976933,0.780441,42518.7,478.767
2498,20463616,4.69075,0.00097691,0.76572,44406.8,478.952
2499,20471808,4.43178,0.000976887,0.743631,44453.7,479.136
2500,20480000,4.38244,0.000976864,0.703926,45155,479.317
2501,20488192,4.3849,0.000976841,0.745251,42162.2,479.512
2502,20496384,4.28466,0.000976818,0.755494,45597.4,479.691
2503,20504576,4.33927,0.000976795,0.727116,45252,479.872
2504,20512768,4.48853,0.000976772,0.671106,45376.6,480.053
2505,20520960,4.56469,0.000976749,0.711827,39026.2,480.263
2506,20529152,4.56237,0.000976726,0.68124,38478.9,480.476
2507,20537344,4.62331,0.000976703,0.833065,44398.2,480.66
2508,20545536,4.43741,0.00097668,0.712013,45270.8,480.841
2509,20553728,4.50904,0.000976657,0.738288,45275.8,481.022
2510,20561920,4.57814,0.000976634,0.758805,41258.8,481.221
2511,20570112,4.42953,0.000976611,0.739114,36908.7,481.443
2512,20578304,4.34654,0.000976588,0.697995,43455.7,481.631
2513,20586496,4.56177,0.000976565,0.751909,44360.7,481.816
2514,20594688,4.31208,0.000976542,0.783604,44657.1,481.999
2515,20602880,4.38772,0.000976519,0.721117,42432.9,482.192
2516,20611072,4.68473,0.000976496,0.794804,39665.6,482.399
2517,20619264,4.48701,0.000976473,0.738631,42638.1,482.591
2518,20627456,4.24461,0.00097645,0.700473,44245.1,482.776
2519,20635648,4.42632,0.000976426,0.797595,44861.9,482.959
2520,20643840,4.42253,0.000976403,0.688692,44420.3,483.143
2521,20652032,4.31472,0.00097638,0.698925,38505.4,483.356
2522,20660224,4.53568,0.000976357,0.706657,42373.8,483.549
2523,20668416,4.51087,0.000976334,0.706792,44175.8,483.735
2524,20676608,4.52144,0.00097631,0.808104,44994.6,483.917
2525,20684800,4.52582,0.000976287,0.695189,45031.2,484.099
2526,20692992,4.28881,0.000976264,0.778112,44707.4,484.282
2527,20701184,4.39151,0.000976241,0.723454,45159.9,484.463
2528,20709376,4.51758,0.000976217,0.72625,45382.5,484.644
2529,20717568,4.38972,0.000976194,0.753974,45450.2,484.824
2530,20725760,4.36823,0.000976171,0.69173,38669.2,485.036
2531,20733952,4.40068,0.000976148,0.735173,35371.6,485.267
2532,20742144,4.46316,0.000976124,0.756873,44321,485.452
2533,20750336,4.32263,0.000976101,0.745419,44280,485.637
2534,20758528,4.43774,0.000976078,0.748861,45051.8,485.819
2535,20766720,4.20345,0.000976054,0.688543,45128,486.001
2536,20774912,4.41513,0.000976031,0.774217,44971.7,486.183
2537,20783104,4.6084,0.000976008,0.678265,38224.8,486.397
2538,20791296,4.45483,0.000975984,0.747246,38302.2,486.611
2539,20799488,4.48855,0.000975961,0.737537,43874.3,486.798
2540,20807680,4.33555,0.000975938,0.72528,45089.2,486.979
2541,20815872,4.60504,0.000975914,0.714647,42256,487.173
2542,20824064,4.54386,0.000975891,0.706528,40923.6,487.373
2543,20832256,4.42559,0.000975867,0.705958,39345.6,487.582
2544,20840448,4.55839,0.000975844,0.727573,42803.5,487.773
2545,20848640,4.46862,0.000975821,0.72176,44474.8,487.957
2546,20856832,4.34,0.000975797,0.72313,45253.7,488.138
2547,20865024,4.3208,0.000975774,0.710817,42333,488.332
2548,20873216,4.51061,0.00097575,0.73891,39206.8,488.541
2549,20881408,4.40583,0.000975727,0.768904,42049.4,488.735
2550,20889600,4.49687,0.000975703,0.732128,44287.9,488.92
2551,20897792,4.56484,0.00097568,0.801212,41128.7,489.12
2552,20905984,4.55071,0.000975656,0.73183,44666.3,489.303
2553,20914176,4.34196,0.000975633,0.727478,44535.6,489.487
2554,20922368,4.52369,0.000975609,0.749758,44386.2,489.672
2555,20930560,4.456,0.000975586,0.725161,37466.6,489.89
2556,20938752,4.52036,0.000975562,0.731493,37031.8,490.111
2557,20946944,4.56188,0.000975538,0.723603,43300.8,490.301
2558,20955136,4.55267,0.000975515,0.736235,44544.8,490.484
2559,20963328,4.35124,0.000975491,0.729386,44651.7,490.668
2560,20971520,4.55216,0.000975468,0.710401,40278.3,490.871
2561,20979712,4.4827,0.000975444,0.757997,35902.1,491.1
2562,20987904,4.36022,0.00097542,0.682077,43030.6,491.29
2563,20996096,4.67689,0.000975397,0.698813,44140.6,491.475
2564,21004288,4.46932,0.000975373,0.683008,44670.7,491.659
2565,21012480,4.25599,0.000975349,0.673322,41547.9,491.856
2566,21020672,4.42673,0.000975326,0.669357,39300.8,492.064
2567,21028864,4.42123,0.000975302,0.755964,42531.2,492.257
2568,21037056,4.37253,0.000975278,0.733809,43814.8,492.444
2569,21045248,4.5085,0.000975255,0.722454,44955,492.626
2570,21053440,4.82554,0.000975231,0.907501,43166.3,492.816
2571,21061632,4.5954,0.000975207,0.792101,38646.2,493.028
2572,21069824,4.61155,0.000975184,0.714638,42599.7,493.22
2573,21078016,4.40031,0.00097516,0.730432,43619.6,493.408
2574,21086208,4.41784,0.000975136,0.74205,44741.3,493.591
2575,21094400,4.63193,0.000975112,0.719841,44670.7,493.775
2576,21102592,4.59653,0.000975088,0.791937,44946.1,493.957
2577,21110784,4.49875,0.000975065,0.723346,45455.3,494.137
2578,21118976,4.43326,0.000975041,0.74286,45406.3,494.318
2579,21127168,4.50327,0.000975017,0.755287,45835.3,494.496
2580,21135360,4.38099,0.000974993,0.753565,40492.9,494.699
2581,21143552,4.59431,0.000974969,0.755476,36009.8,494.926
2582,21151744,4.43803,0.000974946,0.713994,44588.9,495.11
2583,21159936,4.44824,0.000974922,0.782788,45266.9,495.291
2584,21168128,4.63826,0.000974898,0.720346,45165.2,495.472
2585,21176320,4.28296,0.000974874,0.709703,41927.4,495.668
2586,21184512,4.30706,0.00097485,0.780212,38981.6,495.878
2587,21192704,4.38508,0.000974826,0.762764,43017.4,496.068
2588,21200896,4.2663,0.000974802,0.749415,44715.1,496.251
2589,21209088,4.43785,0.000974778,0.764867,44937,496.434
2590,21217280,4.26355,0.000974754,0.728744,43254.2,496.623
2591,21225472,4.43805,0.00097473,0.709357,37528.3,496.841
2592,21233664,4.40465,0.000974706,0.767824,42910.2,497.032
2593,21241856,4.17388,0.000974682,0.734892,43847.9,497.219
2594,21250048,4.51635,0.000974658,0.738267,45067.2,497.401
2595,21258240,4.28826,0.000974634,0.782508,44086.4,497.587
2596,21266432,4.30513,0.00097461,0.721784,41559.7,497.784
2597,21274624,4.35665,0.000974586,0.728952,42606.3,497.976
2598,21282816,4.39128,0.000974562,0.728952,44152.7,498.162
2599,21291008,4.66712,0.000974538,0.808731,45073.5,498.343
2600,21299200,4.5275,0.000974514,0.785025,44604.7,498.527
2601,21307392,4.46453,0.00097449,0.762539,42383,498.72
2602,21315584,4.2102,0.000974466,0.792609,45813.6,498.899
2603,21323776,4.48405,0.000974442,0.721174,45409.8,499.079
2604,21331968,4.46499,0.000974418,0.723653,45405,499.26
2605,21340160,4.27598,0.000974394,0.76318,40253.3,499.463
2606,21348352,4.4224,0.00097437,0.749489,37764.2,499.68
2607,21356544,4.47845,0.000974346,0.777476,43704.6,499.868
2608,21364736,4.57089,0.000974322,0.78295,44955.1,500.05
2609,21372928,4.51035,0.000974297,0.678369,45098.9,500.232
2610,21381120,4.31809,0.000974273,0.685085,42086.7,500.426
2611,21389312,4.48575,0.000974249,0.707439,35689.9,500.656
2612,21397504,4.3037,0.000974225,0.75475,43596.7,500.844
2613,21405696,4.30546,0.000974201,0.7855,44685.6,501.027
2614,21413888,4.36763,0.000974177,0.723377,45344,501.208
2615,21422080,4.5046,0.000974152,0.685118,42078.5,501.402
2616,21430272,4.4893,0.000974128,0.71086,39296.7,501.611
2617,21438464,4.39845,0.000974104,0.733214,42127.3,501.805
2618,21446656,4.37722,0.00097408,0.745044,44175.4,501.991
2619,21454848,4.38345,0.000974055,0.688209,44332.3,502.176
2620,21463040,4.55894,0.000974031,0.754573,43209.4,502.365
2621,21471232,4.49175,0.000974007,0.71091,38146.5,502.58
2622,21479424,4.36352,0.000973983,0.68163,42167.5,502.774
2623,21487616,4.4596,0.000973958,0.734633,43993.3,502.96
2624,21495808,4.56913,0.000973934,0.756885,44718.9,503.144
2625,21504000,4.26701,0.00097391,0.703256,44438.1,503.328
2626,21512192,4.74762,0.000973885,0.770332,44303.8,503.513
2627,21520384,4.60174,0.000973861,0.754259,45081.4,503.694
2628,21528576,4.30656,0.000973837,0.73617,45059.1,503.876
2629,21536768,4.33626,0.000973812,0.734291,44964.2,504.058
2630,21544960,4.5299,0.000973788,0.782789,38326.7,504.272
2631,21553152,4.37605,0.000973763,0.780832,35910.7,504.5
2632,21561344,4.22198,0.000973739,0.728179,45119.1,504.682
2633,21569536,4.58091,0.000973715,0.753368,44638,504.865
2634,21577728,4.53401,0.00097369,0.776309,45095.7,505.047
2635,21585920,4.58402,0.000973666,0.757214,41290.7,505.245
2636,21594112,4.38216,0.000973641,0.723904,38533.2,505.458
2637,21602304,4.35539,0.000973617,0.715453,43460.3,505.647
2638,21610496,4.38651,0.000973592,0.742076,44586.5,505.83
2639,21618688,4.26133,0.000973568,0.748457,44886.4,506.013
2640,21626880,4.22694,0.000973543,0.744092,43419.3,506.201
2641,21635072,4.54824,0.000973519,0.765057,37858.6,506.418
2642,21643264,4.65168,0.000973494,0.760449,42778.8,506.609
2643,21651456,4.48127,0.00097347,0.757114,44607.2,506.793
2644,21659648,4.53478,0.000973445,0.755333,44758.9,506.976
2645,21667840,4.38387,0.000973421,0.710388,44690.7,507.159
2646,21676032,4.47173,0.000973396,0.768351,42172.7,507.354
2647,21684224,4.35286,0.000973372,0.748304,42032.5,507.548
2648,21692416,4.51792,0.000973347,0.760912,44055.2,507.734
2649,21700608,4.43568,0.000973323,0.721068,44629.9,507.918
2650,21708800,4.43276,0.000973298,0.747311,45220.8,508.099
2651,21716992,4.54259,0.000973273,0.709258,42395.7,508.292
2652,21725184,4.47102,0.000973249,0.752625,45833.3,508.471
2653,21733376,4.59958,0.000973224,0.769586,45518.5,508.651
2654,21741568,4.4034,0.0009732,0.812073,45538.7,508.831
2655,21749760,4.41593,0.000973175,0.760425,38719.6,509.043
2656,21757952,4.37702,0.00097315,0.71381,38847.1,509.253
2657,21766144,4.41752,0.000973126,0.73226,44603.4,509.437
2658,21774336,4.37761,0.000973101,0.746405,45022.7,509.619
2659,21782528,4.67429,0.000973076,0.751105,45048.2,509.801
2660,21790720,4.26229,0.000973051,0.76061,41171.2,510
2661,21798912,4.55312,0.000973027,0.805197,36738.1,510.223
2662,21807104,4.53735,0.000973002,0.712706,43508.3,510.411
2663,21815296,4.36535,0.000972977,0.755834,44590.2,510.595
2664,21823488,4.4678,0.000972953,0.754925,45288.1,510.776
2665,21831680,4.39239,0.000972928,0.77534,42919.7,510.967
2666,21839872,4.37615,0.000972903,0.7205,39647.2,511.173
2667,21848064,4.42828,0.000972878,0.814844,41990.6,511.368
2668,21856256,4.47672,0.000972853,0.741904,44025,511.554
2669,21864448,4.46872,0.000972829,0.757146,44910.5,511.737
2670,21872640,4.48889,0.000972804,0.688357,43888.2,511.923
2671,21880832,4.4476,0.000972779,0.785256,38841.2,512.134
2672,21889024,4.581,0.000972754,0.814115,42635.3,512.327
2673,21897216,4.25529,0.000972729,0.765485,43785.9,512.514
2674,21905408,4.41551,0.000972704,0.689747,45395.5,512.694
2675,21913600,4.57709,0.00097268,0.728394,45083.2,512.876
2676,21921792,4.49711,0.000972655,0.758162,45755.5,513.055
2677,21929984,4.39551,0.00097263,0.776059,45361.1,513.235
2678,21938176,4.46704,0.000972605,0.742602,45433.9,513.416
2679,21946368,4.5667,0.00097258,0.789252,45290.1,513.597
2680,21954560,4.44789,0.000972555,0.776334,37991.7,513.812
2681,21962752,4.51298,0.00097253,0.710561,35357.9,514.044
2682,21970944,4.34071,0.000972505,0.821576,44010.2,514.23
2683,21979136,4.45082,0.00097248,0.764762,44869.5,514.413
2684,21987328,4.39282,0.000972455,0.775735,44824.7,514.595
2685,21995520,4.55527,0.00097243,0.720308,40755.7,514.796
2686,22003712,4.52278,0.000972405,0.801974,38834.6,515.007
2687,22011904,4.23258,0.00097238,0.721797,42820.6,515.199
2688,22020096,4.47088,0.000972355,0.716583,44460.5,515.383
2689,22028288,4.24424,0.00097233,0.707677,45146,515.564
2690,22036480,4.65597,0.000972305,0.800098,42593,515.757
2691,22044672,4.47898,0.00097228,0.728076,37407.8,515.976
2692,22052864,4.38543,0.000972255,0.756803,42609,516.168
2693,22061056,4.21101,0.00097223,0.710308,44275.4,516.353
2694,22069248,4.29709,0.000972205,0.767864,45373.7,516.533
2695,22077440,4.37869,0.00097218,0.6706,43521.2,516.722
2696,22085632,4.40688,0.000972155,0.712353,41210.1,516.921
2697,22093824,4.60235,0.00097213,0.762157,41983.7,517.116
2698,22102016,4.34568,0.000972104,0.797227,43966,517.302
2699,22110208,4.4032,0.000972079,0.725744,45140.2,517.483
2700,22118400,4.34946,0.000972054,0.801057,44346.2,517.668
2701,22126592,4.56356,0.000972029,0.715741,42166.8,517.862
2702,22134784,4.36533,0.000972004,0.725641,45526.1,518.042
2703,22142976,4.07718,0.000971979,0.707986,44875.2,518.225
2704,22151168,4.50603,0.000971954,0.736446,44870,518.408
2705,22159360,4.27253,0.000971928,0.72011,38706.5,518.619
2706,22167552,4.30818,0.000971903,0.78859,37221.3,518.839
2707,22175744,4.43921,0.000971878,0.690469,43684,519.027
2708,22183936,4.29469,0.000971853,0.699501,44453,519.211
2709,22192128,4.3682,0.000971827,0.739662,44493,519.395
2710,22200320,4.47644,0.000971802,0.75754,41334.7,519.593
2711,22208512,4.51818,0.000971777,0.777277,36181.1,519.82
2712,22216704,4.3782,0.000971752,0.714519,43295.4,520.009
2713,22224896,4.39626,0.000971726,0.745937,44406.4,520.193
2714,22233088,4.29459,0.000971701,0.72039,45029.1,520.375
2715,22241280,4.57218,0.000971676,0.676403,42896.3,520.566
2716,22249472,4.33975,0.00097165,0.797631,39859.8,520.772
2717,22257664,4.45181,0.000971625,0.817562,42920.4,520.963
2718,22265856,4.2316,0.0009716,0.763935,44127.6,521.148
2719,22274048,4.37068,0.000971574,0.78875,44825.9,521.331
2720,22282240,4.35965,0.000971549,0.731018,43809.9,521.518
2721,22290432,4.48056,0.000971524,0.745769,37964.4,521.734
2722,22298624,4.32637,0.000971498,0.757711,43031.5,521.924
2723,22306816,4.46915,0.000971473,0.749402,43663.1,522.112
2724,22315008,4.42079,0.000971447,0.764366,44590.9,522.296
2725,22323200,4.36156,0.000971422,0.789325,43920.7,522.482
2726,22331392,4.41383,0.000971397,0.706807,43701.5,522.67
2727,22339584,4.34894,0.000971371,0.74142,45084,522.851
2728,22347776,4.05046,0.000971346,0.71671,44831.4,523.034
2729,22355968,4.34113,0.00097132,0.725283,44994.2,523.216
2730,22364160,4.57186,0.000971295,0.761739,38817.9,523.427
2731,22372352,4.33202,0.000971269,0.833969,35929.8,523.655
2732,22380544,4.35271,0.000971244,0.671009,44599.9,523.839
2733,22388736,4.40014,0.000971218,0.755713,44418.5,524.023
2734,22396928,4.4315,0.000971193,0.764803,44682.4,524.207
2735,22405120,4.42504,0.000971167,0.762464,39939,524.412
2736,22413312,4.29617,0.000971142,0.688923,38503.6,524.624
2737,22421504,4.29704,0.000971116,0.770511,43681.1,524.812
2738,22429696,4.57408,0.000971091,0.838053,44662.5,524.995
2739,22437888,4.55676,0.000971065,0.772898,44707.2,525.179
2740,22446080,4.45444,0.000971039,0.701785,42011.9,525.374
2741,22454272,4.3975,0.000971014,0.788591,37067.4,525.595
2742,22462464,4.47852,0.000970988,0.717601,43142.9,525.785
2743,22470656,4.46782,0.000970963,0.727371,44485.6,525.969
2744,22478848,4.39959,0.000970937,0.795251,44918.5,526.151
2745,22487040,4.28333,0.000970911,0.755877,43283.2,526.34
2746,22495232,4.24677,0.000970886,0.765278,40915.3,526.541
2747,22503424,4.49512,0.00097086,0.699168,42917.3,526.731
2748,22511616,4.29517,0.000970834,0.711958,44225.9,526.917
2749,22519808,4.17511,0.000970809,0.741618,44928.6,527.099
2750,22528000,4.4323,0.000970783,0.767854,44584.9,527.283
2751,22536192,4.2931,0.000970757,0.69818,42626.2,527.475
2752,22544384,4.49688,0.000970732,0.752519,45752.1,527.654
2753,22552576,4.4974,0.000970706,0.739957,45442.7,527.834
2754,22560768,4.47491,0.00097068,0.7146,45380.5,528.015
2755,22568960,4.40143,0.000970654,0.715164,39410.4,528.223
2756,22577152,4.60246,0.000970629,0.756191,38217.3,528.437
2757,22585344,4.30014,0.000970603,0.754269,44652.6,528.62
2758,22593536,4.3215,0.000970577,0.743375,44828.5,528.803
2759,22601728,4.24745,0.000970551,0.717088,45289,528.984
2760,22609920,4.53361,0.000970525,0.771471,42290.9,529.178
2761,22618112,4.42616,0.0009705,0.725487,36950.5,529.399
2762,22626304,4.53537,0.000970474,0.765501,43967.3,529.586
2763,22634496,4.33085,0.000970448,0.761369,44577.4,529.77
2764,22642688,4.38128,0.000970422,0.796673,44860.4,529.952
2765,22650880,4.51861,0.000970396,0.763808,42894.4,530.143
2766,22659072,4.38769,0.00097037,0.726047,39822.5,530.349
2767,22667264,4.29414,0.000970345,0.715172,42343.2,530.542
2768,22675456,4.37571,0.000970319,0.775133,44261.5,530.727
2769,22683648,4.40849,0.000970293,0.740979,44939.1,530.91
2770,22691840,4.32884,0.000970267,0.748854,45246.9,531.091
2771,22700032,4.13061,0.000970241,0.776404,39464.8,531.298
2772,22708224,4.38516,0.000970215,0.781282,42929.4,531.489
2773,22716416,4.22334,0.000970189,0.737331,43810.1,531.676
2774,22724608,4.43994,0.000970163,0.763135,44803.3,531.859
2775,22732800,4.29368,0.000970137,0.734205,44911.5,532.041
2776,22740992,4.54932,0.000970111,0.775138,45263.3,532.222
2777,22749184,4.30075,0.000970085,0.682974,45800.7,532.401
2778,22757376,4.19997,0.000970059,0.716687,45762.9,532.58
2779,22765568,4.38697,0.000970033,0.730379,45656.1,532.76
2780,22773760,4.12849,0.000970007,0.714838,39308.9,532.968
2781,22781952,4.29088,0.000969981,0.753401,36416.2,533.193
2782,22790144,4.30894,0.000969955,0.764029,45109.7,533.375
2783,22798336,4.29879,0.000969929,0.742835,45260.8,533.556
2784,22806528,4.488,0.000969903,0.746299,45276.4,533.737
2785,22814720,4.42642,0.000969877,0.756598,40973.5,533.936
2786,22822912,4.56317,0.000969851,0.773461,38916.1,534.147
2787,22831104,4.55563,0.000969825,0.751817,43031.8,534.337
2788,22839296,4.43625,0.000969799,0.794136,44783,534.52
2789,22847488,4.29303,0.000969773,0.729728,45335,534.701
2790,22855680,4.71604,0.000969746,0.906128,43282.2,534.89
2791,22863872,4.29153,0.00096972,0.754099,36856.2,535.113
2792,22872064,4.47418,0.000969694,0.724984,42690.6,535.304
2793,22880256,4.44959,0.000969668,0.766674,44348.3,535.489
2794,22888448,4.41635,0.000969642,0.718821,44933.8,535.671
2795,22896640,4.38866,0.000969616,0.752993,44343.3,535.856
2796,22904832,4.21649,0.000969589,0.815476,42025.3,536.051
2797,22913024,4.31549,0.000969563,0.733207,42384.5,536.244
2798,22921216,4.34455,0.000969537,0.725909,44278.7,536.429
2799,22929408,4.42987,0.000969511,0.7754,44880.9,536.612
2800,22937600,4.64212,0.000969485,0.799038,45572.3,536.792
2801,22945792,4.54703,0.000969458,0.731975,42680.8,536.984
2802,22953984,4.4511,0.000969432,0.80495,45685.6,537.163
2803,22962176,4.33317,0.000969406,0.754191,45397.9,537.343
2804,22970368,4.37321,0.000969379,0.808846,45107.7,537.525
2805,22978560,4.51717,0.000969353,0.841792,38170.2,537.74
2806,22986752,4.49921,0.000969327,0.801536,38286.9,537.954
2807,22994944,4.61002,0.000969301,0.763424,44001.2,538.14
2808,23003136,4.24391,0.000969274,0.707745,45029.7,538.322
2809,23011328,4.43524,0.000969248,0.780139,45105.1,538.503
2810,23019520,4.48037,0.000969222,0.771596,40325.5,538.706
2811,23027712,4.41565,0.000969195,0.755165,37012.1,538.928
2812,23035904,4.44597,0.000969169,0.722449,43832,539.115
2813,23044096,4.35695,0.000969142,1.09302,44699.1,539.298
2814,23052288,4.54706,0.000969116,0.837011,44802.7,539.481
2815,23060480,4.46428,0.00096909,0.790447,41050.2,539.68
2816,23068672,4.31902,0.000969063,0.70922,39865.1,539.886
2817,23076864,4.36759,0.000969037,0.834415,42795.8,540.077
2818,23085056,4.28329,0.00096901,0.761011,44096.6,540.263
2819,23093248,4.46292,0.000968984,0.757277,44549.3,540.447
2820,23101440,4.27554,0.000968957,0.790788,42619.2,540.639
2821,23109632,4.32772,0.000968931,0.753213,38845.7,540.85
2822,23117824,4.50527,0.000968905,0.712635,43723.2,541.037
2823,23126016,4.37773,0.000968878,0.769437,44376.6,541.222
2824,23134208,4.28225,0.000968852,0.711659,45015.2,541.404
2825,23142400,4.343,0.000968825,0.754638,44327.9,541.589
2826,23150592,4.26288,0.000968799,0.702089,44371.6,541.773
2827,23158784,4.55883,0.000968772,0.782764,45047.8,541.955
2828,23166976,4.23415,0.000968745,0.726489,44567.4,542.139
2829,23175168,4.44902,0.000968719,0.732833,44987.4,542.321
2830,23183360,4.24757,0.000968692,0.707728,38783.9,542.532
2831,23191552,4.50495,0.000968666,0.77231,35282.5,542.765
2832,23199744,4.32319,0.000968639,0.782097,44590.6,542.948
2833,23207936,4.52595,0.000968613,0.712362,44612.8,543.132
2834,23216128,4.51402,0.000968586,0.739305,45036.1,543.314
2835,23224320,4.26837,0.000968559,0.722417,40713.9,543.515
2836,23232512,4.40419,0.000968533,0.727727,38285.1,543.729
2837,23240704,4.47825,0.000968506,0.794123,43534.8,543.917
2838,23248896,4.54786,0.000968479,0.768627,44443.8,544.101
2839,23257088,4.41491,0.000968453,0.790762,44793.9,544.284
2840,23265280,4.36818,0.000968426,0.801042,42445.7,544.477
2841,23273472,4.29431,0.000968399,0.725288,37063.4,544.698
2842,23281664,4.2983,0.000968373,0.757932,42947.7,544.889
2843,23289856,4.39509,0.000968346,0.766098,44235.4,545.074
2844,23298048,4.21262,0.000968319,0.74605,44689,545.258
2845,23306240,4.42944,0.000968293,0.755913,43684.1,545.445
2846,23314432,4.45851,0.000968266,0.754683,40519.5,545.647
2847,23322624,4.35144,0.000968239,0.780453,42148.2,545.842
2848,23330816,4.47624,0.000968212,0.844151,43625.9,546.029
2849,23339008,4.42731,0.000968186,0.773496,44742.5,546.213
2850,23347200,4.52364,0.000968159,0.720234,44382.1,546.397
2851,23355392,4.25883,0.000968132,0.767852,42057.4,546.592
2852,23363584,4.3365,0.000968105,0.760832,44737.2,546.775
2853,23371776,4.57259,0.000968078,0.802484,44568,546.959
2854,23379968,4.47161,0.000968052,0.80241,44874.1,547.141
2855,23388160,4.27218,0.000968025,0.720309,39253.4,547.35
2856,23396352,4.36732,0.000967998,0.737812,37576,547.568
2857,23404544,4.31944,0.000967971,0.711294,43923.1,547.755
2858,23412736,4.21913,0.000967944,0.766015,44832.8,547.937
2859,23420928,4.09637,0.000967917,0.773137,45125.3,548.119
2860,23429120,4.32722,0.00096789,0.752201,41669.2,548.315
2861,23437312,4.38728,0.000967863,0.752901,36484.2,548.54
2862,23445504,4.61029,0.000967837,0.773726,43099.6,548.73
2863,23453696,4.25433,0.00096781,0.855324,44347.1,548.915
2864,23461888,4.39173,0.000967783,0.769593,44989.2,549.097
2865,23470080,4.60321,0.000967756,0.816104,42645.9,549.289
2866,23478272,4.36172,0.000967729,0.777507,39633,549.496
2867,23486464,4.32614,0.000967702,0.823893,42006.6,549.691
2868,23494656,4.44378,0.000967675,0.746099,44335.5,549.875
2869,23502848,4.4518,0.000967648,0.720206,45479.7,550.056
2870,23511040,4.52358,0.000967621,0.721299,44466.4,550.24
2871,23519232,4.49796,0.000967594,0.763893,39918.7,550.445
2872,23527424,4.43372,0.000967567,0.855776,42026.7,550.64
2873,23535616,4.32142,0.00096754,0.731964,44203.4,550.825
2874,23543808,4.55885,0.000967513,0.740074,44978.6,551.007
2875,23552000,4.32205,0.000967486,0.746645,45693.5,551.187
2876,23560192,4.29421,0.000967459,0.732966,45983.1,551.365
2877,23568384,4.41629,0.000967432,0.7182,45667.2,551.544
2878,23576576,4.486,0.000967405,0.765195,45929.3,551.723
2879,23584768,4.41701,0.000967377,0.781546,45984,551.901
2880,23592960,4.35666,0.00096735,0.736758,40501.8,552.103
2881,23601152,4.31733,0.000967323,0.704382,36331.4,552.328
2882,23609344,4.5437,0.000967296,0.721432,44969,552.511
2883,23617536,4.53299,0.000967269,0.70557,45352,552.691
2884,23625728,4.36711,0.000967242,0.982114,45414.6,552.872
2885,23633920,4.30719,0.000967215,0.724563,42917.9,553.063
2886,23642112,4.58605,0.000967187,0.782448,39485.1,553.27
2887,23650304,4.27519,0.00096716,0.727978,42487,553.463
2888,23658496,4.32731,0.000967133,0.760948,44382.4,553.647
2889,23666688,4.11935,0.000967106,0.786683,44645.4,553.831
2890,23674880,4.30028,0.000967079,0.764676,44424,554.015
2891,23683072,4.48628,0.000967051,0.745146,38193.9,554.23
2892,23691264,4.44106,0.000967024,0.843919,41296,554.428
2893,23699456,4.38889,0.000966997,0.735912,44065.1,554.614
2894,23707648,4.42118,0.00096697,0.713745,45394.6,554.795
2895,23715840,4.36934,0.000966942,0.813566,45363.1,554.975
2896,23724032,4.5385,0.000966915,0.769493,43321.8,555.164
2897,23732224,4.47408,0.000966888,0.867455,42856,555.355
2898,23740416,4.25002,0.000966861,0.80676,42869.6,555.546
2899,23748608,4.3822,0.000966833,0.786754,44771.9,555.729
2900,23756800,4.47074,0.000966806,0.752959,45028.6,555.911
2901,23764992,4.4703,0.000966779,0.848085,41857.9,556.107
2902,23773184,4.38294,0.000966751,0.840831,45594.3,556.287
2903,23781376,4.473,0.000966724,0.714714,44995.7,556.469
2904,23789568,4.48643,0.000966697,0.738382,45454.9,556.649
2905,23797760,4.44025,0.000966669,0.752647,38226.1,556.863
2906,23805952,4.48569,0.000966642,0.818374,38742.1,557.075
2907,23814144,4.54101,0.000966614,0.808392,44409.3,557.259
2908,23822336,4.22383,0.000966587,0.740564,44536.4,557.443
2909,23830528,4.44263,0.00096656,0.734959,45210.6,557.624
2910,23838720,4.31783,0.000966532,0.782535,41220.3,557.823
2911,23846912,4.47125,0.000966505,0.802074,36759.9,558.046
2912,23855104,4.51526,0.000966477,0.733554,43506.2,558.234
2913,23863296,4.29061,0.00096645,0.831544,44029.9,558.42
2914,23871488,4.3874,0.000966422,0.801314,44716.1,558.604
2915,23879680,4.45345,0.000966395,0.767572,41498.4,558.801
2916,23887872,4.30622,0.000966367,0.796313,39349.9,559.009
2917,23896064,4.33337,0.00096634,0.772426,42731.8,559.201
2918,23904256,4.27154,0.000966312,0.713737,44189,559.386
2919,23912448,4.30496,0.000966285,0.805079,44610.4,559.57
2920,23920640,4.42927,0.000966257,0.773659,44113,559.756
2921,23928832,4.37336,0.00096623,0.725978,39923.4,559.961
2922,23937024,4.4143,0.000966202,0.792956,43165.7,560.151
2923,23945216,4.39742,0.000966175,0.790171,43985.5,560.337
2924,23953408,4.29749,0.000966147,0.904839,45244,560.518
2925,23961600,4.42027,0.000966119,0.826247,44807.1,560.701
2926,23969792,4.20861,0.000966092,0.755125,45424.8,560.881
2927,23977984,4.17412,0.000966064,0.833603,45733.1,561.06
2928,23986176,4.44048,0.000966037,0.889493,45546.3,561.24
2929,23994368,4.32368,0.000966009,0.78763,45668.3,561.419
2930,24002560,4.34549,0.000965981,0.761513,39134.5,561.629
2931,24010752,4.19021,0.000965954,0.731898,36171,561.855
2932,24018944,4.31025,0.000965926,0.867225,44713.8,562.038
2933,24027136,4.59712,0.000965898,0.839077,45120.2,562.22
2934,24035328,4.38185,0.000965871,0.897527,45207.3,562.401
2935,24043520,4.36304,0.000965843,0.70652,40660.1,562.603
2936,24051712,4.28381,0.000965815,0.802971,38707,562.814
2937,24059904,4.18116,0.000965787,0.750189,43301.5,563.003
2938,24068096,4.27735,0.00096576,0.750852,44659.4,563.187
2939,24076288,4.4129,0.000965732,0.794996,45163.5,563.368
2940,24084480,4.3534,0.000965704,0.803069,42331.3,563.562
2941,24092672,4.45207,0.000965676,0.71765,37755.5,563.779
2942,24100864,4.20086,0.000965649,0.708625,44166.5,563.964
2943,24109056,4.19192,0.000965621,0.773611,45072.8,564.146
2944,24117248,4.21158,0.000965593,0.747158,45072.9,564.328
2945,24125440,4.30975,0.000965565,0.718118,44849,564.51
2946,24133632,4.32983,0.000965537,0.785621,42729.5,564.702
2947,24141824,4.18697,0.00096551,0.818185,42796.1,564.894
2948,24150016,4.31665,0.000965482,0.779272,44358.5,565.078
2949,24158208,4.20766,0.000965454,0.763636,45234.5,565.259
2950,24166400,4.54722,0.000965426,0.755037,45462.3,565.44
2951,24174592,4.39312,0.000965398,0.802125,42129.9,565.634
2952,24182784,4.28909,0.00096537,0.848334,46347.5,565.811
2953,24190976,4.19588,0.000965342,0.800887,46358.8,565.987
2954,24199168,4.30339,0.000965314,0.700261,45777.2,566.166
2955,24207360,4.33507,0.000965287,0.770869,41239.2,566.365
2956,24215552,4.42994,0.000965259,0.762493,37067.7,566.586
2957,24223744,4.40712,0.000965231,0.728004,42258.8,566.78
2958,24231936,4.47836,0.000965203,0.781667,44552.3,566.964
2959,24240128,4.19278,0.000965175,0.733734,45732.6,567.143
2960,24248320,4.50754,0.000965147,0.745983,44417.7,567.327
2961,24256512,4.25625,0.000965119,0.720025,35906.5,567.555
2962,24264704,4.27607,0.000965091,0.724286,41193.7,567.754
2963,24272896,4.32601,0.000965063,0.76043,43692,567.942
2964,24281088,4.35675,0.000965035,0.813579,44934.3,568.124
2965,24289280,4.2102,0.000965007,0.798176,44369.1,568.309
2966,24297472,4.48939,0.000964979,0.817815,40872.7,568.509
2967,24305664,4.34958,0.000964951,0.810821,40147.1,568.713
2968,24313856,4.42726,0.000964923,0.768919,43200.8,568.903
2969,24322048,4.44847,0.000964895,0.765203,44675.4,569.086
2970,24330240,4.52658,0.000964867,0.816339,44592.7,569.27
2971,24338432,4.38021,0.000964838,0.764225,39742.2,569.476
2972,24346624,4.44731,0.00096481,0.78273,41181.6,569.675
2973,24354816,4.29604,0.000964782,0.754883,42594.6,569.867
2974,24363008,4.44368,0.000964754,0.797949,44344.4,570.052
2975,24371200,4.27112,0.000964726,0.781805,44952,570.234
2976,24379392,4.26408,0.000964698,0.740241,45041.3,570.416
2977,24387584,4.37065,0.00096467,0.757711,45370.7,570.597
2978,24395776,4.54795,0.000964641,0.772878,45329,570.777
2979,24403968,4.23577,0.000964613,0.739707,45373.8,570.958
2980,24412160,4.17089,0.000964585,0.815485,38949,571.168
2981,24420352,4.38376,0.000964557,0.931788,35315,571.4
2982,24428544,4.41056,0.000964529,0.731984,44998.9,571.582
2983,24436736,4.22079,0.000964501,0.762686,45102.3,571.764
2984,24444928,4.20125,0.000964472,0.743124,45165.7,571.945
2985,24453120,4.42222,0.000964444,0.873188,41311.8,572.144
2986,24461312,4.42898,0.000964416,0.773181,38746.1,572.355
2987,24469504,4.17416,0.000964388,0.718257,43161.4,572.545
2988,24477696,4.21879,0.000964359,0.703266,45008.7,572.727
2989,24485888,4.47738,0.000964331,0.745043,44723.2,572.91
2990,24494080,4.38248,0.000964303,0.773496,42823.5,573.101
2991,24502272,4.31207,0.000964274,0.77635,37547.7,573.32
2992,24510464,4.23363,0.000964246,0.837914,43199.3,573.509
2993,24518656,4.32336,0.000964218,0.811704,44633.1,573.693
2994,24526848,4.18887,0.000964189,0.746553,45151,573.874
2995,24535040,4.39467,0.000964161,0.826488,44014.1,574.06
2996,24543232,4.25473,0.000964133,0.797679,41521.2,574.258
2997,24551424,4.38648,0.000964104,0.727707,42596,574.45
2998,24559616,4.44227,0.000964076,0.738415,44294,574.635
2999,24567808,4.16755,0.000964048,0.733475,45081.3,574.817
3000,24576000,4.46667,0.000964019,0.812498,44647.5,575
