step,tokens,loss,lr,grad_norm,tokens_per_s,train_seconds
1,8192,9.7668,2e-06,4.33668,18756.8,0.436748
2,16384,9.76543,4e-06,4.60588,35045.9,0.670498
3,24576,9.75598,6e-06,4.52709,32887,0.919594
4,32768,9.73569,8e-06,4.60577,32398,1.17245
5,40960,9.70232,1e-05,5.02379,26626.4,1.48011
6,49152,9.67066,1.2e-05,5.05436,33356.3,1.7257
7,57344,9.66591,1.4e-05,4.63745,32401.8,1.97853
8,65536,9.61843,1.6e-05,4.61825,31343.5,2.23989
9,73728,9.55283,1.8e-05,5.14255,29667.8,2.51602
10,81920,9.49565,2e-05,4.80274,32715.6,2.76642
11,90112,9.47418,2.2e-05,4.46477,30568.5,3.0344
12,98304,9.46336,2.4e-05,4.1116,30957.8,3.29902
13,106496,9.42983,2.6e-05,3.93699,30908.5,3.56406
14,114688,9.31013,2.8e-05,3.43644,32570.1,3.81558
15,122880,9.27689,3e-05,3.12976,31980,4.07174
16,131072,9.28335,3.2e-05,2.83469,30856,4.33723
17,139264,9.22095,3.4e-05,2.45397,31259.2,4.5993
18,147456,9.19842,3.6e-05,2.4726,32237.6,4.85341
19,155648,9.17083,3.8e-05,2.18329,31990,5.10949
20,163840,9.13812,4e-05,1.98556,30793.6,5.37552
21,172032,9.11784,4.2e-05,2.00808,29960.6,5.64895
22,180224,9.11763,4.4e-05,1.88724,31861.1,5.90606
23,188416,9.07083,4.6e-05,1.89991,31939.8,6.16255
24,196608,9.05419,4.8e-05,1.81812,31707.3,6.42091
25,204800,8.99436,5e-05,1.96016,31560.4,6.68047
26,212992,9.00022,5.2e-05,1.88274,34503.9,6.9179
27,221184,8.96321,5.4e-05,1.87254,34366.4,7.15627
28,229376,8.99173,5.6e-05,1.77935,34202.3,7.39578
29,237568,8.99066,5.8e-05,1.85139,25498.8,7.71706
30,245760,8.92036,6e-05,1.81042,31965.3,7.97333
31,253952,8.93178,6.2e-05,1.77247,32130,8.2283
32,262144,8.89231,6.4e-05,1.76316,32335.6,8.48164
33,270336,8.8443,6.6e-05,1.82843,27428.7,8.78031
34,278528,8.83088,6.8e-05,1.80011,32343.7,9.03359
35,286720,8.84885,7e-05,1.65865,33606.6,9.27735
36,294912,8.81198,7.2e-05,1.75304,31104.2,9.54072
37,303104,8.73058,7.4e-05,1.78428,29354.7,9.81979
38,311296,8.70338,7.6e-05,1.78638,32581.4,10.0712
39,319488,8.69243,7.8e-05,1.71053,33477.2,10.3159
40,327680,8.66964,8e-05,1.76313,30496.6,10.5845
41,335872,8.60001,8.2e-05,1.79152,30589.3,10.8524
42,344064,8.56782,8.4e-05,1.84949,31667.3,11.111
43,352256,8.52974,8.6e-05,1.77162,31163.4,11.3739
44,360448,8.54196,8.8e-05,1.88817,31881.8,11.6309
45,368640,8.48437,9e-05,1.80688,31889.1,11.8878
46,376832,8.37114,9.2e-05,1.98532,31455.9,12.1482
47,385024,8.4108,9.4e-05,1.97056,31290.2,12.41
48,393216,8.32126,9.6e-05,1.91948,31902,12.6668
49,401408,8.31956,9.8e-05,1.86594,31982.4,12.9229
50,409600,8.22868,0.0001,1.82155,31533.2,13.1827
51,417792,8.17862,0.000102,1.85201,31898.6,13.4395
52,425984,8.19107,0.000104,1.68773,33847.4,13.6815
53,434176,8.1233,0.000106,1.81966,34605.9,13.9183
54,442368,8.06471,0.000108,1.87685,25619.8,14.238
55,450560,8.05721,0.00011,2.01248,32186.1,14.4925
56,458752,8.06936,0.000112,1.54624,33981.6,14.7336
57,466944,8.03903,0.000114,1.63077,32512.9,14.9856
58,475136,7.93609,0.000116,1.67692,28332.5,15.2747
59,483328,8.00264,0.000118,1.4759,32404.7,15.5275
60,491520,7.88419,0.00012,1.72204,33527.1,15.7719
61,499712,7.84628,0.000122,1.55496,30096.2,16.044
62,507904,7.86008,0.000124,1.60646,33063.5,16.2918
63,516096,7.83664,0.000126,1.59899,31625.6,16.5508
64,524288,7.74151,0.000128,1.44692,30535.6,16.8191
65,532480,7.82484,0.00013,1.49547,32086.5,17.0744
66,540672,7.73829,0.000132,1.39915,32515.5,17.3264
67,548864,7.69446,0.000134,1.41117,31503,17.5864
68,557056,7.58655,0.000136,1.46975,31296.9,17.8482
69,565248,7.65298,0.000138,1.54911,31870.1,18.1052
70,573440,7.53497,0.00014,1.42801,32231.8,18.3594
71,581632,7.54168,0.000142,1.34465,29304.4,18.6389
72,589824,7.55584,0.000144,1.35705,31790.4,18.8966
73,598016,7.58449,0.000146,1.21861,32080.4,19.152
74,606208,7.46023,0.000148,1.29391,31669.5,19.4106
75,614400,7.3963,0.00015,1.23941,30988.8,19.675
76,622592,7.48274,0.000152,1.23234,33986.4,19.916
77,630784,7.32516,0.000154,1.30048,33189.4,20.1628
78,638976,7.32916,0.000156,1.16437,42573,20.3553
79,647168,7.32431,0.000158,1.15301,41268.9,20.5538
80,655360,7.31546,0.00016,1.10204,35918.6,20.7818
81,663552,7.33892,0.000162,1.07106,37564.3,20.9999
82,671744,7.33346,0.000164,0.984301,40549.2,21.202
83,679936,7.27532,0.000166,1.07059,40793.7,21.4028
84,688128,7.19755,0.000168,1.05669,41055.1,21.6023
85,696320,7.16975,0.00017,1.12196,40292.2,21.8056
86,704512,6.99712,0.000172,1.08259,40032.5,22.0103
87,712704,7.08744,0.000174,1.00353,40115.2,22.2145
88,720896,7.13926,0.000176,0.872165,40642.6,22.416
89,729088,7.12647,0.000178,0.873476,41479.3,22.6135
90,737280,7.14169,0.00018,0.815829,40837.3,22.8141
91,745472,6.995,0.000182,0.881067,38607.1,23.0263
92,753664,7.06611,0.000184,0.798139,41076.9,23.2257
93,761856,6.98278,0.000186,0.783229,40371.3,23.4287
94,770048,7.06382,0.000188,0.738062,41159.6,23.6277
95,778240,6.99347,0.00019,0.81542,40543.8,23.8297
96,786432,6.97966,0.000192,0.755903,39978.2,24.0347
97,794624,7.06114,0.000194,0.720259,40698.6,24.2359
98,802816,6.92597,0.000196,0.836488,40411.6,24.4387
99,811008,6.83875,0.000198,0.842696,40675.1,24.6401
100,819200,7.07209,0.0002,0.794549,40633.3,24.8417
101,827392,6.90532,0.000202,0.890819,37900,25.0578
102,835584,6.89333,0.000204,0.797734,41263.7,25.2563
103,843776,6.87749,0.000206,0.782551,40109.4,25.4606
104,851968,6.91505,0.000208,0.850198,40632.9,25.6622
105,860160,6.7866,0.00021,0.935145,34290.9,25.9011
106,868352,6.84752,0.000212,0.727515,39140.9,26.1104
107,876544,6.7794,0.000214,0.80472,40945.4,26.3105
108,884736,6.89316,0.000216,0.703644,41171.8,26.5094
109,892928,6.80026,0.000218,0.820523,40149.4,26.7135
110,901120,6.7719,0.00022,0.859011,37108.6,26.9342
111,909312,6.67851,0.000222,0.731596,37281.2,27.154
112,917504,6.78053,0.000224,0.869022,41531,27.3512
113,925696,6.8221,0.000226,0.665586,41633.9,27.548
114,933888,6.75529,0.000228,0.985072,40347.4,27.751
115,942080,6.63499,0.00023,0.689909,38297.2,27.9649
116,950272,6.61456,0.000232,0.839869,39586.9,28.1718
117,958464,6.76543,0.000234,0.701864,41790.5,28.3679
118,966656,6.75605,0.000236,0.795694,41606,28.5648
119,974848,6.78885,0.000238,0.816475,40418,28.7674
120,983040,6.71842,0.00024,0.876068,39585.4,28.9744
121,991232,6.62589,0.000242,0.7904,37894.7,29.1906
122,999424,6.62427,0.000244,0.835863,41614.6,29.3874
123,1007616,6.5894,0.000246,0.864517,41812.9,29.5833
124,1015808,6.58098,0.000248,0.811179,40656.4,29.7848
125,1024000,6.68138,0.00025,0.823773,39139.2,29.9941
126,1032192,6.71298,0.000252,0.800347,39475.8,30.2017
127,1040384,6.53339,0.000254,1.15904,40377.5,30.4045
128,1048576,6.63806,0.000256,1.00445,41021.8,30.6042
129,1056768,6.43782,0.000258,0.837831,41417,30.802
130,1064960,6.51072,0.00026,0.958473,34228.9,31.0414
131,1073152,6.60306,0.000262,0.926697,36319.3,31.2669
132,1081344,6.5788,0.000264,1.02814,41346.7,31.4651
133,1089536,6.64203,0.000266,1.11366,41777,31.6611
134,1097728,6.65637,0.000268,0.921627,40956.7,31.8612
135,1105920,6.54376,0.00027,0.931352,37525.2,32.0795
136,1114112,6.47905,0.000272,0.758474,38935.6,32.2899
137,1122304,6.38539,0.000274,0.868953,41472.5,32.4874
138,1130496,6.60947,0.000276,0.976479,41342.2,32.6855
139,1138688,6.48271,0.000278,0.925761,40551.6,32.8876
140,1146880,6.44021,0.00028,0.855923,38264.2,33.1016
141,1155072,6.50478,0.000282,0.887122,37082.1,33.3226
142,1163264,6.35153,0.000284,0.905668,40802.9,33.5233
143,1171456,6.4661,0.000286,0.773496,41594,33.7203
144,1179648,6.35718,0.000288,0.887645,40975.7,33.9202
145,1187840,6.49409,0.00029,0.859976,39733.6,34.1264
146,1196032,6.39748,0.000292,0.794458,39869,34.3319
147,1204224,6.35978,0.000294,0.847452,40800.7,34.5326
148,1212416,6.41797,0.000296,0.900165,41477.1,34.7301
149,1220608,6.30641,0.000298,1.02885,40597.6,34.9319
150,1228800,6.47407,0.0003,0.947859,39880.9,35.1373
151,1236992,6.39945,0.000302,0.846098,38365.5,35.3509
152,1245184,6.34643,0.000304,0.961379,41578.5,35.5479
153,1253376,6.31334,0.000306,0.790322,40957.1,35.7479
154,1261568,6.41219,0.000308,0.801396,41756.5,35.9441
155,1269760,6.48378,0.00031,0.711086,35444.5,36.1752
156,1277952,6.16219,0.000312,0.923497,39666.2,36.3817
157,1286144,6.33496,0.000314,0.994472,41174.5,36.5807
158,1294336,6.21764,0.000316,0.813473,41332.3,36.7789
159,1302528,6.26734,0.000318,0.868474,41425.6,36.9766
160,1310720,6.30495,0.00032,0.718783,37846.8,37.1931
161,1318912,6.25083,0.000322,0.880698,37712.8,37.4103
162,1327104,6.32446,0.000324,0.789139,40785.9,37.6112
163,1335296,6.48764,0.000326,0.869741,41762.5,37.8073
164,1343488,6.31806,0.000328,0.766933,40433,38.0099
165,1351680,6.41142,0.00033,0.832328,39628.7,38.2167
166,1359872,6.37537,0.000332,0.795068,40238.8,38.4202
167,1368064,6.15922,0.000334,0.77872,41287.7,38.6186
168,1376256,6.31764,0.000336,0.850797,41189.1,38.8175
169,1384448,6.23767,0.000338,0.791892,40695.3,39.0188
170,1392640,6.19802,0.00034,1.16447,39464.9,39.2264
171,1400832,6.2793,0.000342,0.828005,37299.1,39.446
172,1409024,6.30295,0.000344,0.909586,41575,39.6431
173,1417216,6.16501,0.000346,0.885698,41484.4,39.8406
174,1425408,6.18446,0.000348,0.857811,41040,40.0402
175,1433600,6.18775,0.00035,0.913917,40411.1,40.2429
176,1441792,6.19905,0.000352,0.856717,40436.8,40.4455
177,1449984,6.15886,0.000354,0.800756,40138.6,40.6496
178,1458176,6.10423,0.000356,0.735853,41253,40.8481
179,1466368,6.155,0.000358,0.766933,41195.1,41.047
180,1474560,6.17524,0.00036,0.953529,33827.4,41.2892
181,1482752,6.2992,0.000362,0.993421,36009.5,41.5167
182,1490944,6.28989,0.000364,0.900232,41629.3,41.7135
183,1499136,6.29206,0.000366,1.16637,40141.3,41.9175
184,1507328,6.37144,0.000368,0.736395,40454.8,42.12
185,1515520,6.02129,0.00037,0.88366,37050.5,42.3411
186,1523712,6.23741,0.000372,0.771322,39304.1,42.5496
187,1531904,6.02696,0.000374,0.939291,40619.4,42.7512
188,1540096,6.30896,0.000376,0.914665,41733,42.9475
189,1548288,6.13133,0.000378,0.862584,41094.3,43.1469
190,1556480,6.06226,0.00038,0.81289,38658.6,43.3588
191,1564672,6.15435,0.000382,0.811271,37313.2,43.5783
192,1572864,6.21473,0.000384,0.78624,41343.2,43.7765
193,1581056,6.21806,0.000386,0.753569,41571.6,43.9735
194,1589248,6.03604,0.000388,0.830255,41038.6,44.1732
195,1597440,6.10706,0.00039,0.720122,38786.3,44.3844
196,1605632,6.10842,0.000392,0.85388,39560.9,44.5914
197,1613824,6.25089,0.000394,0.783955,41132.6,44.7906
198,1622016,6.24692,0.000396,0.859785,41583.1,44.9876
199,1630208,6.1728,0.000398,0.842455,40199,45.1914
200,1638400,6.10333,0.0004,0.743116,39922.4,45.3966
201,1646592,6.23136,0.000402,0.889221,39655.8,45.6032
202,1654784,6.02239,0.000404,0.835603,42105.8,45.7977
203,1662976,5.95712,0.000406,0.725012,41402.2,45.9956
204,1671168,6.07481,0.000408,0.801287,41537.6,46.1928
205,1679360,5.96276,0.00041,0.836976,34827.2,46.428
206,1687552,6.00221,0.000412,0.799009,39691.8,46.6344
207,1695744,5.93745,0.000414,0.766573,41733.1,46.8307
208,1703936,6.22381,0.000416,0.909489,42093.4,47.0253
209,1712128,6.107,0.000418,0.906184,40411.5,47.228
210,1720320,6.20042,0.00042,0.943557,37265.4,47.4479
211,1728512,6.04516,0.000422,0.972311,37869.2,47.6642
212,1736704,6.0979,0.000424,0.763115,41912.6,47.8596
213,1744896,6.10376,0.000426,0.995673,41557.6,48.0568
214,1753088,6.04234,0.000428,0.783516,40596.6,48.2586
215,1761280,6.2684,0.00043,0.965543,38987.3,48.4687
216,1769472,6.13507,0.000432,0.830934,39860.7,48.6742
217,1777664,6.16453,0.000434,0.878978,40827.4,48.8748
218,1785856,5.93773,0.000436,0.788733,41575.6,49.0719
219,1794048,6.03335,0.000438,0.885177,40778.5,49.2728
220,1802240,6.04706,0.00044,0.756067,39225.1,49.4816
221,1810432,5.87533,0.000442,0.911603,36930.9,49.7034
222,1818624,5.92047,0.000444,0.78944,41279.7,49.9019
223,1826816,6.01792,0.000446,0.795953,41190.5,50.1008
224,1835008,5.91048,0.000448,0.878157,40846.6,50.3013
225,1843200,6.09332,0.00045,0.781755,38789.4,50.5125
226,1851392,6.17321,0.000452,0.833928,40712.8,50.7137
227,1859584,6.00711,0.000454,0.768616,41051.1,50.9133
228,1867776,5.92494,0.000456,0.74842,40856.7,51.1138
229,1875968,6.15204,0.000458,0.831021,40336.4,51.3169
230,1884160,6.17331,0.00046,0.881368,33837.5,51.559
231,1892352,6.01354,0.000462,0.786489,36642.4,51.7825
232,1900544,5.97359,0.000464,0.811216,41207.9,51.9813
233,1908736,6.01508,0.000466,0.791081,40867.7,52.1818
234,1916928,5.97401,0.000468,0.850906,39267.4,52.3904
235,1925120,6.00897,0.00047,0.741102,36525.7,52.6147
236,1933312,5.98149,0.000472,0.783659,39207,52.8236
237,1941504,5.85723,0.000474,0.797059,41041.6,53.0232
238,1949696,5.93652,0.000476,0.793356,40602.5,53.225
239,1957888,6.08787,0.000478,0.785928,39409.5,53.4329
240,1966080,6.03997,0.00048,0.81732,38043.8,53.6482
241,1974272,5.90962,0.000482,0.766426,37526.8,53.8665
242,1982464,6.05347,0.000484,0.897093,41197.3,54.0653
243,1990656,5.90734,0.000486,0.762615,40809.2,54.2661
244,1998848,6.04423,0.000488,0.772418,39553.3,54.4732
245,2007040,5.86263,0.00049,0.833967,38577.7,54.6855
246,2015232,5.91899,0.000492,0.797056,39463.5,54.8931
247,2023424,5.95687,0.000494,0.823981,41446,55.0908
248,2031616,5.95229,0.000496,0.864048,40863.8,55.2913
249,2039808,5.97182,0.000498,0.839734,40273.2,55.4947
250,2048000,5.9689,0.0005,0.811836,39110.8,55.7041
251,2056192,6.08713,0.000502,0.800923,37066.2,55.9251
252,2064384,5.99909,0.000504,0.893892,40336.4,56.1282
253,2072576,5.88452,0.000506,0.782088,40982.7,56.3281
254,2080768,6.05251,0.000508,0.761235,40895.2,56.5284
255,2088960,6.05631,0.00051,0.821523,34662.5,56.7648
256,2097152,5.81644,0.000512,0.934799,38736.5,56.9762
257,2105344,5.93112,0.000514,0.705483,40386.4,57.1791
258,2113536,5.81316,0.000516,0.791696,40920,57.3793
259,2121728,6.1164,0.000518,0.931978,40466.2,57.5817
260,2129920,6.05192,0.00052,0.802792,35585.2,57.8119
261,2138112,5.9478,0.000522,0.729368,35310.4,58.0439
262,2146304,6.10195,0.000524,0.846284,40276.6,58.2473
263,2154496,5.98972,0.000526,0.747212,40060,58.4518
264,2162688,5.94644,0.000528,0.798568,38892.5,58.6625
265,2170880,5.9199,0.00053,0.805617,36134,58.8892
266,2179072,5.95542,0.000532,0.787434,37526.7,59.1075
267,2187264,5.83981,0.000534,0.778982,39395.8,59.3154
268,2195456,5.82287,0.000536,0.809898,39607.2,59.5222
269,2203648,6.0025,0.000538,0.789155,37758,59.7392
270,2211840,5.82674,0.00054,0.824326,36262.7,59.9651
271,2220032,5.81318,0.000542,0.721515,35273.1,60.1973
272,2228224,5.81498,0.000544,0.768727,39157.1,60.4066
273,2236416,5.79316,0.000546,0.779426,36491.6,60.631
274,2244608,5.77966,0.000548,0.851735,34500.4,60.8685
275,2252800,5.81563,0.00055,0.783203,34472.1,61.1061
276,2260992,5.90149,0.000552,0.831986,39786.8,61.312
277,2269184,5.72902,0.000554,0.939346,38915.6,61.5225
278,2277376,5.86998,0.000556,0.984044,39182.8,61.7316
279,2285568,5.86186,0.000558,0.740959,35778.1,61.9606
280,2293760,5.8751,0.00056,1.16606,31418.2,62.2213
281,2301952,5.89503,0.000562,0.886905,35981.9,62.449
282,2310144,5.84431,0.000564,0.760475,40071.7,62.6534
283,2318336,5.78128,0.000566,0.764765,38945.4,62.8638
284,2326528,5.62771,0.000568,0.755259,36178.9,63.0902
285,2334720,5.7428,0.00057,0.828234,35488.9,63.321
286,2342912,5.63101,0.000572,0.770384,38178.5,63.5356
287,2351104,5.96398,0.000574,0.8502,39312.5,63.744
288,2359296,5.72882,0.000576,0.77755,38543.2,63.9565
289,2367488,5.85084,0.000578,0.761407,36237.8,64.1826
290,2375680,5.71915,0.00058,0.741972,36416.9,64.4075
291,2383872,5.96545,0.000582,0.960969,36334.2,64.633
292,2392064,5.73224,0.000584,0.844514,40256.8,64.8365
293,2400256,5.81517,0.000586,0.928322,37584,65.0545
294,2408448,5.57399,0.000588,0.918918,36034.2,65.2818
295,2416640,5.89261,0.00059,0.882542,37557.9,65.4999
296,2424832,5.68828,0.000592,0.806912,38850.5,65.7108
297,2433024,5.78565,0.000594,0.827346,38266.8,65.9248
298,2441216,5.82708,0.000596,0.746921,35486.5,66.1557
299,2449408,5.80844,0.000598,0.801946,34690,66.3918
300,2457600,5.60106,0.0006,0.886607,36021.9,66.6193
301,2465792,5.76614,0.000602,0.825396,36672.7,66.8426
302,2473984,5.98576,0.000604,0.94973,39779.7,67.0486
303,2482176,5.67068,0.000606,0.844978,39286.3,67.2571
304,2490368,5.92576,0.000608,0.790109,33765,67.4997
305,2498560,5.87313,0.00061,0.807316,31194.2,67.7623
306,2506752,5.6767,0.000612,0.726935,38420.8,67.9755
307,2514944,5.82066,0.000614,0.767362,38784.7,68.1868
308,2523136,5.65407,0.000616,0.769323,39134.8,68.3961
309,2531328,5.72051,0.000618,0.681032,34160.8,68.6359
310,2539520,5.73496,0.00062,0.761601,36549.8,68.86
311,2547712,5.69579,0.000622,0.761972,36288.7,69.0858
312,2555904,5.76627,0.000624,0.857797,40169.5,69.2897
313,2564096,5.75486,0.000626,0.762104,38117.6,69.5046
314,2572288,5.60407,0.000628,0.760061,36008.1,69.7321
315,2580480,5.60733,0.00063,0.844324,37673,69.9496
316,2588672,5.70864,0.000632,0.811648,39419.7,70.1574
317,2596864,5.63129,0.000634,0.746211,39385.6,70.3654
318,2605056,5.78299,0.000636,0.762707,37626.4,70.5831
319,2613248,5.67401,0.000638,0.767217,37114.1,70.8038
320,2621440,5.73389,0.00064,0.76839,38038.2,71.0192
321,2629632,5.7422,0.000642,0.802149,37130.9,71.2398
322,2637824,5.77405,0.000644,0.81209,40095.8,71.4441
323,2646016,5.81218,0.000646,1.02926,37543.3,71.6623
324,2654208,5.82425,0.000648,0.753712,37670.1,71.8798
325,2662400,5.61233,0.00065,0.755097,38718.9,72.0914
326,2670592,5.71252,0.000652,0.795057,39899.1,72.2967
327,2678784,5.71171,0.000654,0.706857,40181.5,72.5006
328,2686976,5.88049,0.000656,0.80438,39624.2,72.7073
329,2695168,5.66439,0.000658,0.721713,39124.8,72.9167
330,2703360,5.84891,0.00066,0.754766,31885.9,73.1736
331,2711552,6.02416,0.000662,0.898922,35694.8,73.4031
332,2719744,5.8163,0.000664,0.805007,40908.7,73.6034
333,2727936,5.63644,0.000666,0.736426,40317.7,73.8065
334,2736128,5.74729,0.000668,1.09102,35623.7,74.0365
335,2744320,5.67202,0.00067,0.852887,34778.5,74.2721
336,2752512,5.72379,0.000672,0.991923,39054,74.4818
337,2760704,5.58817,0.000674,0.839998,40351.1,74.6848
338,2768896,5.53388,0.000676,0.760853,39372.2,74.8929
339,2777088,5.62603,0.000678,0.796359,36187.6,75.1193
340,2785280,5.69193,0.00068,0.828634,36796.7,75.3419
341,2793472,5.56381,0.000682,0.793904,37236.9,75.5619
342,2801664,5.73545,0.000684,0.85092,40050.1,75.7664
343,2809856,5.76893,0.000686,0.719917,38438.7,75.9796
344,2818048,5.70172,0.000688,0.792428,36265,76.2055
345,2826240,5.53357,0.00069,0.713026,37405.6,76.4245
346,2834432,5.67417,0.000692,0.761369,39874.9,76.6299
347,2842624,5.56018,0.000694,0.690896,39927.2,76.8351
348,2850816,5.73769,0.000696,0.763112,38313.4,77.0489
349,2859008,5.87406,0.000698,0.708973,37149.4,77.2694
350,2867200,5.66952,0.0007,0.712874,38743.8,77.4808
351,2875392,5.73617,0.000702,0.745404,37264.7,77.7007
352,2883584,5.61941,0.000704,0.734689,40602.4,77.9024
353,2891776,5.47442,0.000706,0.670872,40720.6,78.1036
354,2899968,5.6904,0.000708,0.783462,39096.3,78.3132
355,2908160,5.67121,0.00071,0.732363,31280.1,78.575
356,2916352,5.73235,0.000712,0.869288,35276.7,78.8073
357,2924544,5.52125,0.000714,0.768581,38623.3,79.0194
358,2932736,5.80444,0.000716,0.711249,37661.6,79.2369
359,2940928,5.44766,0.000718,0.823825,33219.3,79.4835
360,2949120,5.66177,0.00072,0.778507,32061.8,79.739
361,2957312,5.61496,0.000722,0.788304,34353.4,79.9775
362,2965504,5.56605,0.000724,0.823138,38528.6,80.1901
363,2973696,5.66502,0.000726,0.738101,36543.7,80.4142
364,2981888,5.66233,0.000728,0.823369,32805.8,80.664
365,2990080,5.45722,0.00073,0.729998,34419.3,80.902
366,2998272,5.71943,0.000732,0.757384,36629.6,81.1256
367,3006464,5.47759,0.000734,0.847146,36736.4,81.3486
368,3014656,5.55505,0.000736,0.770291,35079.1,81.5821
369,3022848,5.5382,0.000738,0.984912,34547,81.8193
370,3031040,5.57196,0.00074,0.742281,36903.4,82.0412
371,3039232,5.72123,0.000742,0.746203,36574.6,82.2652
372,3047424,5.62601,0.000744,0.742894,39050.7,82.475
373,3055616,5.64784,0.000746,0.744547,37297.4,82.6946
374,3063808,5.73087,0.000748,0.828335,37911.7,82.9107
375,3072000,5.78733,0.00075,0.747543,38738.5,83.1222
376,3080192,5.71679,0.000752,0.786455,35556.8,83.3526
377,3088384,5.67736,0.000754,0.836951,37181,83.5729
378,3096576,5.56345,0.000756,0.822427,37756.8,83.7899
379,3104768,5.62318,0.000758,0.858535,32283.6,84.0436
380,3112960,5.37632,0.00076,0.782377,30331.1,84.3137
381,3121152,5.49359,0.000762,0.734355,35197.6,84.5465
382,3129344,5.46653,0.000764,0.773716,36594.5,84.7703
383,3137536,5.58383,0.000766,0.744037,36004.3,84.9978
384,3145728,5.53858,0.000768,0.804809,34546,85.235
385,3153920,5.49335,0.00077,0.696972,35863.1,85.4634
386,3162112,5.58808,0.000772,0.708214,36052.1,85.6906
387,3170304,5.53934,0.000774,0.692477,36519.8,85.9149
388,3178496,5.69875,0.000776,0.724572,38648.3,86.1269
389,3186688,5.54068,0.000778,0.710263,33566.5,86.371
390,3194880,5.62688,0.00078,0.84037,37569.5,86.589
391,3203072,5.55501,0.000782,0.666051,34138.5,86.829
392,3211264,5.57911,0.000784,0.889206,40339.5,87.0321
393,3219456,5.4701,0.000786,0.679932,38128,87.2469
394,3227648,5.80247,0.000788,0.703475,37410.1,87.4659
395,3235840,5.50232,0.00079,0.795164,38866.3,87.6767
396,3244032,5.48351,0.000792,0.804513,41184.7,87.8756
397,3252224,5.3947,0.000794,0.757553,40814.5,88.0763
398,3260416,5.54949,0.000796,0.749429,39285.5,88.2848
399,3268608,5.66837,0.000798,0.706629,38449.4,88.4979
400,3276800,5.399,0.0008,0.738029,39946.5,88.7029
401,3284992,5.61135,0.000802,0.768875,39357,88.9111
402,3293184,5.61927,0.000804,0.722568,41794,89.1071
403,3301376,5.71162,0.000806,0.881663,41465.7,89.3047
404,3309568,5.66105,0.000808,0.685643,41409.7,89.5025
405,3317760,5.48157,0.00081,0.755591,34408.3,89.7406
406,3325952,5.73086,0.000812,0.760975,39583.8,89.9475
407,3334144,5.7948,0.000814,0.852092,41581.4,90.1445
408,3342336,5.52172,0.000816,1.03368,41601.5,90.3414
409,3350528,5.57099,0.000818,0.814872,40938,90.5416
410,3358720,5.56579,0.00082,0.760618,36819.8,90.764
411,3366912,5.58787,0.000822,0.656061,37678.3,90.9815
412,3375104,5.55467,0.000824,0.69139,41451.5,91.1791
413,3383296,5.51071,0.000826,0.673383,41834.5,91.3749
414,3391488,5.5911,0.000828,0.712055,40297.2,91.5782
415,3399680,5.62243,0.00083,0.679496,38226,91.7925
416,3407872,5.56956,0.000832,0.725393,40098.7,91.9968
417,3416064,5.65677,0.000834,0.667368,41206,92.1956
418,3424256,5.32651,0.000836,0.668397,41845.6,92.3914
419,3432448,5.68734,0.000838,0.740861,40139.8,92.5955
420,3440640,5.54833,0.00084,0.776308,39186.2,92.8045
421,3448832,5.44955,0.000842,0.849519,37644.6,93.0221
422,3457024,5.44566,0.000844,0.757454,41889.4,93.2177
423,3465216,5.5891,0.000846,0.688184,41524.2,93.415
424,3473408,5.63196,0.000848,0.731377,39872.1,93.6204
425,3481600,5.47634,0.00085,0.754813,39516.2,93.8277
426,3489792,5.53403,0.000852,0.76037,41671.2,94.0243
427,3497984,5.61372,0.000854,0.746563,41514.4,94.2217
428,3506176,5.58057,0.000856,0.698762,40819,94.4223
429,3514368,5.49214,0.000858,0.853329,40896.6,94.6227
430,3522560,5.31478,0.00086,0.70173,34585.5,94.8595
431,3530752,5.58474,0.000862,0.777289,36734.6,95.0825
432,3538944,5.48619,0.000864,0.727192,41725.8,95.2788
433,3547136,5.60129,0.000866,0.665017,41451.8,95.4765
434,3555328,5.3537,0.000868,0.710493,40484.1,95.6788
435,3563520,5.50395,0.00087,0.67242,36965.6,95.9004
436,3571712,5.39528,0.000872,0.688251,39461.6,96.108
437,3579904,5.4138,0.000874,0.657779,41707.9,96.3044
438,3588096,5.59908,0.000876,0.644265,41390.7,96.5024
439,3596288,5.56391,0.000878,0.727408,40067.8,96.7068
440,3604480,5.65747,0.00088,1.87797,37883.1,96.9231
441,3612672,5.60716,0.000882,0.776642,37459.4,97.1418
442,3620864,5.54615,0.000884,0.696126,41699.9,97.3382
443,3629056,5.49024,0.000886,0.753741,41529.1,97.5355
444,3637248,5.38924,0.000888,0.726531,40400,97.7382
445,3645440,5.53957,0.00089,0.755271,38962.4,97.9485
446,3653632,5.53686,0.000892,0.677005,39962.2,98.1535
447,3661824,5.3921,0.000894,0.759475,41252.8,98.3521
448,3670016,5.48742,0.000896,0.674077,41065.3,98.5516
449,3678208,5.48087,0.000898,0.67255,40261.1,98.755
450,3686400,5.35234,0.0009,0.745779,39132.6,98.9644
451,3694592,5.48849,0.000902,0.684196,38515.3,99.1771
452,3702784,5.4939,0.000904,0.715949,42560.4,99.3695
453,3710976,5.41815,0.000906,0.706037,41868,99.5652
454,3719168,5.35982,0.000908,0.689364,42210.6,99.7593
455,3727360,5.53915,0.00091,0.769455,35264.6,99.9916
456,3735552,5.49237,0.000912,0.666161,37881.8,100.208
457,3743744,5.34444,0.000914,0.762834,40737.2,100.409
458,3751936,5.44862,0.000916,0.822469,41002.3,100.609
459,3760128,5.3952,0.000918,0.717142,40592.8,100.811
460,3768320,5.35615,0.00092,0.678398,36233.7,101.037
461,3776512,5.48614,0.000922,0.694906,36664.3,101.26
462,3784704,5.57972,0.000924,0.683226,41278.7,101.458
463,3792896,5.46254,0.000926,0.747591,40843.9,101.659
464,3801088,5.54875,0.000928,0.721197,40486.7,101.861
465,3809280,5.57816,0.00093,0.748912,38915.8,102.072
466,3817472,5.40362,0.000932,0.721182,38789.8,102.283
467,3825664,5.69972,0.000934,0.715551,39969,102.488
468,3833856,5.33974,0.000936,0.760678,40891.8,102.688
469,3842048,5.4498,0.000938,0.662801,39689,102.895
470,3850240,5.50373,0.00094,0.801241,38187.6,103.109
471,3858432,5.48506,0.000942,0.702249,36148.7,103.336
472,3866624,5.55024,0.000944,1.51561,40478.6,103.538
473,3874816,5.35956,0.000946,0.780107,40851,103.739
474,3883008,5.48304,0.000948,0.732957,40471.7,103.941
475,3891200,5.43605,0.00095,0.773664,39032.3,104.151
476,3899392,5.55788,0.000952,1.33582,40809.6,104.352
477,3907584,5.3532,0.000954,0.848041,40889.6,104.552
478,3915776,5.48281,0.000956,0.626735,40877.7,104.753
479,3923968,5.46076,0.000958,0.740464,40831.1,104.953
480,3932160,5.48161,0.00096,0.809197,33770.4,105.196
481,3940352,5.50169,0.000962,0.793807,36341.9,105.421
482,3948544,5.45788,0.000964,0.727688,41407.8,105.619
483,3956736,5.39475,0.000966,0.762146,41354.6,105.817
484,3964928,5.37722,0.000968,0.747014,39121,106.027
485,3973120,5.43882,0.00097,0.674075,36374.8,106.252
486,3981312,5.36158,0.000972,0.72541,39636.3,106.458
487,3989504,5.37706,0.000974,0.713088,40905.3,106.659
488,3997696,5.54722,0.000976,0.667232,41440.4,106.856
489,4005888,5.39583,0.000978,0.752993,39849.1,107.062
490,4014080,5.59804,0.00098,0.678492,37972.1,107.278
491,4022272,5.23001,0.000982,0.715244,37559,107.496
492,4030464,5.38426,0.000984,0.655173,41253.1,107.694
493,4038656,5.35581,0.000986,0.720656,41379.9,107.892
494,4046848,5.38769,0.000988,0.634715,39920.4,108.098
495,4055040,5.54072,0.00099,0.675057,38967.4,108.308
496,4063232,5.42069,0.000992,0.700867,40116.9,108.512
497,4071424,5.3949,0.000994,0.640655,41394.5,108.71
498,4079616,5.30683,0.000996,0.677211,41676.9,108.906
499,4087808,5.51405,0.000998,0.64159,40354.6,109.109
500,4096000,5.31839,0.001,0.654265,39474.6,109.317
501,4104192,5.28848,0.001,0.665498,38070.5,109.532
502,4112384,5.3882,0.001,0.715755,41287,109.731
503,4120576,5.2675,0.001,0.746766,41624.4,109.927
504,4128768,5.52284,0.001,0.645798,40117.4,110.132
505,4136960,5.38698,0.001,0.649017,34457.2,110.369
506,4145152,5.29288,0.001,0.672963,38839.3,110.58
507,4153344,5.25587,0.001,0.598111,41377.8,110.778
508,4161536,5.45477,0.001,0.711497,41667.7,110.975
509,4169728,5.25224,0.001,0.636648,39617.1,111.182
510,4177920,5.27258,0.001,0.741103,36260.4,111.408
511,4186112,5.40251,0.000999999,0.733667,37315.1,111.627
512,4194304,5.25743,0.000999999,0.728599,41927.9,111.822
513,4202496,5.17163,0.000999999,0.742657,41370.3,112.021
514,4210688,5.40355,0.000999999,0.627975,40085.5,112.225
515,4218880,5.48933,0.000999999,0.650946,38187.7,112.439
516,4227072,5.44617,0.000999999,0.740971,39551.5,112.647
517,4235264,5.24627,0.000999999,0.682847,41420.5,112.844
518,4243456,5.52984,0.000999998,0.677809,41526.8,113.042
519,4251648,5.21458,0.000999998,0.678803,39953,113.247
520,4259840,5.34393,0.000999998,0.718042,39235.2,113.455
521,4268032,5.40738,0.000999998,0.724083,37842.5,113.672
522,4276224,5.37423,0.000999997,0.759397,42308.1,113.865
523,4284416,5.34012,0.000999997,0.726327,41187.7,114.064
524,4292608,5.53735,0.000999997,0.750567,40282.6,114.268
525,4300800,5.33187,0.000999997,0.690892,39684.3,114.474
526,4308992,5.45842,0.000999996,2.14908,40237.7,114.678
527,4317184,5.22341,0.000999996,0.753173,40969.1,114.878
528,4325376,5.31313,0.000999996,0.649262,41439.1,115.075
529,4333568,5.32797,0.000999995,0.788245,41918.6,115.271
530,4341760,5.28437,0.000999995,0.67087,34690.3,115.507
531,4349952,5.32687,0.000999995,0.751274,35741.1,115.736
532,4358144,5.16041,0.000999994,0.680599,41709.2,115.933
533,4366336,5.24719,0.000999994,0.709892,41869.4,116.128
534,4374528,5.22465,0.000999994,0.712519,40741.4,116.329
535,4382720,5.27567,0.000999993,0.716241,36968.6,116.551
536,4390912,5.43193,0.000999993,0.647066,38996.7,116.761
537,4399104,5.38301,0.000999992,0.76803,40470.6,116.963
538,4407296,5.2305,0.000999992,0.602849,40971.7,117.163
539,4415488,5.36115,0.000999992,0.690623,41541.6,117.361
540,4423680,5.40675,0.000999991,0.712723,37851.2,117.577
541,4431872,5.44236,0.000999991,0.642191,36984.2,117.798
542,4440064,5.33319,0.00099999,0.732514,41479,117.996
543,4448256,5.40092,0.00099999,0.934367,41631,118.193
544,4456448,5.34967,0.000999989,0.619018,40514.7,118.395
545,4464640,5.44161,0.000999989,0.666618,38950.2,118.605
546,4472832,5.39697,0.000999988,0.637327,39980.5,118.81
547,4481024,5.18411,0.000999988,0.657763,40577.3,119.012
548,4489216,5.34637,0.000999987,0.649863,40938.8,119.212
549,4497408,5.265,0.000999987,0.70103,40533.8,119.414
550,4505600,5.48323,0.000999986,0.67079,39459.7,119.622
551,4513792,5.22109,0.000999985,0.699585,38799.7,119.833
552,4521984,5.51318,0.000999985,0.689545,41942.4,120.028
553,4530176,5.3048,0.000999984,0.636711,41704.9,120.225
554,4538368,5.23429,0.000999984,0.653141,41305.4,120.423
555,4546560,5.36666,0.000999983,0.666328,34939.3,120.658
556,4554752,5.38214,0.000999982,0.709843,38165.6,120.872
557,4562944,5.22594,0.000999982,0.659325,41935.5,121.068
558,4571136,5.31753,0.000999981,0.674659,41832.6,121.263
559,4579328,5.11528,0.00099998,0.669627,41300.8,121.462
560,4587520,5.35029,0.00099998,0.693285,36743.2,121.685
561,4595712,5.31151,0.000999979,0.699713,36971.6,121.906
562,4603904,5.28257,0.000999978,0.726359,42132.1,122.101
563,4612096,5.41825,0.000999978,0.637759,42163.1,122.295
564,4620288,5.22432,0.000999977,0.771802,40413.7,122.498
565,4628480,5.25288,0.000999976,0.682531,38197.3,122.712
566,4636672,5.43586,0.000999975,0.683463,39229.5,122.921
567,4644864,5.31936,0.000999975,0.741437,41475.7,123.118
568,4653056,5.07474,0.000999974,0.61067,41440.3,123.316
569,4661248,5.28244,0.000999973,0.689607,40524.1,123.518
570,4669440,5.24218,0.000999972,0.626606,38995.1,123.728
571,4677632,5.17339,0.000999971,0.629383,37305.1,123.948
572,4685824,5.28991,0.000999971,0.636116,42303.6,124.142
573,4694016,5.31423,0.00099997,0.628416,41518,124.339
574,4702208,5.2104,0.000999969,0.648143,40175.6,124.543
575,4710400,5.23287,0.000999968,0.69017,39796.1,124.749
576,4718592,5.48768,0.000999967,0.673877,41289.6,124.947
577,4726784,5.1546,0.000999966,0.634201,40429.6,125.15
578,4734976,5.30104,0.000999965,0.651118,38916.8,125.36
579,4743168,5.3067,0.000999964,0.65547,41087.1,125.56
580,4751360,5.26066,0.000999964,0.584885,34489.3,125.797
581,4759552,5.21425,0.000999963,0.63649,37075.7,126.018
582,4767744,5.21444,0.000999962,0.634069,41265.2,126.217
583,4775936,5.00916,0.000999961,0.666622,41365.4,126.415
584,4784128,5.0387,0.00099996,0.728031,40327.8,126.618
585,4792320,5.35397,0.000999959,0.738139,37120.9,126.838
586,4800512,5.42369,0.000999958,0.667324,39589.4,127.045
587,4808704,5.27676,0.000999957,0.643786,41028.2,127.245
588,4816896,5.19401,0.000999956,1.00006,41827.2,127.441
589,4825088,5.32692,0.000999955,0.614311,40512.2,127.643
590,4833280,5.38253,0.000999954,0.647625,38356.6,127.857
591,4841472,5.09816,0.000999953,0.584883,37145.3,128.077
592,4849664,5.27699,0.000999952,0.682871,41432.5,128.275
593,4857856,5.38627,0.000999951,0.626659,42230.6,128.469
594,4866048,5.14237,0.000999949,0.604802,40636.2,128.671
595,4874240,5.1056,0.000999948,0.650659,39035.1,128.88
596,4882432,5.28201,0.000999947,0.595983,39780,129.086
597,4890624,5.18331,0.000999946,0.666736,40877.2,129.287
598,4898816,5.3921,0.000999945,0.593309,41382.2,129.485
599,4907008,5.22287,0.000999944,0.673792,41047.8,129.684
600,4915200,5.27028,0.000999943,0.808334,39745.5,129.89
601,4923392,5.20347,0.000999942,0.749059,39082.3,130.1
602,4931584,5.34492,0.00099994,0.630207,41673,130.297
603,4939776,5.3024,0.000999939,0.606751,41013.5,130.496
604,4947968,5.02516,0.000999938,0.711746,40192.2,130.7
605,4956160,5.30403,0.000999937,0.604972,34586.5,130.937
606,4964352,5.22389,0.000999936,0.594806,38759.5,131.148
607,4972544,5.10156,0.000999934,0.648854,41596.3,131.345
608,4980736,5.29533,0.000999933,0.62601,41651,131.542
609,4988928,5.26346,0.000999932,0.621925,41157.3,131.741
610,4997120,5.2381,0.000999931,0.684955,37301.4,131.961
611,5005312,5.29826,0.000999929,0.583333,37007.2,132.182
612,5013504,5.14189,0.000999928,0.617683,41347.9,132.38
613,5021696,5.3182,0.000999927,0.643181,41776.6,132.576
614,5029888,5.21034,0.000999925,0.689411,40476.8,132.779
615,5038080,5.06918,0.000999924,0.662035,37735.6,132.996
616,5046272,5.34465,0.000999923,0.657419,39378.6,133.204
617,5054464,5.13704,0.000999921,0.640449,40547.6,133.406
618,5062656,5.1648,0.00099992,0.646233,42239.1,133.6
619,5070848,5.38715,0.000999919,0.66326,40910.1,133.8
620,5079040,5.0803,0.000999917,0.622889,39106.9,134.009
621,5087232,5.27146,0.000999916,0.661592,37433.3,134.228
622,5095424,5.16936,0.000999914,0.595018,41688.9,134.425
623,5103616,5.35019,0.000999913,0.664989,41200.8,134.624
624,5111808,5.11374,0.000999912,0.622981,40544.6,134.826
625,5120000,5.12596,0.00099991,0.636391,39047.5,135.035
626,5128192,5.24637,0.000999909,0.625115,41329,135.234
627,5136384,4.93272,0.000999907,0.669267,40821.9,135.434
628,5144576,5.23565,0.000999906,0.65281,41561.1,135.631
629,5152768,5.19438,0.000999904,0.632027,40881.2,135.832
630,5160960,5.19803,0.000999903,0.627321,34354.4,136.07
631,5169152,5.09768,0.000999901,0.621206,36580.1,136.294
632,5177344,5.08871,0.0009999,0.685209,42147,136.489
633,5185536,5.31058,0.000999898,0.689002,41157.6,136.688
634,5193728,5.09815,0.000999897,0.602277,41293.8,136.886
635,5201920,5.14789,0.000999895,0.662508,37031.2,137.107
636,5210112,5.17869,0.000999894,0.630474,39134.1,137.317
637,5218304,4.97341,0.000999892,0.630776,41482.2,137.514
638,5226496,5.15842,0.00099989,0.702522,41265,137.713
639,5234688,5.17649,0.000999889,0.59925,40892,137.913
640,5242880,5.14979,0.000999887,0.622306,37330.2,138.132
641,5251072,5.07603,0.000999886,0.613888,35762.4,138.361
642,5259264,5.26414,0.000999884,0.647688,41365.1,138.559
643,5267456,5.18459,0.000999882,0.655874,41296.5,138.758
644,5275648,5.12262,0.000999881,0.58981,40884,138.958
645,5283840,5.14114,0.000999879,0.59908,39084.2,139.168
646,5292032,5.04332,0.000999877,0.570883,39114.5,139.377
647,5300224,4.97812,0.000999876,0.593268,40370.1,139.58
648,5308416,5.1397,0.000999874,0.632898,41021.8,139.78
649,5316608,5.17167,0.000999872,0.6315,41085.1,139.979
650,5324800,5.12666,0.00099987,0.604996,39607,140.186
651,5332992,5.18976,0.000999869,0.652326,38677,140.398
652,5341184,5.0777,0.000999867,0.647101,41574.2,140.595
653,5349376,5.11865,0.000999865,0.630953,41229.7,140.794
654,5357568,5.20848,0.000999863,0.644931,41821.5,140.989
655,5365760,5.125,0.000999862,0.624887,34918.1,141.224
656,5373952,5.14962,0.00099986,0.65682,38865.2,141.435
657,5382144,5.17829,0.000999858,0.60499,41408.8,141.633
658,5390336,5.15491,0.000999856,0.625331,41802.5,141.829
659,5398528,5.18283,0.000999854,0.638278,40687,142.03
660,5406720,4.96075,0.000999852,0.587023,37012.8,142.251
661,5414912,5.14798,0.000999851,0.594246,36638.2,142.475
662,5423104,5.22753,0.000999849,0.628044,41843.1,142.671
663,5431296,5.21223,0.000999847,0.68164,41620.9,142.868
664,5439488,5.17572,0.000999845,0.646781,40413.4,143.07
665,5447680,5.10318,0.000999843,0.634851,38725,143.282
666,5455872,5.27628,0.000999841,0.674625,39390,143.49
667,5464064,5.29303,0.000999839,0.747814,40973.4,143.69
668,5472256,4.98657,0.000999837,0.62983,41351.7,143.888
669,5480448,5.04746,0.000999835,0.681264,40348.6,144.091
670,5488640,5.16722,0.000999833,0.558175,39163.3,144.3
671,5496832,5.36136,0.000999831,0.62412,37190,144.52
672,5505024,5.18842,0.000999829,0.640434,41548.6,144.717
673,5513216,5.13992,0.000999827,0.628917,41292,144.916
674,5521408,5.20956,0.000999825,0.627111,40420.6,145.118
675,5529600,5.16806,0.000999823,0.649094,39386.8,145.326
676,5537792,5.11776,0.000999821,0.599123,42134.9,145.521
677,5545984,5.01458,0.000999819,0.613156,41511.2,145.718
678,5554176,4.98681,0.000999817,0.636706,41470.9,145.916
679,5562368,5.21218,0.000999815,0.621665,42261.9,146.11
680,5570560,5.18992,0.000999813,0.648306,35379.8,146.341
681,5578752,5.18749,0.000999811,0.618116,36045.5,146.568
682,5586944,5.0134,0.000999809,0.685634,41968.1,146.764
683,5595136,5.02119,0.000999807,0.604649,41797.3,146.96
684,5603328,5.13655,0.000999804,0.609027,41522.5,147.157
685,5611520,5.09341,0.000999802,0.590121,37656.8,147.374
686,5619712,5.14459,0.0009998,0.67749,38991.9,147.585
687,5627904,5.15689,0.000999798,0.621511,41416.3,147.782
688,5636096,5.10713,0.000999796,0.600103,41957.9,147.978
689,5644288,5.2924,0.000999794,0.651469,40857.6,148.178
690,5652480,5.20115,0.000999791,0.615376,38037,148.393
691,5660672,5.04582,0.000999789,0.592943,36609.6,148.617
692,5668864,5.08171,0.000999787,0.619086,41020.8,148.817
693,5677056,5.12779,0.000999785,0.63219,41208.2,149.016
694,5685248,5.10279,0.000999782,0.637342,40400.6,149.218
695,5693440,5.02477,0.00099978,0.611942,38704.3,149.43
696,5701632,4.91849,0.000999778,0.67605,39722.8,149.636
697,5709824,5.12309,0.000999776,0.623251,40638.4,149.838
698,5718016,4.89378,0.000999773,0.602987,40975.4,150.038
699,5726208,5.19299,0.000999771,0.639248,40394.5,150.241
700,5734400,5.14243,0.000999769,0.649091,39202.2,150.45
701,5742592,5.03329,0.000999766,0.614104,39074.9,150.659
702,5750784,5.03028,0.000999764,0.619624,41796.5,150.855
703,5758976,5.20294,0.000999762,0.646449,41611.3,151.052
704,5767168,5.12551,0.000999759,0.636533,41659.6,151.249
705,5775360,5.04451,0.000999757,0.630335,34696.7,151.485
706,5783552,5.2288,0.000999755,0.671413,38609.1,151.697
707,5791744,5.18282,0.000999752,0.604411,40959.2,151.897
708,5799936,5.12812,0.00099975,0.635319,41634.7,152.094
709,5808128,5.18473,0.000999747,0.618284,41038.5,152.293
710,5816320,5.0911,0.000999745,0.599326,36816.4,152.516
711,5824512,5.17757,0.000999742,0.63677,36829.4,152.738
712,5832704,5.30927,0.00099974,0.622129,41668.1,152.935
713,5840896,5.20802,0.000999738,0.580763,41375,153.133
714,5849088,4.99796,0.000999735,0.598343,41039.6,153.333
715,5857280,5.15118,0.000999733,0.579404,38412.8,153.546
716,5865472,5.14965,0.00099973,0.616017,39601.9,153.753
717,5873664,4.99425,0.000999728,0.607909,41565.8,153.95
718,5881856,5.12662,0.000999725,1.76395,41251.1,154.148
719,5890048,4.89885,0.000999722,0.590886,40826.6,154.349
720,5898240,4.95336,0.00099972,0.658285,38616.7,154.561
721,5906432,5.09466,0.000999717,0.608366,37644.8,154.779
722,5914624,5.07851,0.000999715,0.698946,41313.8,154.977
723,5922816,5.24057,0.000999712,0.596985,41514.4,155.174
724,5931008,5.09319,0.00099971,0.630108,40297.9,155.378
725,5939200,5.11114,0.000999707,0.617471,39528.7,155.585
726,5947392,5.09794,0.000999704,0.663905,40833.6,155.786
727,5955584,5.03088,0.000999702,0.624019,40816.9,155.986
728,5963776,4.99062,0.000999699,0.661956,40796.2,156.187
729,5971968,5.08878,0.000999696,0.594959,39783.6,156.393
730,5980160,4.97965,0.000999694,0.639477,33145.6,156.64
731,5988352,5.03503,0.000999691,0.684122,36351,156.866
732,5996544,5.0618,0.000999688,0.604674,41285.8,157.064
733,6004736,5.1785,0.000999686,0.604531,41457.6,157.262
734,6012928,5.24551,0.000999683,0.749046,39477.3,157.469
735,6021120,5.01607,0.00099968,0.621737,36229.1,157.695
736,6029312,5.04423,0.000999678,0.64074,39297.4,157.904
737,6037504,5.06984,0.000999675,0.592134,41057,158.103
738,6045696,5.0471,0.000999672,0.664354,41493.6,158.301
739,6053888,5.06882,0.000999669,0.644012,39288,158.509
740,6062080,4.98654,0.000999666,0.608787,37540.9,158.727
741,6070272,4.92429,0.000999664,0.593802,37041.1,158.948
742,6078464,5.16636,0.000999661,0.608116,41850.9,159.144
743,6086656,5.03749,0.000999658,0.637608,41593,159.341
744,6094848,5.19929,0.000999655,0.624645,39749.9,159.547
745,6103040,5.16012,0.000999652,0.665082,37975.5,159.763
746,6111232,5.08488,0.000999649,0.691744,40367.6,159.966
747,6119424,5.19903,0.000999647,0.670352,41242.3,160.165
748,6127616,5.01082,0.000999644,0.68258,41039.5,160.364
749,6135808,4.89467,0.000999641,0.681363,38987.6,160.574
750,6144000,5.02792,0.000999638,0.620141,39348.2,160.782
751,6152192,5.07936,0.000999635,0.623132,38070.4,160.998
752,6160384,5.11204,0.000999632,0.633384,41216.7,161.196
753,6168576,5.18878,0.000999629,0.672316,41803.4,161.392
754,6176768,5.19495,0.000999626,0.587922,41181.4,161.591
755,6184960,5.18459,0.000999623,0.599188,34483,161.829
756,6193152,5.20061,0.00099962,0.625521,38487.5,162.042
757,6201344,5.04847,0.000999617,0.578231,41135.7,162.241
758,6209536,4.84059,0.000999614,0.614055,42222.6,162.435
759,6217728,5.20318,0.000999611,0.601103,40270.3,162.638
760,6225920,4.87902,0.000999608,0.60558,36544.6,162.862
761,6234112,5.06118,0.000999605,0.580847,37064.8,163.083
762,6242304,4.88562,0.000999602,0.586234,41482.7,163.281
763,6250496,5.05412,0.000999599,0.614496,41773.8,163.477
764,6258688,5.06873,0.000999596,0.610524,40448.8,163.68
765,6266880,5.00359,0.000999593,0.582945,38746,163.891
766,6275072,5.008,0.00099959,0.589716,38746.1,164.102
767,6283264,5.04229,0.000999587,0.607435,41057.8,164.302
768,6291456,4.98079,0.000999584,0.605486,41510,164.499
769,6299648,5.10839,0.000999581,0.587981,40452.1,164.702
770,6307840,5.22204,0.000999577,0.594509,39536.7,164.909
771,6316032,4.93161,0.000999574,0.60974,37001.5,165.13
772,6324224,5.17847,0.000999571,0.604375,42047.6,165.325
773,6332416,4.97069,0.000999568,0.567486,41850.8,165.521
774,6340608,4.88691,0.000999565,0.582259,40642.5,165.723
775,6348800,5.1167,0.000999562,0.601099,39892.4,165.928
776,6356992,5.08883,0.000999558,0.566033,41652.5,166.125
777,6365184,5.01903,0.000999555,0.652027,41013.8,166.324
778,6373376,5.13032,0.000999552,0.578568,40926.4,166.524
779,6381568,5.10967,0.000999549,0.630822,41198.2,166.723
780,6389760,4.98978,0.000999545,0.612769,34205.4,166.963
781,6397952,4.96667,0.000999542,0.61498,35503.4,167.194
782,6406144,4.97625,0.000999539,0.606706,41655.4,167.39
783,6414336,4.99996,0.000999536,0.592739,41578,167.587
784,6422528,4.90582,0.000999532,0.654209,40232.6,167.791
785,6430720,4.96113,0.000999529,0.646308,37010.4,168.012
786,6438912,5.02332,0.000999526,0.576801,38899.8,168.223
787,6447104,4.96725,0.000999522,0.613532,41184.1,168.422
788,6455296,5.0164,0.000999519,0.627975,41271.3,168.62
789,6463488,5.07462,0.000999516,0.632299,40007.7,168.825
790,6471680,5.07351,0.000999512,0.655985,37253.2,169.045
791,6479872,5.03734,0.000999509,0.606232,36898.2,169.267
792,6488064,5.00224,0.000999506,0.586244,41537.3,169.464
793,6496256,5.14894,0.000999502,0.652442,41112.4,169.663
794,6504448,5.04929,0.000999499,0.6482,39565.5,169.87
795,6512640,5.20534,0.000999495,0.742786,38015,170.086
796,6520832,5.0205,0.000999492,0.646081,38735.9,170.297
797,6529024,5.0601,0.000999488,0.619364,41051.2,170.497
798,6537216,4.72928,0.000999485,0.663221,41471.3,170.694
799,6545408,4.93536,0.000999481,0.590039,39848.5,170.9
800,6553600,4.95429,0.000999478,0.627631,38883.1,171.111
801,6561792,4.89627,0.000999475,0.622051,37532.8,171.329
802,6569984,4.95152,0.000999471,0.614695,41331.3,171.527
803,6578176,5.03293,0.000999467,0.62155,40584.8,171.729
804,6586368,4.95384,0.000999464,0.633682,40252.8,171.933
805,6594560,4.99182,0.00099946,0.753408,33782.9,172.175
806,6602752,4.91568,0.000999457,0.616237,38667.6,172.387
807,6610944,5.03899,0.000999453,0.598869,40857.7,172.587
808,6619136,4.96787,0.00099945,0.587095,40739.6,172.788
809,6627328,5.05258,0.000999446,0.603836,39656.2,172.995
810,6635520,5.12016,0.000999443,0.619837,36006,173.223
811,6643712,4.87468,0.000999439,0.597787,37331.3,173.442
812,6651904,4.92646,0.000999435,0.636788,41294.4,173.64
813,6660096,4.89477,0.000999432,0.613928,41052.7,173.84
814,6668288,4.90274,0.000999428,0.600106,38965,174.05
815,6676480,4.79368,0.000999424,0.600854,35945.1,174.278
816,6684672,4.98467,0.000999421,0.579734,36949.8,174.5
817,6692864,5.0259,0.000999417,0.622029,39116.6,174.709
818,6701056,4.99806,0.000999413,0.640481,39195.9,174.918
819,6709248,5.0062,0.00099941,0.63018,36433.7,175.143
820,6717440,4.98162,0.000999406,0.736138,35864.7,175.371
821,6725632,4.84635,0.000999402,0.624012,33859,175.613
822,6733824,5.00473,0.000999398,0.605094,39821.8,175.819
823,6742016,4.88551,0.000999395,0.594285,38660.2,176.031
824,6750208,4.88628,0.000999391,0.634328,36603.2,176.255
825,6758400,4.93567,0.000999387,0.643856,36562,176.479
826,6766592,4.93657,0.000999383,0.609016,39188.4,176.688
827,6774784,5.01846,0.000999379,0.647575,39803.1,176.894
828,6782976,5.22373,0.000999376,0.6218,39555.2,177.101
829,6791168,5.12441,0.000999372,0.618134,37266.9,177.321
830,6799360,4.98503,0.000999368,0.634886,31123.2,177.584
831,6807552,5.11966,0.000999364,0.643104,34098.6,177.824
832,6815744,4.77713,0.00099936,0.611107,39292.1,178.033
833,6823936,4.79687,0.000999356,0.577861,39314.9,178.241
834,6832128,4.98409,0.000999353,0.601924,34118.8,178.481
835,6840320,5.05708,0.000999349,0.601812,33341.4,178.727
836,6848512,5.0099,0.000999345,0.62113,37552.9,178.945
837,6856704,5.05859,0.000999341,0.619265,38668,179.157
838,6864896,4.66666,0.000999337,0.57188,36139.2,179.383
839,6873088,4.891,0.000999333,0.570405,31601.2,179.643
840,6881280,4.84386,0.000999329,0.585357,34042.5,179.883
841,6889472,5.06569,0.000999325,0.583286,35003.3,180.117
842,6897664,4.81726,0.000999321,0.589805,38432.4,180.331
843,6905856,4.93272,0.000999317,0.597757,35588.5,180.561
844,6914048,4.82167,0.000999313,0.603577,34827.9,180.796
845,6922240,5.04102,0.000999309,0.616676,37270.4,181.016
846,6930432,4.92484,0.000999305,0.616467,39498,181.223
847,6938624,5.04693,0.000999301,0.594818,38676.5,181.435
848,6946816,4.98399,0.000999297,0.584494,36276.5,181.661
849,6955008,4.78904,0.000999293,0.569248,36725.7,181.884
850,6963200,4.90569,0.000999289,0.581324,38428.6,182.097
851,6971392,5.03733,0.000999285,0.613692,36908.2,182.319
852,6979584,4.89233,0.000999281,0.632806,40095.2,182.523
853,6987776,4.84484,0.000999277,0.578793,39019.6,182.733
854,6995968,4.98407,0.000999272,0.604367,36297.5,182.959
855,7004160,5.02425,0.000999268,0.621724,31168.6,183.222
856,7012352,4.76223,0.000999264,0.622208,38251.7,183.436
857,7020544,5.03378,0.00099926,0.580988,39548,183.643
858,7028736,5.01092,0.000999256,0.586623,38316.5,183.857
859,7036928,5.03417,0.000999252,0.631071,32644.6,184.108
860,7045120,5.06734,0.000999248,0.610871,33029.5,184.356
861,7053312,4.8533,0.000999243,0.612029,34361.4,184.594
862,7061504,4.9072,0.000999239,0.579483,38600.8,184.806
863,7069696,4.95339,0.000999235,0.575881,35911.2,185.035
864,7077888,4.9914,0.000999231,0.589495,33497.8,185.279
865,7086080,4.96194,0.000999226,0.636631,35961.1,185.507
866,7094272,5.02129,0.000999222,0.587864,38586.7,185.719
867,7102464,4.81839,0.000999218,0.621269,38256.2,185.933
868,7110656,4.95509,0.000999214,0.626216,35376.2,186.165
869,7118848,4.83761,0.000999209,0.613428,36006.1,186.392
870,7127040,4.99574,0.000999205,0.616178,38518.5,186.605
871,7135232,4.63948,0.000999201,0.622955,37193.7,186.825
872,7143424,4.71726,0.000999196,0.575026,39039,187.035
873,7151616,4.99547,0.000999192,0.602713,36876,187.257
874,7159808,5.02128,0.000999188,0.622511,38086.6,187.472
875,7168000,4.90362,0.000999183,0.586437,39389.9,187.68
876,7176192,4.5849,0.000999179,0.576033,40099.7,187.885
877,7184384,4.82489,0.000999175,0.617845,39325.3,188.093
878,7192576,4.93718,0.00099917,0.623086,38553.9,188.306
879,7200768,4.88097,0.000999166,0.639767,37292,188.525
880,7208960,4.83004,0.000999161,0.60281,31761.7,188.783
881,7217152,4.91626,0.000999157,0.580542,36311.7,189.009
882,7225344,4.93568,0.000999153,0.620235,39867.3,189.214
883,7233536,4.97258,0.000999148,0.63185,39715.4,189.42
884,7241728,4.88343,0.000999144,0.567008,35056.1,189.654
885,7249920,4.87611,0.000999139,0.606508,34968.2,189.888
886,7258112,4.946,0.000999135,0.619794,37492.1,190.107
887,7266304,4.96405,0.00099913,0.581486,39898.5,190.312
888,7274496,4.94277,0.000999126,0.641167,38666.5,190.524
889,7282688,4.878,0.000999121,0.616503,35666.8,190.754
890,7290880,5.10194,0.000999117,0.611991,37289.5,190.973
891,7299072,4.99822,0.000999112,0.602097,36518.1,191.198
892,7307264,4.87631,0.000999107,0.604695,39070.1,191.407
893,7315456,4.88205,0.000999103,0.611339,37014.9,191.629
894,7323648,4.94254,0.000999098,0.61942,35096.9,191.862
895,7331840,4.83623,0.000999094,0.588197,36557.8,192.086
896,7340032,4.83591,0.000999089,0.600273,37610.7,192.304
897,7348224,5.07338,0.000999085,0.61987,37353.9,192.523
898,7356416,5.06441,0.00099908,0.612169,35414.6,192.755
899,7364608,4.8227,0.000999075,0.596127,35960.2,192.983
900,7372800,4.97222,0.000999071,0.625947,37390.9,193.202
901,7380992,5.01626,0.000999066,0.631918,38380.3,193.415
902,7389184,5.01692,0.000999061,0.629932,41979,193.61
903,7397376,4.87265,0.000999057,0.618398,40857.8,193.811
904,7405568,4.79121,0.000999052,0.587946,40646.7,194.012
905,7413760,4.85634,0.000999047,0.658928,32453.3,194.265
906,7421952,4.80879,0.000999042,0.570035,36233.6,194.491
907,7430144,4.8141,0.000999038,0.562953,40279.9,194.694
908,7438336,5.05693,0.000999033,0.611733,39784.5,194.9
909,7446528,4.69064,0.000999028,0.604745,36448.9,195.125
910,7454720,5.02347,0.000999023,0.582196,32676.2,195.375
911,7462912,4.96397,0.000999019,0.589532,35181.9,195.608
912,7471104,4.90701,0.000999014,0.594942,39637.3,195.815
913,7479296,4.90114,0.000999009,0.595111,38794.8,196.026
914,7487488,4.65176,0.000999004,0.586192,34429.5,196.264
915,7495680,4.77536,0.000998999,0.588709,36039.7,196.491
916,7503872,4.92632,0.000998995,0.581829,39065.4,196.701
917,7512064,4.75277,0.00099899,0.574576,39818.2,196.907
918,7520256,4.77643,0.000998985,0.583735,37910.5,197.123
919,7528448,4.8218,0.00099898,0.569479,35624.6,197.353
920,7536640,4.84217,0.000998975,0.620917,37723.4,197.57
921,7544832,5.21266,0.00099897,0.668441,37414.8,197.789
922,7553024,4.9369,0.000998965,0.677177,41463,197.987
923,7561216,4.85713,0.00099896,0.605787,38606,198.199
924,7569408,4.85115,0.000998955,0.606572,38197.1,198.413
925,7577600,4.7898,0.000998951,0.60624,38941,198.624
926,7585792,4.89108,0.000998946,0.645578,40837.9,198.824
927,7593984,4.868,0.000998941,0.611199,40186.8,199.028
928,7602176,4.82982,0.000998936,0.59105,40375.8,199.231
929,7610368,5.05564,0.000998931,0.692224,39424.4,199.439
930,7618560,4.99267,0.000998926,0.619064,31565.9,199.698
931,7626752,4.91049,0.000998921,0.618509,34653.3,199.935
932,7634944,4.72082,0.000998916,0.635366,40442.8,200.137
933,7643136,4.90395,0.000998911,0.63196,40376.7,200.34
934,7651328,4.78641,0.000998906,0.62173,39405.9,200.548
935,7659520,4.94429,0.0009989,0.662538,35940.9,200.776
936,7667712,4.61546,0.000998895,0.67863,39076,200.986
937,7675904,4.84481,0.00099889,0.594414,40162.8,201.19
938,7684096,5.0913,0.000998885,0.646609,41171.4,201.388
939,7692288,4.95529,0.00099888,0.615909,39191.9,201.598
940,7700480,5.03481,0.000998875,0.624337,37871.2,201.814
941,7708672,4.95999,0.00099887,0.628734,37751.9,202.031
942,7716864,4.92719,0.000998865,0.627391,40731.7,202.232
943,7725056,4.78414,0.00099886,0.603273,41038.1,202.432
944,7733248,4.88636,0.000998854,0.625663,39797.1,202.637
945,7741440,4.86686,0.000998849,0.597958,38718,202.849
946,7749632,5.03719,0.000998844,0.633327,39581.8,203.056
947,7757824,4.79886,0.000998839,0.60231,40748.8,203.257
948,7766016,5.01199,0.000998834,0.594631,40832.2,203.458
949,7774208,4.95089,0.000998828,0.610492,39530.3,203.665
950,7782400,4.6904,0.000998823,0.639888,38955,203.875
951,7790592,4.83444,0.000998818,0.632386,38173.3,204.09
952,7798784,5.04046,0.000998813,0.638903,41350.7,204.288
953,7806976,4.7684,0.000998807,0.645258,40497.8,204.49
954,7815168,4.80776,0.000998802,0.575725,40698.2,204.691
955,7823360,4.7541,0.000998797,0.625139,33747.3,204.934
956,7831552,4.9733,0.000998792,0.607447,38428.4,205.147
957,7839744,4.79744,0.000998786,0.615614,40801.8,205.348
958,7847936,4.86659,0.000998781,0.594885,40976,205.548
959,7856128,4.86,0.000998776,0.606952,39352.8,205.756
960,7864320,4.93646,0.00099877,0.586292,35759.7,205.985
961,7872512,4.7954,0.000998765,0.616098,36023.5,206.213
962,7880704,5.01795,0.000998759,0.608886,40442.3,206.415
963,7888896,4.87537,0.000998754,0.599996,40293.5,206.619
964,7897088,4.99237,0.000998749,0.599328,37861.8,206.835
965,7905280,4.81596,0.000998743,0.609284,35616.1,207.065
966,7913472,4.97754,0.000998738,0.632453,37228.8,207.285
967,7921664,4.62635,0.000998732,0.596595,39931.5,207.49
968,7929856,4.89702,0.000998727,0.59355,40179.8,207.694
969,7938048,4.81222,0.000998722,0.645785,38163.8,207.909
970,7946240,4.93494,0.000998716,0.660998,37553.2,208.127
971,7954432,4.81468,0.000998711,0.584133,35166.6,208.36
972,7962624,4.86813,0.000998705,0.625545,40113.5,208.564
973,7970816,4.72993,0.0009987,0.622313,38853.5,208.775
974,7979008,4.94342,0.000998694,0.608422,37723.5,208.992
975,7987200,4.75118,0.000998689,0.63076,37884.5,209.208
976,7995392,4.68836,0.000998683,0.617282,40178.5,209.412
977,8003584,4.82267,0.000998677,0.636503,39668.5,209.619
978,8011776,4.78552,0.000998672,0.658882,40291.6,209.822
979,8019968,5.0265,0.000998666,0.650116,39361.1,210.03
980,8028160,4.83443,0.000998661,0.636938,32285.5,210.284
981,8036352,4.74493,0.000998655,0.581999,35289.6,210.516
982,8044544,4.81709,0.00099865,0.58502,40671.6,210.717
983,8052736,4.93153,0.000998644,0.590212,40330.6,210.92
984,8060928,4.91582,0.000998638,0.629782,36872.4,211.143
985,8069120,4.84809,0.000998633,0.587265,35657,211.372
986,8077312,4.91124,0.000998627,0.625601,39142.1,211.582
987,8085504,4.86018,0.000998621,0.596455,40722.3,211.783
988,8093696,4.73655,0.000998616,0.624113,40214.7,211.987
989,8101888,4.98826,0.00099861,0.609785,36702.7,212.21
990,8110080,4.85234,0.000998604,0.615655,37106.5,212.431
991,8118272,4.79243,0.000998599,0.578404,37459,212.649
992,8126464,4.8042,0.000998593,0.627405,41370.5,212.847
993,8134656,4.737,0.000998587,0.610097,40363,213.05
994,8142848,4.81125,0.000998581,0.617426,38017.3,213.266
995,8151040,4.82508,0.000998576,0.596878,38540.5,213.478
996,8159232,4.97338,0.00099857,0.602009,40121.7,213.682
997,8167424,4.76501,0.000998564,0.573344,41026.6,213.882
998,8175616,4.97507,0.000998558,0.676685,41064.6,214.082
999,8183808,4.59574,0.000998552,0.625168,39178.6,214.291
1000,8192000,4.73661,0.000998547,0.574104,39374.3,214.499
1001,8200192,4.87641,0.000998541,0.595147,38717.3,214.71
1002,8208384,4.79043,0.000998535,0.613145,41641.8,214.907
1003,8216576,4.89303,0.000998529,0.605689,41387.9,215.105
1004,8224768,4.75739,0.000998523,0.630492,41300.4,215.303
1005,8232960,4.794,0.000998517,0.648497,34676.6,215.54
1006,8241152,4.89065,0.000998511,0.881451,38025.4,215.755
1007,8249344,4.76425,0.000998506,0.602963,41395.9,215.953
1008,8257536,4.75617,0.0009985,0.618805,41971.3,216.148
1009,8265728,4.9175,0.000998494,0.608769,40797.4,216.349
1010,8273920,4.81425,0.000998488,0.611751,36788.1,216.572
1011,8282112,4.88066,0.000998482,0.644404,36692.6,216.795
1012,8290304,4.72444,0.000998476,0.627599,42570.7,216.987
1013,8298496,4.77773,0.00099847,0.653566,41575.9,217.184
1014,8306688,4.81362,0.000998464,0.616524,40450,217.387
1015,8314880,4.71057,0.000998458,0.615965,38026.1,217.602
1016,8323072,4.78081,0.000998452,0.661459,40001.6,217.807
1017,8331264,4.85731,0.000998446,0.598077,42020.4,218.002
1018,8339456,4.69485,0.00099844,0.587747,41922.5,218.197
1019,8347648,4.71862,0.000998434,0.632971,40951.4,218.397
1020,8355840,4.85162,0.000998428,0.631417,38965.1,218.608
1021,8364032,4.79944,0.000998422,0.625782,37577.4,218.826
1022,8372224,4.8035,0.000998416,0.598255,42105.8,219.02
1023,8380416,4.90149,0.00099841,0.636,41565.5,219.217
1024,8388608,4.92898,0.000998404,0.599583,40152,219.421
1025,8396800,4.69775,0.000998397,0.616066,39071.4,219.631
1026,8404992,4.90371,0.000998391,0.612034,40749.6,219.832
1027,8413184,4.85873,0.000998385,0.604877,41105.3,220.031
1028,8421376,4.72436,0.000998379,0.617066,40660.3,220.233
1029,8429568,4.67136,0.000998373,0.615295,40031.3,220.437
1030,8437760,4.81797,0.000998367,0.583643,33315.2,220.683
1031,8445952,4.64003,0.000998361,0.60656,34598.1,220.92
1032,8454144,4.93555,0.000998354,0.558075,40505.4,221.122
1033,8462336,4.92439,0.000998348,0.609016,40812.7,221.323
1034,8470528,5.00801,0.000998342,0.58505,38537.3,221.536
1035,8478720,4.86624,0.000998336,0.593511,36243.6,221.762
1036,8486912,4.7548,0.000998329,0.660845,38903.9,221.972
1037,8495104,4.86486,0.000998323,0.58599,40311.3,222.175
1038,8503296,4.79651,0.000998317,0.589943,40717.7,222.377
1039,8511488,4.78716,0.000998311,0.587702,40163.4,222.581
1040,8519680,4.8715,0.000998304,0.606896,37726.7,222.798
1041,8527872,4.79941,0.000998298,0.634789,37202.6,223.018
1042,8536064,4.75281,0.000998292,0.607744,41260.6,223.217
1043,8544256,4.76635,0.000998286,0.679741,41560.5,223.414
1044,8552448,4.72104,0.000998279,0.630412,40439.9,223.616
1045,8560640,4.82901,0.000998273,0.605403,39400.6,223.824
1046,8568832,4.79429,0.000998266,0.594193,39682.8,224.031
1047,8577024,4.83725,0.00099826,0.624634,40840.8,224.231
1048,8585216,4.83109,0.000998254,0.619107,40908.4,224.431
1049,8593408,4.68323,0.000998247,0.608825,39492.2,224.639
1050,8601600,4.71653,0.000998241,0.605768,36557.1,224.863
1051,8609792,4.6672,0.000998235,0.608667,38673.8,225.075
1052,8617984,4.96204,0.000998228,0.608839,40705.5,225.276
1053,8626176,4.75526,0.000998222,0.619732,39785.2,225.482
1054,8634368,4.81166,0.000998215,0.601088,39777.4,225.688
1055,8642560,4.95212,0.000998209,0.635425,32511.1,225.94
1056,8650752,4.68729,0.000998202,0.59255,38367.8,226.153
1057,8658944,4.77603,0.000998196,0.595623,41047.1,226.353
1058,8667136,4.67694,0.000998189,0.595746,41032.8,226.553
1059,8675328,4.33933,0.000998183,0.599261,38864.2,226.763
1060,8683520,4.78753,0.000998176,0.57181,35403.8,226.995
1061,8691712,4.67619,0.00099817,0.612979,35993.8,227.222
1062,8699904,4.8502,0.000998163,0.641771,40734.3,227.423
1063,8708096,4.87948,0.000998157,0.61341,40016.7,227.628
1064,8716288,4.80669,0.00099815,0.59828,36987.1,227.85
1065,8724480,4.87881,0.000998144,0.697253,35346.9,228.081
1066,8732672,4.56444,0.000998137,0.634158,37790.2,228.298
1067,8740864,4.75848,0.00099813,0.616211,40007.1,228.503
1068,8749056,4.79809,0.000998124,0.637594,39401.6,228.711
1069,8757248,4.49468,0.000998117,0.609501,36601,228.935
1070,8765440,4.77797,0.000998111,0.616647,37342.4,229.154
1071,8773632,4.93723,0.000998104,0.634749,37348.8,229.373
1072,8781824,4.75293,0.000998097,0.64618,40645.9,229.575
1073,8790016,4.63338,0.000998091,0.592254,39886.2,229.78
1074,8798208,4.85235,0.000998084,0.590231,37881.5,229.997
1075,8806400,4.85088,0.000998077,0.635895,39013.3,230.207
1076,8814592,4.7115,0.000998071,0.602416,41587.2,230.403
1077,8822784,4.85848,0.000998064,0.677586,40417.1,230.606
1078,8830976,4.6842,0.000998057,0.619473,40818.9,230.807
1079,8839168,4.71303,0.00099805,0.592194,40831.7,231.007
1080,8847360,4.71534,0.000998044,0.614733,33565.9,231.252
1081,8855552,4.81883,0.000998037,0.561155,36363.3,231.477
1082,8863744,4.58237,0.00099803,0.60136,41278.5,231.675
1083,8871936,4.70175,0.000998023,0.64016,41253.7,231.874
1084,8880128,4.90268,0.000998017,0.6865,39106.7,232.083
1085,8888320,4.78478,0.00099801,0.654992,36538.2,232.308
1086,8896512,4.70859,0.000998003,0.612038,39603.3,232.514
1087,8904704,4.87278,0.000997996,0.639292,40831.6,232.715
1088,8912896,4.58783,0.000997989,0.614365,41371.4,232.913
1089,8921088,4.67532,0.000997982,0.61524,39491.9,233.12
1090,8929280,4.72107,0.000997976,0.589738,38266.4,233.335
1091,8937472,4.70983,0.000997969,0.609798,37728.5,233.552
1092,8945664,4.72336,0.000997962,0.591049,41525.8,233.749
1093,8953856,4.60417,0.000997955,0.601512,41487,233.946
1094,8962048,4.82796,0.000997948,0.62721,39628.5,234.153
1095,8970240,4.59424,0.000997941,0.613866,39092.5,234.363
1096,8978432,4.71194,0.000997934,0.617165,39628.3,234.569
1097,8986624,4.64983,0.000997927,0.625032,41494,234.767
1098,8994816,4.79524,0.00099792,0.685431,41305.8,234.965
1099,9003008,4.84206,0.000997913,0.600084,39914.1,235.17
1100,9011200,4.66923,0.000997906,0.640804,39423.4,235.378
1101,9019392,4.79844,0.000997899,0.633441,39665.9,235.585
1102,9027584,4.65915,0.000997892,0.617901,42506.9,235.777
1103,9035776,4.75344,0.000997885,0.587069,42621.9,235.97
1104,9043968,4.58242,0.000997878,0.600475,42696.4,236.162
1105,9052160,4.76528,0.000997871,0.627738,35468.4,236.392
1106,9060352,4.74551,0.000997864,0.58985,37606.5,236.61
1107,9068544,4.7105,0.000997857,0.585853,41542.1,236.808
1108,9076736,4.83578,0.00099785,0.586359,41476.8,237.005
1109,9084928,4.61171,0.000997843,0.617411,41781,237.201
1110,9093120,4.79607,0.000997836,0.59372,36472.3,237.426
1111,9101312,4.78789,0.000997829,0.624413,35208.8,237.658
1112,9109504,4.81771,0.000997822,0.580916,41382.3,237.856
1113,9117696,4.73656,0.000997814,0.597913,41553.8,238.053
1114,9125888,4.56698,0.000997807,0.633402,40645.1,238.255
1115,9134080,4.53892,0.0009978,0.566573,38160.6,238.47
1116,9142272,4.57766,0.000997793,0.587262,38488.4,238.683
1117,9150464,4.64325,0.000997786,0.606358,40787.5,238.883
1118,9158656,4.49813,0.000997779,0.625225,41287.1,239.082
1119,9166848,4.75814,0.000997771,0.655533,40552,239.284
1120,9175040,4.69032,0.000997764,0.556165,38474.4,239.497
1121,9183232,4.76838,0.000997757,0.652539,36470.7,239.721
1122,9191424,4.68306,0.00099775,0.613817,41152.7,239.92
1123,9199616,4.81227,0.000997742,0.590779,40929.9,240.121
1124,9207808,4.66603,0.000997735,0.586859,39936.3,240.326
1125,9216000,4.79265,0.000997728,0.607027,38867.7,240.536
1126,9224192,4.62625,0.000997721,0.590697,40095.5,240.741
1127,9232384,4.71263,0.000997713,0.592348,40292.2,240.944
1128,9240576,4.76238,0.000997706,0.581713,41070.7,241.144
1129,9248768,4.57827,0.000997699,0.589145,40301.8,241.347
1130,9256960,4.78125,0.000997691,0.648547,34062.4,241.587
1131,9265152,4.93398,0.000997684,0.617121,35467.9,241.818
1132,9273344,4.46275,0.000997677,0.5873,41530.2,242.016
1133,9281536,4.69173,0.000997669,0.611927,41601.6,242.212
1134,9289728,4.77439,0.000997662,0.66237,40927.2,242.413
1135,9297920,4.62448,0.000997655,0.613198,36935.3,242.634
1136,9306112,4.82713,0.000997647,0.588283,39137.6,242.844
1137,9314304,4.60531,0.00099764,0.625015,41475.3,243.041
1138,9322496,4.60059,0.000997632,0.668558,41886.3,243.237
1139,9330688,4.49228,0.000997625,0.596623,40173.7,243.441
1140,9338880,4.71002,0.000997618,0.653276,37891.7,243.657
1141,9347072,4.85076,0.00099761,0.601667,36954.4,243.879
1142,9355264,4.72091,0.000997603,0.602977,41613.6,244.075
1143,9363456,4.76501,0.000997595,0.614868,41151.8,244.275
1144,9371648,4.71763,0.000997588,0.594048,39120.8,244.484
1145,9379840,4.84096,0.00099758,0.611336,38187,244.698
1146,9388032,4.80007,0.000997573,0.617933,39859.3,244.904
1147,9396224,4.75529,0.000997565,0.722994,41168.4,245.103
1148,9404416,4.93945,0.000997558,0.649777,40692.4,245.304
1149,9412608,4.84183,0.00099755,0.65255,39519,245.512
1150,9420800,4.81332,0.000997542,0.612833,38491.6,245.724
1151,9428992,4.65693,0.000997535,0.593314,38588.6,245.937
1152,9437184,4.68321,0.000997527,0.611066,40864.4,246.137
1153,9445376,4.8359,0.00099752,0.602248,40849.9,246.338
1154,9453568,4.54933,0.000997512,0.622363,39974.4,246.543
1155,9461760,4.71061,0.000997504,0.619217,33919.8,246.784
1156,9469952,4.67236,0.000997497,0.643484,38555.2,246.997
1157,9478144,4.52941,0.000997489,0.618429,40993.9,247.196
1158,9486336,4.68344,0.000997482,0.649093,41125.2,247.396
1159,9494528,4.91573,0.000997474,0.616785,39872.7,247.601
1160,9502720,4.75879,0.000997466,0.653114,35890.9,247.829
1161,9510912,4.7135,0.000997458,0.654573,36578.9,248.053
1162,9519104,4.62042,0.000997451,0.622494,40672,248.255
1163,9527296,4.64953,0.000997443,0.595521,40730.5,248.456
1164,9535488,4.80692,0.000997435,0.605635,37943.9,248.672
1165,9543680,4.73046,0.000997428,0.604737,35539,248.902
1166,9551872,4.52647,0.00099742,0.587941,39223.2,249.111
1167,9560064,4.55107,0.000997412,0.656369,39558.3,249.318
1168,9568256,4.57206,0.000997404,0.611121,39907.9,249.523
1169,9576448,4.64829,0.000997397,0.582516,37092.4,249.744
1170,9584640,4.68567,0.000997389,0.610333,36405.4,249.969
1171,9592832,4.57472,0.000997381,0.608812,35834.2,250.198
1172,9601024,4.77605,0.000997373,0.636425,39928.2,250.403
1173,9609216,4.53702,0.000997365,0.628392,39681.3,250.61
1174,9617408,4.60343,0.000997357,0.635976,38962.4,250.82
1175,9625600,4.60889,0.00099735,0.610137,37633.8,251.037
1176,9633792,4.83591,0.000997342,0.604419,40469,251.24
1177,9641984,4.67239,0.000997334,0.642826,41028.4,251.44
1178,9650176,4.56316,0.000997326,0.599672,41077,251.639
1179,9658368,4.81192,0.000997318,0.584949,40802,251.84
1180,9666560,4.57289,0.00099731,0.654905,34699.2,252.076
1181,9674752,4.65632,0.000997302,0.635157,35645.6,252.306
1182,9682944,4.58477,0.000997294,0.643131,41608.8,252.503
1183,9691136,4.6308,0.000997286,0.622563,41320.9,252.701
1184,9699328,4.64916,0.000997278,0.631001,40486.4,252.903
1185,9707520,4.6898,0.00099727,0.605164,36524.4,253.127
1186,9715712,4.82461,0.000997263,0.64039,37493,253.346
1187,9723904,4.70301,0.000997255,0.634735,40598.1,253.548
1188,9732096,4.70748,0.000997247,0.614596,41334.3,253.746
1189,9740288,4.75821,0.000997238,0.607643,40294.4,253.949
1190,9748480,4.55591,0.00099723,0.614595,37429.5,254.168
1191,9756672,4.46426,0.000997222,0.607327,36698.2,254.391
1192,9764864,4.62858,0.000997214,0.615642,41152.4,254.59
1193,9773056,4.66413,0.000997206,0.594015,41322.4,254.789
1194,9781248,4.87875,0.000997198,0.667458,40069.3,254.993
1195,9789440,4.60259,0.00099719,0.630253,38137.8,255.208
1196,9797632,4.62669,0.000997182,0.608318,38669.8,255.42
1197,9805824,4.44087,0.000997174,0.597588,40340.9,255.623
1198,9814016,4.79416,0.000997166,0.621877,40879.8,255.823
1199,9822208,4.59332,0.000997158,0.867975,40036.7,256.028
1200,9830400,4.61973,0.00099715,0.653013,38893.4,256.238
1201,9838592,4.64604,0.000997141,0.607151,38576.5,256.451
1202,9846784,4.83383,0.000997133,0.620945,42526.8,256.643
1203,9854976,4.39113,0.000997125,0.644082,41565.4,256.84
1204,9863168,4.71358,0.000997117,0.595236,41406.5,257.038
1205,9871360,4.73906,0.000997109,0.583857,34197.7,257.278
1206,9879552,4.56606,0.0009971,0.624666,38355.9,257.491
1207,9887744,4.66992,0.000997092,0.607395,41654,257.688
1208,9895936,4.61917,0.000997084,0.589667,41106.1,257.887
1209,9904128,4.76177,0.000997076,0.614826,40139.3,258.092
1210,9912320,4.55166,0.000997068,0.596046,36229,258.318
1211,9920512,4.60694,0.000997059,0.658718,36906,258.54
1212,9928704,4.75876,0.000997051,0.651656,41964.6,258.735
1213,9936896,4.63149,0.000997043,0.627422,41441.4,258.932
1214,9945088,4.6931,0.000997034,0.59839,39641.8,259.139
1215,9953280,4.68255,0.000997026,0.586519,38297.4,259.353
1216,9961472,4.66029,0.000997018,0.601617,39414.8,259.561
1217,9969664,4.6816,0.000997009,0.571199,41535.1,259.758
1218,9977856,4.72405,0.000997001,0.610162,41284.2,259.957
1219,9986048,4.57428,0.000996993,0.665474,39295,260.165
1220,9994240,4.69959,0.000996984,0.566688,38388.1,260.378
1221,10002432,4.65522,0.000996976,0.644844,37292.5,260.598
1222,10010624,4.81085,0.000996968,0.64327,41237.3,260.797
1223,10018816,4.44381,0.000996959,0.585927,40873,260.997
1224,10027008,4.58053,0.000996951,0.630034,39762.6,261.203
1225,10035200,4.55791,0.000996942,0.634655,38350,261.417
1226,10043392,4.66368,0.000996934,0.594396,40457.3,261.619
1227,10051584,4.50224,0.000996925,0.601448,40586.9,261.821
1228,10059776,4.57875,0.000996917,0.617662,40125,262.025
1229,10067968,4.7353,0.000996908,0.6302,40384,262.228
1230,10076160,4.61921,0.0009969,0.606558,32893.3,262.477
1231,10084352,4.70295,0.000996891,0.638554,36101.6,262.704
1232,10092544,4.61392,0.000996883,0.613242,41294,262.902
1233,10100736,4.66081,0.000996874,0.672807,40954.2,263.103
1234,10108928,4.76686,0.000996866,0.708486,38970,263.313
1235,10117120,4.64035,0.000996857,0.591919,36118.2,263.54
1236,10125312,4.56836,0.000996849,0.603513,38986.5,263.75
1237,10133504,4.48095,0.00099684,0.693498,40932.2,263.95
1238,10141696,4.60201,0.000996832,0.604073,40907.2,264.15
1239,10149888,4.7307,0.000996823,0.64078,38670.6,264.362
1240,10158080,4.72928,0.000996814,0.617133,37645.3,264.579
1241,10166272,4.66176,0.000996806,0.668301,37566.3,264.798
1242,10174464,4.54779,0.000996797,0.597162,41099.8,264.997
1243,10182656,4.70043,0.000996789,0.631606,40883.2,265.197
1244,10190848,4.61109,0.00099678,0.622815,39078.8,265.407
1245,10199040,4.74098,0.000996771,0.617253,38608.3,265.619
1246,10207232,4.50229,0.000996763,0.635893,39908.4,265.824
1247,10215424,4.58331,0.000996754,0.647046,41463,266.022
1248,10223616,4.45842,0.000996745,0.650423,41002.5,266.222
1249,10231808,4.65635,0.000996736,0.650806,39390,266.43
1250,10240000,4.5004,0.000996728,0.628393,39549.3,266.637
1251,10248192,4.8545,0.000996719,0.631461,38724,266.848
1252,10256384,4.52193,0.00099671,0.589147,41387.3,267.046
1253,10264576,4.51838,0.000996701,0.576553,41155.2,267.245
1254,10272768,4.67342,0.000996693,0.656252,41142.9,267.444
1255,10280960,4.85497,0.000996684,0.639841,34851.7,267.68
1256,10289152,4.52278,0.000996675,0.629868,37818.3,267.896
1257,10297344,4.76358,0.000996666,0.62991,40663.9,268.098
1258,10305536,4.67736,0.000996658,0.629744,40976,268.298
1259,10313728,4.64829,0.000996649,0.609376,40074.3,268.502
1260,10321920,4.47347,0.00099664,0.673729,35706.6,268.731
1261,10330112,4.63069,0.000996631,0.654866,36207.5,268.958
1262,10338304,4.66813,0.000996622,0.626762,41011.3,269.157
1263,10346496,4.50281,0.000996613,0.617327,40867.8,269.358
1264,10354688,4.50429,0.000996604,0.610335,39790.7,269.564
1265,10362880,4.58709,0.000996596,0.651545,37324.5,269.783
1266,10371072,4.84436,0.000996587,0.641596,39786,269.989
1267,10379264,4.65277,0.000996578,0.623091,40838.6,270.19
1268,10387456,4.70717,0.000996569,0.64587,41016.4,270.389
1269,10395648,4.64148,0.00099656,0.642112,38650,270.601
1270,10403840,4.64714,0.000996551,0.638377,38307.2,270.815
1271,10412032,4.62229,0.000996542,0.694464,37847.7,271.032
1272,10420224,4.6092,0.000996533,0.642886,41496.6,271.229
1273,10428416,4.48897,0.000996524,0.616919,40351.1,271.432
1274,10436608,4.73237,0.000996515,0.641895,39484.6,271.64
1275,10444800,4.49717,0.000996506,0.626789,39233.7,271.848
1276,10452992,4.64851,0.000996497,0.609637,40805.2,272.049
1277,10461184,4.46443,0.000996488,0.611393,40491.3,272.251
1278,10469376,4.4753,0.000996479,0.622832,40701.3,272.453
1279,10477568,4.61741,0.00099647,0.611006,40677.8,272.654
1280,10485760,4.39111,0.000996461,0.60982,34493.1,272.892
1281,10493952,4.69043,0.000996452,0.689382,35187.1,273.124
1282,10502144,4.56194,0.000996443,0.642485,41740.6,273.321
1283,10510336,4.47842,0.000996433,0.573873,41862.9,273.516
1284,10518528,4.50502,0.000996424,0.586097,40986.9,273.716
1285,10526720,4.47531,0.000996415,0.60838,36969.8,273.938
1286,10534912,4.61005,0.000996406,0.616034,38672.1,274.15
1287,10543104,4.57845,0.000996397,0.619911,41365.4,274.348
1288,10551296,4.58344,0.000996388,0.68306,41334.6,274.546
1289,10559488,4.72359,0.000996379,0.675846,39927.7,274.751
1290,10567680,4.455,0.000996369,0.62503,37190.1,274.971
1291,10575872,4.6803,0.00099636,0.627692,36880.1,275.193
1292,10584064,4.62564,0.000996351,0.676973,41695.2,275.39
1293,10592256,4.66099,0.000996342,0.645296,41158.7,275.589
1294,10600448,4.64162,0.000996333,0.602275,39676.5,275.795
1295,10608640,4.64755,0.000996323,0.641338,37906.6,276.011
1296,10616832,4.60133,0.000996314,0.603425,39358.8,276.22
1297,10625024,4.5717,0.000996305,0.594128,40933.4,276.42
1298,10633216,4.62925,0.000996295,0.643764,41244.3,276.618
1299,10641408,4.68246,0.000996286,0.589044,39664.6,276.825
1300,10649600,4.56675,0.000996277,0.57036,38849.8,277.036
1301,10657792,4.40681,0.000996268,0.637359,37958.6,277.252
1302,10665984,4.63864,0.000996258,0.602182,41425.3,277.449
1303,10674176,4.52342,0.000996249,0.62798,41813.6,277.645
1304,10682368,4.60162,0.00099624,0.653608,41681,277.842
1305,10690560,4.49803,0.00099623,0.594439,34719.5,278.078
1306,10698752,4.68647,0.000996221,0.609121,38746.3,278.289
1307,10706944,4.35871,0.000996211,0.629178,41286.7,278.488
1308,10715136,4.55364,0.000996202,0.623454,41642.1,278.684
1309,10723328,4.61513,0.000996193,0.627437,40703.1,278.886
1310,10731520,4.59881,0.000996183,0.644877,36855.3,279.108
1311,10739712,4.54039,0.000996174,0.606522,35944.3,279.336
1312,10747904,4.60703,0.000996164,0.595839,41367.7,279.534
1313,10756096,4.64454,0.000996155,0.649189,41438.4,279.731
1314,10764288,4.61388,0.000996145,0.613467,39802.6,279.937
1315,10772480,4.61405,0.000996136,0.61258,37560,280.155
1316,10780672,4.7237,0.000996126,0.607481,39120.6,280.365
1317,10788864,4.73722,0.000996117,0.585667,40762.6,280.566
1318,10797056,4.49934,0.000996107,0.620638,40966.3,280.766
1319,10805248,4.6517,0.000996098,0.675698,39743.6,280.972
1320,10813440,4.35902,0.000996088,0.614048,38171.9,281.186
1321,10821632,4.41918,0.000996079,0.579551,37386.9,281.406
1322,10829824,4.60158,0.000996069,0.601177,40783.8,281.606
1323,10838016,4.54898,0.00099606,0.626588,41162,281.805
1324,10846208,4.61037,0.00099605,0.599041,40136.1,282.01
1325,10854400,4.32084,0.000996041,0.610144,39131.7,282.219
1326,10862592,4.5079,0.000996031,0.622216,40954.5,282.419
1327,10870784,4.58912,0.000996021,0.587095,40753.8,282.62
1328,10878976,4.54891,0.000996012,0.654887,40320.4,282.823
1329,10887168,4.65456,0.000996002,0.648261,39837.5,283.029
1330,10895360,4.46867,0.000995992,0.644514,33969.5,283.27
1331,10903552,4.48525,0.000995983,0.628986,34699.7,283.506
1332,10911744,4.61261,0.000995973,0.628684,41174.5,283.705
1333,10919936,4.55745,0.000995963,0.643113,41073.4,283.904
1334,10928128,4.54688,0.000995954,0.596747,40233.7,284.108
1335,10936320,4.65006,0.000995944,0.632438,36626.5,284.332
1336,10944512,4.51641,0.000995934,0.690086,38919,284.542
1337,10952704,4.73918,0.000995925,0.634029,40458.4,284.745
1338,10960896,4.61448,0.000995915,0.609559,40880.2,284.945
1339,10969088,4.63293,0.000995905,0.653747,40110.3,285.149
1340,10977280,4.66489,0.000995895,0.634883,37489.7,285.368
1341,10985472,4.64467,0.000995886,0.654309,36250.2,285.594
1342,10993664,4.40392,0.000995876,0.596858,41114.8,285.793
1343,11001856,4.62026,0.000995866,0.647377,41143.4,285.992
1344,11010048,4.62164,0.000995856,0.618036,40269,286.196
1345,11018240,4.47922,0.000995846,0.627224,38524.3,286.408
1346,11026432,4.57377,0.000995837,0.633284,39218.4,286.617
1347,11034624,4.61042,0.000995827,0.654826,41041.1,286.817
1348,11042816,4.78977,0.000995817,0.633321,41001.2,287.017
1349,11051008,4.45601,0.000995807,0.62503,40678.7,287.218
1350,11059200,4.62428,0.000995797,0.618365,38828,287.429
1351,11067392,4.653,0.000995787,0.659502,38458,287.642
1352,11075584,4.54501,0.000995777,0.685102,41024.9,287.842
1353,11083776,4.35943,0.000995767,0.608376,40987.7,288.041
1354,11091968,4.68551,0.000995757,0.592617,40421.8,288.244
1355,11100160,4.45437,0.000995748,0.608384,34515.5,288.481
1356,11108352,4.62013,0.000995738,0.638923,38601.2,288.694
1357,11116544,4.48792,0.000995728,0.644198,40911.6,288.894
1358,11124736,4.65993,0.000995718,0.641737,41580.9,289.091
1359,11132928,4.49039,0.000995708,0.627683,40386.8,289.294
1360,11141120,4.8194,0.000995698,0.617664,36483.5,289.518
1361,11149312,4.40824,0.000995688,0.614003,36869.3,289.74
1362,11157504,4.40101,0.000995678,0.610421,41652,289.937
1363,11165696,4.61097,0.000995668,0.63869,41952.1,290.132
1364,11173888,4.52268,0.000995658,0.813739,40439.7,290.335
1365,11182080,4.50434,0.000995647,0.612908,38327.1,290.549
1366,11190272,4.59633,0.000995637,0.622528,39223,290.758
1367,11198464,4.66074,0.000995627,0.649664,40759.8,290.959
1368,11206656,4.72844,0.000995617,0.620176,41579.1,291.156
1369,11214848,4.52838,0.000995607,0.614814,40605,291.357
1370,11223040,4.6797,0.000995597,0.622703,39018.3,291.567
1371,11231232,4.66251,0.000995587,0.636176,36802.3,291.79
1372,11239424,4.59949,0.000995577,0.638225,41396.2,291.988
1373,11247616,4.51162,0.000995567,0.648065,41332.5,292.186
1374,11255808,4.36857,0.000995556,0.677705,39245.5,292.395
1375,11264000,4.5858,0.000995546,0.67915,39002.3,292.605
1376,11272192,4.51102,0.000995536,0.612046,40794.1,292.806
1377,11280384,4.5624,0.000995526,0.606771,40622.6,293.007
1378,11288576,4.58534,0.000995516,0.634158,40557.9,293.209
1379,11296768,4.59194,0.000995506,0.614145,40880.6,293.41
1380,11304960,4.58558,0.000995495,0.602631,34363.1,293.648
1381,11313152,4.62791,0.000995485,0.651636,33813.1,293.89
1382,11321344,4.52483,0.000995475,0.676489,40793.6,294.091
1383,11329536,4.55665,0.000995465,0.587021,40601.5,294.293
1384,11337728,4.52988,0.000995454,0.63436,40750.6,294.494
1385,11345920,4.49119,0.000995444,0.715635,35581.7,294.724
1386,11354112,4.48852,0.000995434,0.604866,38312.5,294.938
1387,11362304,4.72415,0.000995423,0.610864,40576.4,295.14
1388,11370496,4.33751,0.000995413,0.64087,41638.6,295.337
1389,11378688,4.60476,0.000995403,0.616902,39506.7,295.544
1390,11386880,4.49612,0.000995392,0.647277,37739,295.761
1391,11395072,4.39923,0.000995382,0.620049,36580.6,295.985
1392,11403264,4.55617,0.000995372,0.645079,41356.9,296.183
1393,11411456,4.73123,0.000995361,0.612264,41372.1,296.381
1394,11419648,4.42024,0.000995351,0.628781,39134.8,296.59
1395,11427840,4.45468,0.000995341,0.615595,37671.7,296.808
1396,11436032,4.60906,0.00099533,0.625155,38551.6,297.02
1397,11444224,4.53411,0.00099532,0.652061,40919.9,297.22
1398,11452416,4.51784,0.000995309,0.644751,41006.6,297.42
1399,11460608,4.49942,0.000995299,0.587797,39761.5,297.626
1400,11468800,4.59973,0.000995288,0.627973,39314.8,297.835
1401,11476992,4.37236,0.000995278,0.628213,40252.3,298.038
1402,11485184,4.61715,0.000995267,0.591684,41287,298.237
1403,11493376,4.40486,0.000995257,0.679331,41494.8,298.434
1404,11501568,4.3214,0.000995246,0.59481,41538,298.631
1405,11509760,4.545,0.000995236,0.632781,35123.3,298.864
1406,11517952,4.55595,0.000995225,0.589452,38467.8,299.077
1407,11526144,4.55513,0.000995215,0.598839,41430,299.275
1408,11534336,4.49906,0.000995204,0.577133,42009.4,299.47
1409,11542528,4.61896,0.000995194,0.607494,41315,299.668
1410,11550720,4.51813,0.000995183,0.58456,36809.7,299.891
1411,11558912,4.38908,0.000995173,0.630308,36894.3,300.113
1412,11567104,4.62722,0.000995162,0.625585,41161.6,300.312
1413,11575296,4.53736,0.000995151,0.631383,41481.8,300.51
1414,11583488,4.41973,0.000995141,0.643084,40820.9,300.71
1415,11591680,4.57144,0.00099513,0.592024,37467.4,300.929
1416,11599872,4.59869,0.000995119,0.648443,39301.6,301.137
1417,11608064,4.39963,0.000995109,0.660431,41152.8,301.336
1418,11616256,4.54241,0.000995098,0.62067,42152.2,301.531
1419,11624448,4.63536,0.000995087,0.630164,40512.3,301.733
1420,11632640,4.58342,0.000995077,0.697422,39229.3,301.942
1421,11640832,4.31546,0.000995066,0.594492,36346.9,302.167
1422,11649024,4.75226,0.000995055,0.673094,40816.5,302.368
1423,11657216,4.40609,0.000995045,0.66444,41755.5,302.564
1424,11665408,4.49487,0.000995034,0.603204,40797.4,302.765
1425,11673600,4.38498,0.000995023,0.651091,39973.6,302.97
1426,11681792,4.57111,0.000995012,0.62328,40728.7,303.171
1427,11689984,4.52508,0.000995002,0.614839,40381,303.374
1428,11698176,4.41315,0.000994991,0.65595,40935.3,303.574
1429,11706368,4.38834,0.00099498,0.630107,41014,303.774
1430,11714560,4.45953,0.000994969,0.64432,34352,304.012
1431,11722752,4.44102,0.000994958,0.617959,35875,304.24
1432,11730944,4.41298,0.000994948,0.646174,41477.5,304.438
1433,11739136,4.58334,0.000994937,0.640002,42075.2,304.633
1434,11747328,4.49212,0.000994926,0.655623,41246.3,304.831
1435,11755520,4.58462,0.000994915,0.617504,36775.2,305.054
1436,11763712,4.53639,0.000994904,0.646857,38618,305.266
1437,11771904,4.64631,0.000994893,0.633352,41532.3,305.463
1438,11780096,4.41785,0.000994882,0.613315,41715.5,305.66
1439,11788288,4.68327,0.000994871,0.628455,41305.1,305.858
1440,11796480,4.48958,0.000994861,0.618857,38004.2,306.074
1441,11804672,4.31332,0.00099485,0.6142,36846.7,306.296
1442,11812864,4.79082,0.000994839,0.64877,41945.2,306.491
1443,11821056,4.51498,0.000994828,0.650868,41305.2,306.69
1444,11829248,4.41791,0.000994817,0.657608,40343.8,306.893
1445,11837440,4.53197,0.000994806,0.641113,38642.8,307.105
1446,11845632,4.36983,0.000994795,0.63647,39340.6,307.313
1447,11853824,4.39254,0.000994784,0.649832,40261.8,307.516
1448,11862016,4.55596,0.000994773,0.627871,41502,307.714
1449,11870208,4.43705,0.000994762,0.637972,40864.2,307.914
1450,11878400,4.43629,0.000994751,0.607788,39045.5,308.124
1451,11886592,4.54607,0.00099474,0.627111,38007.6,308.34
1452,11894784,4.67255,0.000994729,0.627805,41941,308.535
1453,11902976,4.45921,0.000994718,0.60194,41773.8,308.731
1454,11911168,4.44031,0.000994706,0.651197,40973.2,308.931
1455,11919360,4.48904,0.000994695,0.625084,35023.1,309.165
1456,11927552,4.62536,0.000994684,0.632817,37884.9,309.381
1457,11935744,4.59883,0.000994673,0.610415,40979.1,309.581
1458,11943936,4.61412,0.000994662,0.600686,41583.3,309.778
1459,11952128,4.36666,0.000994651,0.630424,40211.4,309.982
1460,11960320,4.69751,0.00099464,0.640404,36765,310.205
1461,11968512,4.53468,0.000994629,0.605284,36817.9,310.427
1462,11976704,4.64334,0.000994617,0.75003,41870.1,310.623
1463,11984896,4.50562,0.000994606,0.628906,41465.4,310.82
1464,11993088,4.19201,0.000994595,0.585901,40082.3,311.025
1465,12001280,4.4518,0.000994584,0.635015,38188.6,311.239
1466,12009472,4.58584,0.000994573,0.6199,39336.4,311.447
1467,12017664,4.56376,0.000994561,0.609637,41294.1,311.646
1468,12025856,4.45672,0.00099455,0.586378,41657.6,311.842
1469,12034048,4.57924,0.000994539,0.620111,40165.1,312.046
1470,12042240,4.43085,0.000994528,0.648604,38873.3,312.257
1471,12050432,4.5599,0.000994516,0.63304,37496.6,312.476
1472,12058624,4.43699,0.000994505,0.647995,41535.8,312.673
1473,12066816,4.56442,0.000994494,0.653599,41459.9,312.87
1474,12075008,4.46071,0.000994482,0.629072,40586.8,313.072
1475,12083200,4.65427,0.000994471,0.644636,39381.7,313.28
1476,12091392,4.50898,0.00099446,0.668907,41895.6,313.476
1477,12099584,4.38391,0.000994448,0.605643,41242.7,313.674
1478,12107776,4.57879,0.000994437,0.630062,40579.9,313.876
1479,12115968,4.44063,0.000994426,0.620746,41674.1,314.073
1480,12124160,4.5072,0.000994414,0.607678,36810.7,314.295
1481,12132352,4.51112,0.000994403,0.626169,34011.6,314.536
1482,12140544,4.60823,0.000994391,0.623766,41569.9,314.733
1483,12148736,4.40498,0.00099438,0.592002,41966.6,314.929
1484,12156928,4.44574,0.000994369,0.629821,41801.3,315.124
1485,12165120,4.63173,0.000994357,0.620842,38430.1,315.338
1486,12173312,4.51679,0.000994346,0.672358,37977.2,315.553
1487,12181504,4.27392,0.000994334,0.626751,41044.4,315.753
1488,12189696,4.65386,0.000994323,0.621943,41482.1,315.95
1489,12197888,4.44857,0.000994311,0.606137,42056.8,316.145
1490,12206080,4.47817,0.0009943,0.667136,38427.9,316.358
1491,12214272,4.73203,0.000994288,0.698572,36634,316.582
1492,12222464,4.49496,0.000994277,0.657285,41143.6,316.781
1493,12230656,4.53248,0.000994265,0.629301,41562.2,316.978
1494,12238848,4.14786,0.000994254,0.644502,41059.3,317.178
1495,12247040,4.40401,0.000994242,0.63372,39377.2,317.386
1496,12255232,4.37271,0.000994231,0.60257,39218.8,317.595
1497,12263424,4.61807,0.000994219,0.624438,40875.2,317.795
1498,12271616,4.44499,0.000994207,0.610137,41173,317.994
1499,12279808,4.46316,0.000994196,0.612487,41269.9,318.193
1500,12288000,4.53697,0.000994184,0.768077,40006.6,318.397
1501,12296192,4.48169,0.000994173,0.65824,39401.5,318.605
1502,12304384,4.46708,0.000994161,0.658914,42148.3,318.8
1503,12312576,4.3629,0.000994149,0.619718,42118.3,318.994
1504,12320768,4.6628,0.000994138,0.617101,42222.3,319.188
1505,12328960,4.51974,0.000994126,0.636746,35807.9,319.417
1506,12337152,4.73108,0.000994114,0.630074,38734.1,319.628
1507,12345344,4.54325,0.000994103,0.59543,42011.7,319.823
1508,12353536,4.38992,0.000994091,0.617236,41688.7,320.02
1509,12361728,4.45198,0.000994079,0.598772,41644.5,320.217
1510,12369920,4.53898,0.000994067,0.655804,37218.6,320.437
1511,12378112,4.44336,0.000994056,0.590234,36760.2,320.66
1512,12386304,4.36564,0.000994044,0.688365,41645.3,320.856
1513,12394496,4.38353,0.000994032,0.621999,42317.9,321.05
1514,12402688,4.5652,0.00099402,0.629153,41538.3,321.247
1515,12410880,4.27345,0.000994009,0.610909,38239.3,321.461
1516,12419072,4.4549,0.000993997,0.608701,39641.1,321.668
1517,12427264,4.43211,0.000993985,0.661949,40607.8,321.87
1518,12435456,4.37094,0.000993973,0.627299,41656.5,322.066
1519,12443648,4.15283,0.000993961,0.61138,41019.7,322.266
1520,12451840,4.34241,0.00099395,0.637015,39129.8,322.475
1521,12460032,4.63713,0.000993938,0.674383,37681.2,322.693
1522,12468224,4.63033,0.000993926,0.644394,41550.3,322.89
1523,12476416,4.62729,0.000993914,0.615829,41888.9,323.086
1524,12484608,4.26308,0.000993902,0.63445,40706.8,323.287
1525,12492800,4.49784,0.00099389,0.620659,39620,323.494
1526,12500992,4.5688,0.000993878,0.60743,41561.4,323.691
1527,12509184,4.5319,0.000993866,0.629173,41217.7,323.889
1528,12517376,4.50134,0.000993854,0.660586,41379.3,324.087
1529,12525568,4.45451,0.000993842,0.662152,41520.6,324.285
1530,12533760,4.58576,0.000993831,0.641517,34641.3,324.521
1531,12541952,4.45094,0.000993819,0.75848,36277.6,324.747
1532,12550144,4.35087,0.000993807,0.646978,41985.7,324.942
1533,12558336,4.54191,0.000993795,0.647614,41688.3,325.139
1534,12566528,4.24281,0.000993783,0.625835,40349.1,325.342
1535,12574720,4.3297,0.000993771,0.632588,37134.3,325.562
1536,12582912,4.20427,0.000993759,0.730301,39806,325.768
1537,12591104,4.53112,0.000993746,0.736551,42055,325.963
1538,12599296,4.3004,0.000993734,0.644807,41932.2,326.158
1539,12607488,4.39759,0.000993722,0.646557,40154.4,326.362
1540,12615680,4.44019,0.00099371,0.64303,37501.4,326.581
1541,12623872,4.57091,0.000993698,0.604279,38057.9,326.796
1542,12632064,4.62913,0.000993686,0.644927,41585.1,326.993
1543,12640256,4.63498,0.000993674,0.642923,41778,327.189
1544,12648448,4.60684,0.000993662,0.642477,40152.3,327.393
1545,12656640,4.48039,0.00099365,0.681182,38796.7,327.604
1546,12664832,4.50594,0.000993638,0.623443,40116.3,327.808
1547,12673024,4.53486,0.000993625,0.697027,41093.3,328.008
1548,12681216,4.53371,0.000993613,0.660405,41400.5,328.206
1549,12689408,4.4601,0.000993601,0.675158,39954,328.411
1550,12697600,4.46761,0.000993589,0.6425,39305.8,328.619
1551,12705792,4.49016,0.000993577,0.622338,38851.1,328.83
1552,12713984,4.57731,0.000993565,0.628599,41705.4,329.026
1553,12722176,4.54747,0.000993552,0.625195,41496.8,329.224
1554,12730368,4.50098,0.00099354,0.652239,42056,329.418
1555,12738560,4.30952,0.000993528,0.617598,34913.5,329.653
1556,12746752,4.48791,0.000993516,0.639563,38342.1,329.867
1557,12754944,4.57532,0.000993503,0.58973,41439.9,330.064
1558,12763136,4.42325,0.000993491,0.644029,41902.7,330.26
1559,12771328,4.42166,0.000993479,0.611188,41281.4,330.458
1560,12779520,4.48932,0.000993466,0.615527,36807.4,330.681
1561,12787712,4.40885,0.000993454,0.626298,36918.6,330.903
1562,12795904,4.38314,0.000993442,0.62293,41914.7,331.098
1563,12804096,4.43565,0.000993429,0.630037,42035,331.293
1564,12812288,4.44656,0.000993417,0.6351,40566.6,331.495
1565,12820480,4.51508,0.000993405,0.624203,37659.1,331.713
1566,12828672,4.27996,0.000993392,0.649453,39787.2,331.919
1567,12836864,4.49723,0.00099338,0.666315,40611.1,332.12
1568,12845056,4.45928,0.000993368,0.664443,42043.2,332.315
1569,12853248,4.37195,0.000993355,0.636482,41223.8,332.514
1570,12861440,4.54441,0.000993343,0.635347,38705.6,332.725
1571,12869632,4.3901,0.00099333,0.611812,37932.1,332.941
1572,12877824,4.43717,0.000993318,0.641813,42223.8,333.135
1573,12886016,4.4291,0.000993305,0.593337,41995.4,333.331
1574,12894208,4.44987,0.000993293,0.604871,40480,333.533
1575,12902400,4.43975,0.00099328,0.631847,39740.9,333.739
1576,12910592,4.55385,0.000993268,0.680023,42226.2,333.933
1577,12918784,4.31008,0.000993256,0.667165,41668.1,334.13
1578,12926976,4.28707,0.000993243,0.583597,41671.6,334.326
1579,12935168,4.48175,0.00099323,0.658102,42155.4,334.521
1580,12943360,4.42149,0.000993218,0.611191,34458.8,334.758
1581,12951552,4.51833,0.000993205,0.64759,36614.3,334.982
1582,12959744,4.52077,0.000993193,0.630726,41948.3,335.177
1583,12967936,4.55978,0.00099318,0.628238,42176.6,335.372
1584,12976128,4.28548,0.000993168,0.595923,40660.5,335.573
1585,12984320,4.58199,0.000993155,0.611569,36768,335.796
1586,12992512,4.318,0.000993142,0.606507,39911.6,336.001
1587,13000704,4.42781,0.00099313,0.591072,41469.2,336.199
1588,13008896,4.33809,0.000993117,0.624119,42208.9,336.393
1589,13017088,4.27971,0.000993105,0.614447,40751.5,336.594
1590,13025280,4.36873,0.000993092,0.601811,38466.8,336.807
1591,13033472,4.60255,0.000993079,0.619639,37823.5,337.023
1592,13041664,4.52186,0.000993067,0.698242,42287.9,337.217
1593,13049856,4.3148,0.000993054,0.62328,41724,337.413
1594,13058048,4.39625,0.000993041,0.622079,40639.3,337.615
1595,13066240,4.38466,0.000993029,0.577173,39258.9,337.824
1596,13074432,4.24029,0.000993016,0.632857,39904.1,338.029
1597,13082624,4.36641,0.000993003,0.649885,41419.8,338.227
1598,13090816,4.22447,0.00099299,0.69684,41604.7,338.424
1599,13099008,4.50367,0.000992978,0.624848,40815.5,338.624
1600,13107200,4.57908,0.000992965,0.679998,39435.6,338.832
1601,13115392,4.35018,0.000992952,0.611354,39462.7,339.04
1602,13123584,4.42496,0.000992939,0.625348,40849.6,339.24
1603,13131776,4.44391,0.000992926,0.659129,41635.1,339.437
1604,13139968,4.33667,0.000992914,0.628937,41383.2,339.635
1605,13148160,4.25841,0.000992901,0.626191,33953.3,339.876
1606,13156352,4.34491,0.000992888,0.6361,38246.9,340.09
1607,13164544,4.49662,0.000992875,0.60071,40742.4,340.291
1608,13172736,4.46335,0.000992862,0.656415,41356.5,340.489
1609,13180928,4.41544,0.000992849,0.648024,39700.1,340.696
1610,13189120,4.54344,0.000992837,0.628925,35717.5,340.925
1611,13197312,4.40067,0.000992824,0.657713,36201.1,341.151
1612,13205504,4.31392,0.000992811,0.65424,41614.6,341.348
1613,13213696,4.48925,0.000992798,0.622768,41460.2,341.546
1614,13221888,4.44915,0.000992785,0.616582,39576.1,341.753
1615,13230080,4.48933,0.000992772,0.612731,37780,341.97
1616,13238272,4.50412,0.000992759,0.634747,40086.2,342.174
1617,13246464,4.53095,0.000992746,0.600662,41056.2,342.374
1618,13254656,4.54098,0.000992733,0.615312,41103.5,342.573
1619,13262848,4.3873,0.00099272,0.628087,40130.4,342.777
1620,13271040,4.53134,0.000992707,0.652812,38048.1,342.992
1621,13279232,4.48645,0.000992694,0.660897,37897.3,343.208
1622,13287424,4.24353,0.000992681,0.602366,41818.6,343.404
1623,13295616,4.51963,0.000992668,0.622793,41365.1,343.602
1624,13303808,4.38961,0.000992655,0.633302,40248.8,343.806
1625,13312000,4.27168,0.000992642,0.628549,39100.6,344.015
1626,13320192,4.42611,0.000992629,0.639852,41206.2,344.214
1627,13328384,4.50204,0.000992616,0.596146,41917.4,344.41
1628,13336576,4.42151,0.000992603,0.628119,41312.3,344.608
1629,13344768,4.41399,0.00099259,0.639276,41296.3,344.806
1630,13352960,4.30978,0.000992577,0.587528,33578.6,345.05
1631,13361152,4.40353,0.000992563,0.632678,37427.9,345.269
1632,13369344,4.14748,0.00099255,0.914617,41889.8,345.465
1633,13377536,4.25232,0.000992537,0.644957,41808.6,345.661
1634,13385728,4.34445,0.000992524,0.584338,39511.4,345.868
1635,13393920,4.49187,0.000992511,0.627394,36637,346.092
1636,13402112,4.39091,0.000992498,0.614244,39840.6,346.297
1637,13410304,4.3904,0.000992485,0.622503,41570.5,346.494
1638,13418496,4.43057,0.000992471,0.609163,41917,346.69
1639,13426688,4.33764,0.000992458,0.621918,39743.7,346.896
1640,13434880,4.67487,0.000992445,0.665706,37575.5,347.114
1641,13443072,4.51756,0.000992432,0.642486,38100.5,347.329
1642,13451264,4.41246,0.000992418,0.622377,41922.9,347.524
1643,13459456,4.27569,0.000992405,0.628652,41808.8,347.72
1644,13467648,4.45958,0.000992392,0.632389,39556.7,347.927
1645,13475840,4.45291,0.000992379,0.641034,37973.5,348.143
1646,13484032,4.51903,0.000992365,0.623692,40282.1,348.346
1647,13492224,4.61599,0.000992352,0.711033,41157.3,348.545
1648,13500416,4.44316,0.000992339,0.669937,41074.5,348.745
1649,13508608,4.48332,0.000992325,0.633636,39135.6,348.954
1650,13516800,4.40986,0.000992312,0.651891,38276.6,349.168
1651,13524992,4.66747,0.000992299,0.644725,39150.1,349.378
1652,13533184,4.5303,0.000992285,0.645896,41624.7,349.574
1653,13541376,4.42966,0.000992272,0.636583,41222.9,349.773
1654,13549568,4.34096,0.000992259,0.623447,40946.5,349.973
1655,13557760,4.3835,0.000992245,0.617516,33765.4,350.216
1656,13565952,4.50695,0.000992232,0.600028,38362.1,350.429
1657,13574144,4.47685,0.000992218,0.629467,41184,350.628
1658,13582336,4.39306,0.000992205,0.611008,41179.3,350.827
1659,13590528,4.25501,0.000992191,0.615385,38975.7,351.037
1660,13598720,4.35498,0.000992178,0.599799,35571.5,351.268
1661,13606912,4.16506,0.000992165,0.617532,36692.4,351.491
1662,13615104,4.4771,0.000992151,0.627935,41172.3,351.69
1663,13623296,4.52788,0.000992138,0.65749,41019.1,351.89
1664,13631488,4.60213,0.000992124,0.625062,39290.4,352.098
1665,13639680,4.36242,0.000992111,0.595755,37503.9,352.316
1666,13647872,4.33289,0.000992097,0.624322,39657,352.523
1667,13656064,4.3797,0.000992084,0.618575,41224.7,352.722
1668,13664256,4.49804,0.00099207,0.628309,41145.6,352.921
1669,13672448,4.55522,0.000992056,0.622671,39339.6,353.129
1670,13680640,4.29201,0.000992043,0.631914,38297.7,353.343
1671,13688832,4.59263,0.000992029,0.606161,37996.8,353.559
1672,13697024,4.36057,0.000992016,0.61158,41135.8,353.758
1673,13705216,4.41036,0.000992002,0.589747,40690.4,353.959
1674,13713408,4.32361,0.000991988,0.597981,39622.5,354.166
1675,13721600,4.43439,0.000991975,0.600068,39094.9,354.375
1676,13729792,4.39988,0.000991961,0.602683,41930.7,354.571
1677,13737984,4.45855,0.000991948,0.637478,41348.8,354.769
1678,13746176,4.49815,0.000991934,0.662426,41556.2,354.966
1679,13754368,4.41541,0.00099192,0.643023,41678.3,355.163
1680,13762560,4.39181,0.000991907,0.671396,34516.1,355.4
1681,13770752,4.35681,0.000991893,0.63667,35855.6,355.628
1682,13778944,4.35671,0.000991879,0.617086,41730.8,355.825
1683,13787136,4.3805,0.000991865,0.639895,41800.6,356.021
1684,13795328,4.27444,0.000991852,0.624732,41214,356.219
1685,13803520,4.48397,0.000991838,0.613877,36805.4,356.442
1686,13811712,4.43924,0.000991824,0.628247,39225.1,356.651
1687,13819904,4.31393,0.00099181,0.703304,41283.7,356.849
1688,13828096,4.51121,0.000991797,0.603646,42024,357.044
1689,13836288,4.50897,0.000991783,0.577987,40820.6,357.245
1690,13844480,4.60355,0.000991769,0.652735,37807.2,357.462
1691,13852672,4.39804,0.000991755,0.647057,37661.1,357.679
1692,13860864,4.42989,0.000991741,0.644579,42006,357.874
1693,13869056,4.43504,0.000991728,0.631739,42003,358.069
1694,13877248,4.3138,0.000991714,0.629799,39964.3,358.274
1695,13885440,4.42549,0.0009917,0.639682,38003,358.49
1696,13893632,4.26944,0.000991686,0.615911,39628.3,358.696
1697,13901824,4.42958,0.000991672,0.688443,41628.6,358.893
1698,13910016,4.42161,0.000991658,0.655405,41629.3,359.09
1699,13918208,4.45709,0.000991644,0.660051,40229.5,359.294
1700,13926400,4.48057,0.00099163,0.627791,38799.9,359.505
1701,13934592,4.32586,0.000991617,0.629682,39191.6,359.714
1702,13942784,4.36462,0.000991603,0.63116,42364.8,359.907
1703,13950976,4.33062,0.000991589,0.682983,41722.5,360.103
1704,13959168,4.33438,0.000991575,0.651799,41238.7,360.302
1705,13967360,4.43646,0.000991561,0.6106,32739,360.552
1706,13975552,4.28931,0.000991547,0.625226,36145.3,360.779
1707,13983744,4.28482,0.000991533,0.678699,40572.4,360.981
1708,13991936,4.44656,0.000991519,0.612034,41702.4,361.177
1709,14000128,4.22954,0.000991505,0.603237,39352.6,361.385
1710,14008320,4.2816,0.000991491,0.608864,34951.2,361.62
1711,14016512,4.48587,0.000991477,0.615787,33330.5,361.866
1712,14024704,4.53043,0.000991463,0.67056,38828,362.077
1713,14032896,4.54769,0.000991449,0.630652,38672.9,362.288
1714,14041088,4.25588,0.000991435,0.646473,36018.6,362.516
1715,14049280,4.37884,0.00099142,0.588943,34063.5,362.756
1716,14057472,4.35066,0.000991406,0.614249,36912.9,362.978
1717,14065664,4.3279,0.000991392,0.669374,40207.4,363.182
1718,14073856,4.32808,0.000991378,0.59475,40229.7,363.386
1719,14082048,4.33979,0.000991364,0.569791,38524.4,363.598
1720,14090240,4.42993,0.00099135,0.610049,37015.6,363.82
1721,14098432,4.1502,0.000991336,0.619664,36334.2,364.045
1722,14106624,4.11222,0.000991322,0.595578,41214,364.244
1723,14114816,4.57721,0.000991307,0.624323,41008.1,364.444
1724,14123008,4.45042,0.000991293,0.615527,39255.5,364.652
1725,14131200,4.07979,0.000991279,0.614339,38355.1,364.866
1726,14139392,4.4333,0.000991265,0.612485,41851.6,365.062
1727,14147584,4.36221,0.000991251,0.636797,41173.6,365.261
1728,14155776,4.57458,0.000991236,0.579525,41126.1,365.46
1729,14163968,4.37844,0.000991222,0.613371,40451.3,365.662
1730,14172160,4.5647,0.000991208,0.607311,33349.5,365.908
1731,14180352,4.36363,0.000991194,0.65598,35274.7,366.14
1732,14188544,4.44396,0.000991179,0.638816,40971.4,366.34
1733,14196736,4.40844,0.000991165,0.610225,39724.5,366.546
1734,14204928,4.39679,0.000991151,0.611806,36835.1,366.769
1735,14213120,4.26488,0.000991136,0.610757,33286.4,367.015
1736,14221312,4.21017,0.000991122,0.612233,37355.8,367.234
1737,14229504,4.28566,0.000991108,0.597411,39353.6,367.442
1738,14237696,4.50789,0.000991093,0.657553,39120.5,367.652
1739,14245888,4.43125,0.000991079,0.596678,34503.2,367.889
1740,14254080,4.58066,0.000991065,0.645654,33729.7,368.132
1741,14262272,4.49914,0.00099105,0.610375,34944.4,368.366
1742,14270464,4.32314,0.000991036,0.660578,39457.7,368.574
1743,14278656,4.32107,0.000991021,0.605377,37186.1,368.794
1744,14286848,4.2427,0.000991007,0.595861,34499.4,369.032
1745,14295040,4.42224,0.000990993,0.630217,35412.3,369.263
1746,14303232,4.30042,0.000990978,0.634217,38534.9,369.476
1747,14311424,4.20909,0.000990964,0.674831,38472.8,369.689
1748,14319616,4.22755,0.000990949,0.611212,37331.6,369.908
1749,14327808,4.40409,0.000990935,0.655107,35861.1,370.137
1750,14336000,4.26998,0.00099092,0.631547,36743.7,370.359
1751,14344192,4.37125,0.000990906,0.639438,37177.8,370.58
1752,14352384,4.30319,0.000990891,0.632606,40248.6,370.783
1753,14360576,4.26352,0.000990877,0.639144,39800.8,370.989
1754,14368768,4.22202,0.000990862,0.742645,36694.8,371.212
1755,14376960,4.43793,0.000990848,0.608428,32111.7,371.468
1756,14385152,4.51603,0.000990833,0.64189,37065.7,371.689
1757,14393344,4.39884,0.000990819,0.642753,39528.5,371.896
1758,14401536,4.2756,0.000990804,0.60881,38917.9,372.106
1759,14409728,4.54327,0.000990789,0.637998,33676,372.35
1760,14417920,4.34849,0.000990775,0.627457,34554.4,372.587
1761,14426112,4.19763,0.00099076,0.592737,35797,372.815
1762,14434304,4.24588,0.000990746,0.590649,39423.2,373.023
1763,14442496,4.28382,0.000990731,0.663845,36676.3,373.247
1764,14450688,4.59166,0.000990716,0.673717,34835.6,373.482
1765,14458880,4.37682,0.000990702,0.589158,36639.5,373.705
1766,14467072,4.40693,0.000990687,0.630426,38707.6,373.917
1767,14475264,4.46079,0.000990672,0.604694,39867.5,374.123
1768,14483456,4.46305,0.000990658,0.627521,37255.6,374.342
1769,14491648,4.34261,0.000990643,0.597556,35470.5,374.573
1770,14499840,4.39496,0.000990628,0.665591,36442.4,374.798
1771,14508032,4.29017,0.000990613,0.615135,36895.1,375.02
1772,14516224,4.3408,0.000990599,0.641627,40303.5,375.223
1773,14524416,4.33091,0.000990584,0.635484,37295.5,375.443
1774,14532608,4.43671,0.000990569,0.624362,37727.2,375.66
1775,14540800,4.38816,0.000990554,0.630396,38851,375.871
1776,14548992,4.45992,0.00099054,0.620003,39527.6,376.078
1777,14557184,4.34587,0.000990525,0.646432,38310.2,376.292
1778,14565376,4.41811,0.00099051,0.634379,38124.8,376.507
1779,14573568,4.4726,0.000990495,0.601091,36242,376.733
1780,14581760,4.29139,0.00099048,0.660585,30383.8,377.003
1781,14589952,4.30997,0.000990466,0.670571,33770.9,377.245
1782,14598144,4.13419,0.000990451,0.605086,37194.8,377.466
1783,14606336,4.19276,0.000990436,0.610843,36988.6,377.687
1784,14614528,4.38255,0.000990421,0.599708,30752.1,377.953
1785,14622720,4.50586,0.000990406,0.631313,32564.4,378.205
1786,14630912,4.51264,0.000990391,0.624169,35915,378.433
1787,14639104,4.39883,0.000990376,0.607454,36878.3,378.655
1788,14647296,4.31959,0.000990361,0.643459,33390,378.901
1789,14655488,4.38895,0.000990346,0.63399,31783.6,379.158
1790,14663680,4.28531,0.000990332,0.640039,34900.1,379.393
1791,14671872,4.38611,0.000990317,0.630102,35111.9,379.626
1792,14680064,4.47561,0.000990302,0.625757,35948,379.854
1793,14688256,4.17117,0.000990287,0.670939,33670.5,380.097
1794,14696448,4.28495,0.000990272,0.684448,33942.9,380.339
1795,14704640,4.51352,0.000990257,0.671578,36670,380.562
1796,14712832,4.32071,0.000990242,0.6191,38082.2,380.777
1797,14721024,4.40563,0.000990227,0.640438,36297,381.003
1798,14729216,4.31733,0.000990212,0.601049,35700.9,381.232
1799,14737408,4.3636,0.000990197,0.608413,37304.7,381.452
1800,14745600,4.3552,0.000990181,0.628387,38938.5,381.662
1801,14753792,4.33882,0.000990166,0.623544,38288.9,381.876
1802,14761984,4.38072,0.000990151,0.610855,40070.9,382.081
1803,14770176,4.35676,0.000990136,0.62952,39799.5,382.287
1804,14778368,4.44136,0.000990121,0.616645,38647.4,382.499
1805,14786560,4.25153,0.000990106,0.651909,30812.7,382.765
1806,14794752,4.44231,0.000990091,0.613608,34948.3,382.999
1807,14802944,4.39108,0.000990076,0.625477,38486.1,383.212
1808,14811136,4.37247,0.000990061,0.62154,38851.4,383.423
1809,14819328,4.35404,0.000990045,0.645257,34640.7,383.659
1810,14827520,4.43351,0.00099003,0.687506,34260,383.898
1811,14835712,4.42508,0.000990015,0.598173,35724.4,384.128
1812,14843904,4.35782,0.00099,0.610392,39643.4,384.334
1813,14852096,4.21,0.000989985,0.615998,37671.9,384.552
1814,14860288,4.12265,0.00098997,0.617653,34291.5,384.791
1815,14868480,4.4138,0.000989954,0.606224,35201.9,385.023
1816,14876672,4.28837,0.000989939,0.593689,37405.6,385.242
1817,14884864,4.39792,0.000989924,0.583738,37147.9,385.463
1818,14893056,4.3548,0.000989909,0.617,34563.5,385.7
1819,14901248,4.31585,0.000989893,0.561437,34448,385.938
1820,14909440,4.33952,0.000989878,0.673708,37093.9,386.158
1821,14917632,4.2554,0.000989863,0.624703,36455.6,386.383
1822,14925824,4.43524,0.000989847,0.623112,38476.4,386.596
1823,14934016,4.18791,0.000989832,0.605238,36250.5,386.822
1824,14942208,4.40155,0.000989817,0.641012,36530.2,387.046
1825,14950400,4.23571,0.000989801,0.607338,38856.5,387.257
1826,14958592,4.38097,0.000989786,0.645979,39195.5,387.466
1827,14966784,4.3514,0.000989771,0.608981,39708.5,387.672
1828,14974976,4.21194,0.000989755,0.58399,39849.6,387.878
1829,14983168,4.32686,0.00098974,0.630713,38064.8,388.093
1830,14991360,4.33081,0.000989724,0.597115,31966.8,388.349
1831,14999552,4.4629,0.000989709,0.640712,35717.3,388.579
1832,15007744,4.31581,0.000989694,0.626029,40748.5,388.78
1833,15015936,4.2264,0.000989678,0.612389,40188.4,388.984
1834,15024128,4.39962,0.000989663,0.679005,36041.9,389.211
1835,15032320,4.2407,0.000989647,0.571704,35886.8,389.439
1836,15040512,4.24204,0.000989632,0.634777,38852.4,389.65
1837,15048704,3.9698,0.000989616,0.625636,40529.6,389.852
1838,15056896,4.53194,0.000989601,0.680763,39893.3,390.058
1839,15065088,4.09577,0.000989585,0.599117,35965,390.285
1840,15073280,4.25934,0.00098957,0.649512,36946.9,390.507
1841,15081472,4.20851,0.000989554,0.646315,36349,390.732
1842,15089664,4.32673,0.000989539,0.615797,40514.7,390.935
1843,15097856,4.37544,0.000989523,0.610493,38293.8,391.149
1844,15106048,4.31255,0.000989508,0.622346,36332.9,391.374
1845,15114240,4.21909,0.000989492,0.626893,37872.2,391.59
1846,15122432,4.39791,0.000989477,0.638927,38344.7,391.804
1847,15130624,4.49342,0.000989461,0.610751,38900.3,392.015
1848,15138816,4.4579,0.000989445,0.654053,37126.8,392.235
1849,15147008,4.30275,0.00098943,0.611015,34835.3,392.47
1850,15155200,4.41837,0.000989414,0.59525,36048.2,392.698
1851,15163392,4.26307,0.000989398,0.630572,37231,392.918
1852,15171584,4.33759,0.000989383,0.671658,40370.2,393.121
1853,15179776,4.32675,0.000989367,0.627157,40106.3,393.325
1854,15187968,4.31034,0.000989352,0.624361,39367.4,393.533
1855,15196160,4.35808,0.000989336,0.609203,33151.3,393.78
1856,15204352,4.2774,0.00098932,0.619731,38828.9,393.991
1857,15212544,4.32969,0.000989304,0.617606,41149.8,394.19
1858,15220736,4.50255,0.000989289,0.627242,41299.2,394.388
1859,15228928,4.25958,0.000989273,0.61421,38765.8,394.6
1860,15237120,4.30159,0.000989257,0.651879,36098.6,394.827
1861,15245312,4.30732,0.000989241,0.623788,36485.1,395.051
1862,15253504,4.35406,0.000989226,0.626741,41496.4,395.249
1863,15261696,4.35219,0.00098921,0.612958,40965.7,395.449
1864,15269888,4.09678,0.000989194,0.614803,37912.8,395.665
1865,15278080,4.45997,0.000989178,0.686049,36405.7,395.89
1866,15286272,4.35705,0.000989163,0.619057,39321.1,396.098
1867,15294464,4.25609,0.000989147,0.632246,40661.4,396.3
1868,15302656,4.45543,0.000989131,0.613896,40587,396.501
1869,15310848,4.36071,0.000989115,0.620083,38670.1,396.713
1870,15319040,4.42776,0.000989099,0.645208,37552.7,396.931
1871,15327232,4.25473,0.000989083,0.618077,37739,397.148
1872,15335424,4.34524,0.000989067,0.612044,41423.4,397.346
1873,15343616,4.05587,0.000989052,0.657093,40530.3,397.548
1874,15351808,4.25792,0.000989036,0.592908,39510.9,397.756
1875,15360000,4.31288,0.00098902,0.614277,38935.3,397.966
1876,15368192,4.26644,0.000989004,0.608614,40228.7,398.17
1877,15376384,4.45603,0.000988988,0.642154,41873.1,398.365
1878,15384576,4.23946,0.000988972,0.674798,41834.5,398.561
1879,15392768,4.36899,0.000988956,0.608124,42060.6,398.756
1880,15400960,4.49758,0.00098894,0.680104,34348.4,398.994
1881,15409152,4.28078,0.000988924,0.618088,36105.3,399.221
1882,15417344,4.52397,0.000988908,0.620653,41581.1,399.418
1883,15425536,4.39083,0.000988892,0.636707,41425.1,399.616
1884,15433728,4.29539,0.000988876,0.63377,40538.1,399.818
1885,15441920,4.41434,0.00098886,0.628713,36642.8,400.042
1886,15450112,4.35923,0.000988844,0.615101,38698.1,400.253
1887,15458304,4.16997,0.000988828,0.597241,41560.6,400.451
1888,15466496,4.3392,0.000988812,0.624252,41927.3,400.646
1889,15474688,4.31709,0.000988796,0.63246,40847.6,400.846
1890,15482880,4.25102,0.00098878,0.604249,38002.6,401.062
1891,15491072,4.30406,0.000988764,0.681395,37512.1,401.28
1892,15499264,4.46807,0.000988748,0.618265,41852.7,401.476
1893,15507456,4.27752,0.000988731,0.624455,41549.3,401.673
1894,15515648,4.13145,0.000988715,0.607966,40577.8,401.875
1895,15523840,4.33735,0.000988699,0.66123,38039.3,402.091
1896,15532032,4.47112,0.000988683,0.649602,39765.2,402.297
1897,15540224,4.43351,0.000988667,0.652346,41582.1,402.494
1898,15548416,4.25327,0.000988651,0.635792,41277.2,402.692
1899,15556608,4.13742,0.000988634,0.595086,40580.8,402.894
1900,15564800,4.37211,0.000988618,0.605661,39025.1,403.104
1901,15572992,4.28059,0.000988602,0.650009,38884.5,403.315
1902,15581184,4.20975,0.000988586,0.629659,41954.6,403.51
1903,15589376,4.32701,0.00098857,0.608068,41927.5,403.705
1904,15597568,4.27919,0.000988553,0.613518,42310.6,403.899
1905,15605760,4.41045,0.000988537,0.65928,35302.4,404.131
1906,15613952,4.30128,0.000988521,0.638049,39546,404.338
1907,15622144,4.39487,0.000988505,0.613765,41759,404.534
1908,15630336,4.48912,0.000988488,0.63461,42401.2,404.727
1909,15638528,4.28477,0.000988472,0.610158,41295.5,404.926
1910,15646720,4.39254,0.000988456,0.624104,37162.1,405.146
1911,15654912,4.3359,0.000988439,0.650458,36821.8,405.369
1912,15663104,4.29865,0.000988423,0.630979,41773.4,405.565
1913,15671296,4.43444,0.000988407,0.658796,41657.2,405.761
1914,15679488,4.33606,0.00098839,0.638111,40370.1,405.964
1915,15687680,4.36802,0.000988374,0.615782,38163.8,406.179
1916,15695872,4.35244,0.000988358,0.653483,39411.6,406.387
1917,15704064,4.22895,0.000988341,0.622363,41202.1,406.586
1918,15712256,4.203,0.000988325,0.620677,41529.9,406.783
1919,15720448,4.17056,0.000988308,0.621963,40291.5,406.986
1920,15728640,4.23227,0.000988292,0.601316,38807.6,407.197
1921,15736832,4.29625,0.000988275,0.59688,37567.5,407.415
1922,15745024,4.49455,0.000988259,0.629043,41895.1,407.611
1923,15753216,4.4283,0.000988243,0.623609,41196.6,407.81
1924,15761408,4.35952,0.000988226,0.603835,39998.2,408.015
1925,15769600,4.16635,0.00098821,0.621395,38499.4,408.227
1926,15777792,4.09643,0.000988193,0.624309,41395.7,408.425
1927,15785984,4.3311,0.000988177,0.611105,40904.3,408.626
1928,15794176,4.35505,0.00098816,0.611551,41713,408.822
1929,15802368,4.33135,0.000988144,0.609857,40082.2,409.026
1930,15810560,4.16534,0.000988127,0.604924,33211.6,409.273
1931,15818752,4.08397,0.000988111,0.620239,35739.3,409.502
1932,15826944,4.29771,0.000988094,0.607232,42274.2,409.696
1933,15835136,4.37583,0.000988077,0.623997,42051,409.891
1934,15843328,4.32408,0.000988061,0.608248,40016.9,410.095
1935,15851520,4.49342,0.000988044,0.62628,36780.2,410.318
1936,15859712,4.35034,0.000988028,0.597427,39901.7,410.524
1937,15867904,4.35498,0.000988011,0.619572,41896.3,410.719
1938,15876096,4.35174,0.000987994,0.63901,42366.7,410.912
1939,15884288,4.31196,0.000987978,0.608604,39865.3,411.118
1940,15892480,4.27577,0.000987961,0.668105,37535.4,411.336
1941,15900672,4.35311,0.000987944,0.640304,38110.8,411.551
1942,15908864,4.36697,0.000987928,0.647532,41733.5,411.747
1943,15917056,4.07995,0.000987911,0.613835,42037.7,411.942
1944,15925248,4.37298,0.000987894,0.604992,40239.8,412.146
1945,15933440,4.23767,0.000987878,0.616246,38260.5,412.36
1946,15941632,4.16194,0.000987861,0.606066,40279,412.563
1947,15949824,4.22047,0.000987844,0.601199,41534.5,412.761
1948,15958016,4.28836,0.000987827,0.613234,41750.1,412.957
1949,15966208,4.13459,0.000987811,0.611432,40340,413.16
1950,15974400,4.44759,0.000987794,0.637857,39447.4,413.368
1951,15982592,4.35786,0.000987777,0.618038,38810.5,413.579
1952,15990784,4.10476,0.00098776,0.594896,42508.5,413.771
1953,15998976,4.20424,0.000987744,0.606869,42232.7,413.965
1954,16007168,4.3185,0.000987727,0.589274,41541.4,414.162
1955,16015360,4.24703,0.00098771,0.622052,34764.6,414.398
1956,16023552,4.12101,0.000987693,0.577375,38383.5,414.612
1957,16031744,4.2703,0.000987676,0.650585,41916.3,414.807
1958,16039936,4.13812,0.000987659,0.601181,42516.3,415
1959,16048128,4.08501,0.000987643,0.584796,41543.2,415.197
1960,16056320,4.40046,0.000987626,0.65299,36940.4,415.419
1961,16064512,4.09306,0.000987609,0.609338,37024.8,415.64
1962,16072704,4.30677,0.000987592,0.620989,42305.9,415.834
1963,16080896,4.48074,0.000987575,0.613022,42336.2,416.027
1964,16089088,4.28631,0.000987558,0.637856,40388.2,416.23
1965,16097280,4.19795,0.000987541,0.6168,38164.2,416.445
1966,16105472,4.28811,0.000987524,0.622836,40202.9,416.648
1967,16113664,4.31635,0.000987507,0.595814,41457.1,416.846
1968,16121856,4.38177,0.00098749,0.615186,41754.7,417.042
1969,16130048,4.2818,0.000987473,0.631952,40235.4,417.246
1970,16138240,4.33879,0.000987456,0.662605,38428.5,417.459
1971,16146432,4.34247,0.000987439,0.76042,37577.1,417.677
1972,16154624,4.2588,0.000987422,0.608289,42194.4,417.871
1973,16162816,4.36063,0.000987405,0.62483,42465.8,418.064
1974,16171008,4.34528,0.000987388,0.617624,40881.1,418.264
1975,16179200,4.40237,0.000987371,0.618129,39530.8,418.472
1976,16187392,4.2727,0.000987354,0.6393,41052,418.671
1977,16195584,4.25587,0.000987337,0.62424,41943.9,418.866
1978,16203776,4.29827,0.00098732,0.656954,42020.3,419.061
1979,16211968,4.2876,0.000987303,0.637347,42429.9,419.254
1980,16220160,4.38789,0.000987286,0.631453,35405.8,419.486
1981,16228352,4.17529,0.000987269,0.602491,35563.5,419.716
1982,16236544,4.32545,0.000987251,0.61742,42378.6,419.909
1983,16244736,4.32665,0.000987234,0.620138,42411.9,420.103
1984,16252928,4.29526,0.000987217,0.589471,41426.1,420.3
1985,16261120,4.31216,0.0009872,0.613642,37984.4,420.516
1986,16269312,4.2076,0.000987183,0.588245,38395.7,420.729
1987,16277504,4.34764,0.000987166,0.615492,41494.1,420.927
1988,16285696,4.29099,0.000987148,0.649634,42329.8,421.12
1989,16293888,4.17804,0.000987131,0.591669,41142.1,421.319
1990,16302080,4.0961,0.000987114,0.634794,38774.6,421.531
1991,16310272,4.37079,0.000987097,0.635153,37525,421.749
1992,16318464,4.32899,0.00098708,0.621831,41326.2,421.947
1993,16326656,4.27043,0.000987062,0.64857,42295.8,422.141
1994,16334848,4.30149,0.000987045,0.630943,41452.1,422.339
1995,16343040,4.14981,0.000987028,0.65147,39218.4,422.547
1996,16351232,4.34238,0.00098701,0.622403,39003.8,422.757
1997,16359424,4.1424,0.000986993,0.684743,41370.1,422.955
1998,16367616,4.2006,0.000986976,0.585971,42065.8,423.15
1999,16375808,4.32855,0.000986958,0.609216,41447.1,423.348
2000,16384000,4.40757,0.000986941,0.665413,39137.1,423.557
2001,16392192,4.30379,0.000986924,0.628607,39241.7,423.766
2002,16400384,4.26704,0.000986906,0.631527,42447.8,423.959
2003,16408576,4.20007,0.000986889,0.629129,42375.3,424.152
2004,16416768,4.28862,0.000986872,0.596741,42062.2,424.347
2005,16424960,4.30449,0.000986854,0.606415,35095.1,424.58
2006,16433152,4.27567,0.000986837,0.652257,39095.1,424.79
2007,16441344,4.14617,0.00098682,0.589508,41572.1,424.987
2008,16449536,4.20811,0.000986802,0.645957,41903.8,425.183
2009,16457728,4.35432,0.000986785,0.729811,41632,425.379
2010,16465920,4.32746,0.000986767,0.603179,37162,425.6
2011,16474112,4.23984,0.00098675,0.624583,37518.3,425.818
2012,16482304,4.47433,0.000986732,0.628205,42108.8,426.013
2013,16490496,4.19767,0.000986715,0.625335,42247,426.207
2014,16498688,4.29725,0.000986697,0.589177,41366.5,426.405
2015,16506880,4.42174,0.00098668,0.624729,38508.6,426.617
2016,16515072,4.43583,0.000986662,0.633919,40242.7,426.821
2017,16523264,4.35813,0.000986645,0.674927,41781.8,427.017
2018,16531456,4.13916,0.000986627,0.609773,41734.6,427.213
2019,16539648,4.11271,0.00098661,0.594944,40928.8,427.413
2020,16547840,4.4029,0.000986592,0.63004,39547.9,427.621
2021,16556032,4.43122,0.000986575,0.65094,37558.3,427.839
2022,16564224,4.26748,0.000986557,0.61194,42228,428.033
2023,16572416,4.09735,0.000986539,0.621885,42299.6,428.226
2024,16580608,4.24481,0.000986522,0.596713,41283.4,428.425
2025,16588800,4.31978,0.000986504,0.61834,40610.8,428.626
2026,16596992,4.31126,0.000986487,0.599907,42128.2,428.821
2027,16605184,4.30546,0.000986469,0.624197,41971,429.016
2028,16613376,4.3901,0.000986451,0.60629,41849.5,429.212
2029,16621568,4.38484,0.000986434,0.654541,42128.5,429.406
2030,16629760,4.30434,0.000986416,0.611589,36856.3,429.629
2031,16637952,4.36251,0.000986398,0.678844,35196.2,429.861
2032,16646144,4.26331,0.000986381,0.618485,42383.2,430.055
2033,16654336,4.3844,0.000986363,0.589948,42022.5,430.25
2034,16662528,4.17345,0.000986345,0.608501,41799.1,430.446
2035,16670720,4.43834,0.000986327,0.636352,37334.4,430.665
2036,16678912,4.32558,0.00098631,0.649783,37100.9,430.886
2037,16687104,4.32524,0.000986292,0.644919,39990.8,431.091
2038,16695296,4.21031,0.000986274,0.604192,40976.9,431.291
2039,16703488,4.4357,0.000986256,0.672013,40249.1,431.494
2040,16711680,4.09633,0.000986239,0.619914,36773.8,431.717
2041,16719872,4.32945,0.000986221,0.590419,34414.9,431.955
2042,16728064,4.30675,0.000986203,0.639822,39887.4,432.16
2043,16736256,4.2139,0.000986185,0.617768,40190.4,432.364
2044,16744448,4.43174,0.000986167,0.667879,39603.7,432.571
2045,16752640,4.02129,0.000986149,0.606184,37234.8,432.791
2046,16760832,4.17689,0.000986132,0.601308,38221.2,433.005
2047,16769024,4.18192,0.000986114,0.62314,40151,433.209
2048,16777216,4.49776,0.000986096,0.613162,40657.3,433.411
2049,16785408,4.1535,0.000986078,0.619472,39307.6,433.619
2050,16793600,4.39123,0.00098606,0.583043,38214.1,433.834
2051,16801792,4.26304,0.000986042,0.603709,38463.7,434.047
2052,16809984,4.29219,0.000986024,0.616925,41378.9,434.244
2053,16818176,4.28015,0.000986006,0.645528,41993.7,434.44
2054,16826368,4.24272,0.000985988,0.615932,41113.5,434.639
2055,16834560,4.18179,0.00098597,0.632427,34504,434.876
2056,16842752,4.14641,0.000985952,0.642264,38707,435.088
2057,16850944,4.25697,0.000985934,0.673876,41614.7,435.285
2058,16859136,4.23507,0.000985916,0.616333,42085.5,435.479
2059,16867328,4.49477,0.000985898,0.69463,40707.1,435.681
2060,16875520,4.18775,0.00098588,0.588588,37339.6,435.9
2061,16883712,4.21229,0.000985862,0.604247,37026.7,436.121
2062,16891904,4.36495,0.000985844,0.655595,42066.6,436.316
2063,16900096,4.2423,0.000985826,0.611726,42163,436.51
2064,16908288,4.37591,0.000985808,0.611407,40389.8,436.713
2065,16916480,4.25282,0.00098579,0.671665,37787.5,436.93
2066,16924672,4.39285,0.000985772,0.660366,39070.8,437.14
2067,16932864,4.48498,0.000985754,0.62302,41229.2,437.338
2068,16941056,4.12068,0.000985736,0.61977,41566.3,437.535
2069,16949248,4.15944,0.000985718,0.614703,40641.1,437.737
2070,16957440,4.31672,0.0009857,0.612857,38446.2,437.95
2071,16965632,4.31034,0.000985682,0.646982,37790.9,438.167
2072,16973824,4.38404,0.000985663,0.646931,41992.4,438.362
2073,16982016,4.26562,0.000985645,0.695096,42148.4,438.556
2074,16990208,4.23981,0.000985627,0.622683,40658.9,438.758
2075,16998400,4.3658,0.000985609,0.638429,38414.4,438.971
2076,17006592,4.2475,0.000985591,0.606981,42199.1,439.165
2077,17014784,4.23665,0.000985573,0.641531,40904.9,439.365
2078,17022976,4.34439,0.000985554,0.635844,41894.9,439.561
2079,17031168,4.34773,0.000985536,0.612312,41612.7,439.758
2080,17039360,4.15534,0.000985518,0.621692,35191.9,439.991
2081,17047552,4.2982,0.0009855,0.624052,36123.6,440.217
2082,17055744,4.17856,0.000985481,0.654954,42202.4,440.411
2083,17063936,4.24866,0.000985463,0.583465,42474.2,440.604
2084,17072128,4.2055,0.000985445,0.646693,40504.1,440.807
2085,17080320,4.37771,0.000985426,0.615781,37169.8,441.027
2086,17088512,4.36416,0.000985408,0.625421,38241.7,441.241
2087,17096704,4.22479,0.00098539,0.642826,41709.1,441.438
2088,17104896,4.4506,0.000985372,0.64755,41714.8,441.634
2089,17113088,4.40902,0.000985353,0.634822,41052.4,441.833
2090,17121280,4.30057,0.000985335,0.623633,38256,442.048
2091,17129472,4.30997,0.000985316,0.591155,36005.5,442.275
2092,17137664,4.10923,0.000985298,0.639599,42018,442.47
2093,17145856,4.34624,0.00098528,0.605377,42640.9,442.662
2094,17154048,4.21783,0.000985261,0.645423,41107.7,442.862
2095,17162240,4.30063,0.000985243,0.60619,39211.9,443.07
2096,17170432,4.27128,0.000985224,0.60443,39246.7,443.279
2097,17178624,4.16232,0.000985206,0.592719,40974.5,443.479
2098,17186816,4.36433,0.000985188,0.609093,41493.5,443.677
2099,17195008,4.18745,0.000985169,0.634736,41243.1,443.875
2100,17203200,4.25592,0.000985151,0.612929,40192.5,444.079
2101,17211392,4.36425,0.000985132,0.653739,40750.2,444.28
2102,17219584,4.45793,0.000985114,0.647004,43715.8,444.467
2103,17227776,4.05542,0.000985095,0.591018,43154.5,444.657
2104,17235968,4.26304,0.000985077,0.602972,42673,444.849
2105,17244160,3.8732,0.000985058,0.624479,35419.9,445.08
2106,17252352,4.30908,0.00098504,0.598448,38891.4,445.291
2107,17260544,4.27499,0.000985021,0.627364,42095.1,445.486
2108,17268736,4.33909,0.000985003,0.618123,42158.6,445.68
2109,17276928,4.26243,0.000984984,0.628354,41308.5,445.878
2110,17285120,4.22215,0.000984965,0.596164,37658.2,446.096
2111,17293312,4.35022,0.000984947,0.602972,37425.2,446.315
2112,17301504,4.22806,0.000984928,0.60905,42477,446.508
2113,17309696,4.17633,0.00098491,0.613312,42203.4,446.702
2114,17317888,4.12607,0.000984891,0.597067,41186.6,446.901
2115,17326080,4.41959,0.000984872,0.64111,38402.1,447.114
2116,17334272,4.39028,0.000984854,0.642005,40133.8,447.318
2117,17342464,4.35041,0.000984835,0.623571,41816.7,447.514
2118,17350656,4.3501,0.000984816,0.644863,41881.5,447.71
2119,17358848,4.38338,0.000984798,0.633615,41143.3,447.909
2120,17367040,4.20838,0.000984779,0.650282,39214.5,448.118
2121,17375232,4.15766,0.00098476,0.613293,37597.9,448.335
2122,17383424,4.24281,0.000984742,0.657863,42186.5,448.53
2123,17391616,4.25628,0.000984723,0.62444,42245.7,448.724
2124,17399808,4.13929,0.000984704,0.587212,41458.9,448.921
2125,17408000,3.96158,0.000984685,0.622528,40366.3,449.124
2126,17416192,4.30306,0.000984667,0.608264,42550.5,449.317
2127,17424384,4.23129,0.000984648,0.604261,42596.4,449.509
2128,17432576,4.10521,0.000984629,0.609391,41841.5,449.705
2129,17440768,4.21124,0.00098461,0.59914,42120.9,449.899
2130,17448960,4.28281,0.000984591,0.675946,35808.7,450.128
2131,17457152,4.47138,0.000984573,0.630909,35265.7,450.36
2132,17465344,4.12897,0.000984554,0.629907,42490.6,450.553
2133,17473536,4.14964,0.000984535,0.605489,42520.3,450.746
2134,17481728,4.2861,0.000984516,0.619967,41223.8,450.944
2135,17489920,3.96299,0.000984497,0.607739,37193.1,451.165
2136,17498112,4.29338,0.000984478,0.636829,38985.2,451.375
2137,17506304,4.28472,0.00098446,0.634733,41474.6,451.572
2138,17514496,4.2055,0.000984441,0.616987,41970.2,451.768
2139,17522688,4.21108,0.000984422,0.596374,41235.5,451.966
2140,17530880,4.28424,0.000984403,0.610603,38382.4,452.18
2141,17539072,4.2892,0.000984384,0.651811,37413.4,452.399
2142,17547264,4.18383,0.000984365,0.597296,41802.3,452.595
2143,17555456,4.25955,0.000984346,0.649702,41881.1,452.79
2144,17563648,4.29497,0.000984327,0.613442,41586,452.987
2145,17571840,3.98458,0.000984308,0.683977,38647.7,453.199
2146,17580032,4.22946,0.000984289,0.62042,39940.6,453.404
2147,17588224,4.38469,0.00098427,0.642359,41078.9,453.604
2148,17596416,4.1846,0.000984251,0.619744,42148.2,453.798
2149,17604608,4.23787,0.000984232,0.62232,41318.1,453.996
2150,17612800,4.11626,0.000984213,0.60642,39378.3,454.204
2151,17620992,4.3697,0.000984194,0.630347,39227.1,454.413
2152,17629184,4.30714,0.000984175,0.650991,42258.1,454.607
2153,17637376,4.39638,0.000984156,0.610883,42034.8,454.802
2154,17645568,4.28767,0.000984137,0.612039,42228.7,454.996
2155,17653760,4.31748,0.000984118,0.632412,36222.2,455.222
2156,17661952,4.43744,0.000984099,0.636211,37938.7,455.438
2157,17670144,4.16794,0.00098408,0.697498,41574.2,455.635
2158,17678336,4.24448,0.00098406,0.627827,42351.3,455.828
2159,17686528,4.28538,0.000984041,0.625287,41606,456.025
2160,17694720,4.15868,0.000984022,0.605887,37494.6,456.244
2161,17702912,4.39545,0.000984003,0.626319,37071.7,456.465
2162,17711104,4.1788,0.000983984,0.605678,41837.6,456.661
2163,17719296,4.2463,0.000983965,0.627687,42623.3,456.853
2164,17727488,4.28678,0.000983945,0.627997,41159,457.052
2165,17735680,4.31171,0.000983926,0.611349,38461.2,457.265
2166,17743872,4.20011,0.000983907,0.622674,39768.6,457.471
2167,17752064,4.23197,0.000983888,0.591185,41630.8,457.668
2168,17760256,4.31942,0.000983869,0.612185,42211.6,457.862
2169,17768448,4.31314,0.000983849,0.635502,41563.4,458.059
2170,17776640,4.28576,0.00098383,0.628811,39694.7,458.265
2171,17784832,4.12135,0.000983811,0.636859,36996.6,458.487
2172,17793024,4.38297,0.000983792,0.64502,42637.3,458.679
2173,17801216,4.1876,0.000983772,0.614026,41977.8,458.874
2174,17809408,4.27029,0.000983753,0.671392,42187.4,459.068
2175,17817600,4.25426,0.000983734,0.633678,40118.5,459.272
2176,17825792,4.29694,0.000983714,0.606239,42311.9,459.466
2177,17833984,4.31164,0.000983695,0.640677,43830.6,459.653
2178,17842176,4.3906,0.000983676,0.631013,44390.6,459.837
2179,17850368,4.23833,0.000983656,0.623815,44331.3,460.022
2180,17858560,4.22782,0.000983637,0.68902,38146.4,460.237
2181,17866752,4.2488,0.000983618,0.652578,35649.6,460.467
2182,17874944,4.44768,0.000983598,0.663019,42393.8,460.66
2183,17883136,4.20748,0.000983579,0.649295,42993.8,460.85
2184,17891328,4.23302,0.000983559,0.607177,42873.4,461.041
2185,17899520,4.20472,0.00098354,0.626272,38225.8,461.256
2186,17907712,4.38418,0.00098352,0.637878,37951.8,461.472
2187,17915904,3.97974,0.000983501,0.623739,40822.2,461.672
2188,17924096,4.3038,0.000983482,0.613935,42016.5,461.867
2189,17932288,4.0773,0.000983462,0.608525,42459,462.06
2190,17940480,4.0506,0.000983443,0.625279,39304.2,462.269
2191,17948672,4.15185,0.000983423,0.636533,35556.9,462.499
2192,17956864,4.15653,0.000983404,0.648484,41557.4,462.696
2193,17965056,4.45404,0.000983384,0.614095,42076.1,462.891
2194,17973248,4.26786,0.000983365,0.62846,42030.8,463.086
2195,17981440,4.35901,0.000983345,0.606967,40197.1,463.29
2196,17989632,4.36124,0.000983326,0.607882,39321.7,463.498
2197,17997824,4.28277,0.000983306,0.609716,40942.4,463.698
2198,18006016,4.29061,0.000983286,0.649546,41837.4,463.894
2199,18014208,4.00376,0.000983267,0.585752,41449.6,464.091
2200,18022400,4.04707,0.000983247,0.632725,40050.7,464.296
2201,18030592,4.19103,0.000983228,0.634851,39725.9,464.502
2202,18038784,4.4139,0.000983208,0.659528,41945.3,464.697
2203,18046976,4.30075,0.000983188,0.610329,41698.9,464.894
2204,18055168,4.15761,0.000983169,0.60607,41781.7,465.09
2205,18063360,4.25034,0.000983149,0.600973,35057.4,465.324
2206,18071552,4.19274,0.000983129,0.620781,40170.7,465.528
2207,18079744,4.50362,0.00098311,0.705008,41302.8,465.726
2208,18087936,4.08687,0.00098309,0.621502,41948.8,465.921
2209,18096128,4.28052,0.00098307,0.621529,41303.8,466.12
2210,18104320,4.13192,0.000983051,0.59685,36838.9,466.342
2211,18112512,4.45443,0.000983031,0.642207,37515.1,466.56
2212,18120704,4.31745,0.000983011,0.623763,41681.1,466.757
2213,18128896,4.34928,0.000982992,0.615423,42461.1,466.95
2214,18137088,4.19941,0.000982972,0.623691,41332.2,467.148
2215,18145280,4.29678,0.000982952,0.628797,38789.3,467.359
2216,18153472,4.31266,0.000982932,0.685892,39975.8,467.564
2217,18161664,4.12044,0.000982912,0.639053,41424.6,467.762
2218,18169856,4.24482,0.000982893,0.600435,42568.8,467.954
2219,18178048,4.25954,0.000982873,0.612064,40945.6,468.154
2220,18186240,4.28457,0.000982853,0.636864,39193.4,468.363
2221,18194432,4.16064,0.000982833,0.611045,37865.6,468.58
2222,18202624,4.22495,0.000982813,0.634335,42432,468.773
2223,18210816,4.17483,0.000982794,0.61031,42093.4,468.967
2224,18219008,4.09153,0.000982774,0.602953,40929.2,469.168
2225,18227200,4.38573,0.000982754,0.630272,39939.1,469.373
2226,18235392,4.23423,0.000982734,0.610232,42372.4,469.566
2227,18243584,4.13058,0.000982714,0.618644,41923.9,469.761
2228,18251776,4.08046,0.000982694,0.597565,42079.6,469.956
2229,18259968,4.27324,0.000982674,0.608773,41905.1,470.152
2230,18268160,4.1714,0.000982654,0.615185,35649.7,470.381
2231,18276352,4.33639,0.000982634,0.618574,36300.7,470.607
2232,18284544,4.19656,0.000982614,0.609564,41980.2,470.802
2233,18292736,4.14333,0.000982594,0.59944,42483.3,470.995
2234,18300928,4.23461,0.000982574,0.642737,41790.3,471.191
2235,18309120,4.15705,0.000982554,0.596941,37708.4,471.408
2236,18317312,4.37407,0.000982534,0.727675,39278.1,471.617
2237,18325504,4.28619,0.000982514,0.653755,41623.1,471.814
2238,18333696,4.2964,0.000982494,0.648758,42012.7,472.009
2239,18341888,4.2043,0.000982474,0.642754,41925.9,472.204
2240,18350080,4.11121,0.000982454,0.639854,39027.2,472.414
2241,18358272,4.33981,0.000982434,0.614688,37112.7,472.635
2242,18366464,4.22069,0.000982414,0.623118,41273.7,472.833
2243,18374656,4.28204,0.000982394,0.633793,41936.3,473.028
2244,18382848,4.26297,0.000982374,0.632119,42113.7,473.223
2245,18391040,4.14817,0.000982354,0.597851,39981.7,473.428
2246,18399232,4.27119,0.000982334,0.63837,39115.9,473.637
2247,18407424,4.3676,0.000982314,0.626696,40918.9,473.838
2248,18415616,4.17968,0.000982294,0.62917,42454.1,474.03
2249,18423808,4.23405,0.000982273,0.614935,42314.9,474.224
2250,18432000,4.18731,0.000982253,0.602877,40658.9,474.426
2251,18440192,4.32527,0.000982233,0.610652,39239.2,474.634
2252,18448384,4.16992,0.000982213,0.630098,43612,474.822
2253,18456576,4.11893,0.000982193,0.594804,43640.6,475.01
2254,18464768,4.03901,0.000982173,0.614116,43405.2,475.199
2255,18472960,4.29731,0.000982152,0.616422,35817.4,475.427
2256,18481152,4.20026,0.000982132,0.64204,37534.1,475.646
2257,18489344,4.06308,0.000982112,0.624133,42316.9,475.839
2258,18497536,4.38281,0.000982092,0.671769,42469.5,476.032
2259,18505728,4.19299,0.000982071,0.641348,42452.5,476.225
2260,18513920,4.30286,0.000982051,0.615999,37544.4,476.443
2261,18522112,4.34305,0.000982031,0.626528,36929.5,476.665
2262,18530304,4.10485,0.000982011,0.639635,42439.5,476.858
2263,18538496,4.08379,0.00098199,0.567983,43360.4,477.047
2264,18546688,4.45192,0.00098197,0.648878,41705.1,477.243
2265,18554880,4.31721,0.00098195,0.693954,38623,477.456
2266,18563072,4.23674,0.000981929,0.642791,39077.3,477.665
2267,18571264,4.04626,0.000981909,0.583205,42346.4,477.859
2268,18579456,4.34281,0.000981889,0.630425,42676.6,478.051
2269,18587648,4.14778,0.000981868,0.5944,41669,478.247
2270,18595840,4.16521,0.000981848,0.591561,39420.4,478.455
2271,18604032,4.12295,0.000981828,0.619497,37580.9,478.673
2272,18612224,4.10092,0.000981807,0.602919,42205.6,478.867
2273,18620416,4.23324,0.000981787,0.645909,42371.5,479.06
2274,18628608,4.31211,0.000981766,0.631277,42020.3,479.255
2275,18636800,4.17706,0.000981746,0.613991,40419.7,479.458
2276,18644992,4.22947,0.000981725,0.62939,42645,479.65
2277,18653184,4.14701,0.000981705,0.647138,42551.2,479.843
2278,18661376,4.3307,0.000981684,0.61191,42536.4,480.035
2279,18669568,4.11839,0.000981664,0.638314,42602.4,480.228
2280,18677760,4.19028,0.000981643,0.622357,35859.6,480.456
2281,18685952,4.16449,0.000981623,0.62911,37529.9,480.674
2282,18694144,4.16973,0.000981602,0.62238,42654.3,480.866
2283,18702336,4.25675,0.000981582,0.628922,42678,481.058
2284,18710528,4.01828,0.000981561,0.609792,41604.8,481.255
2285,18718720,4.37212,0.000981541,0.635875,37630.8,481.473
2286,18726912,4.39524,0.00098152,0.598671,40026.2,481.678
2287,18735104,4.19635,0.0009815,0.596707,42254.4,481.871
2288,18743296,4.36589,0.000981479,0.594683,42665.5,482.063
2289,18751488,4.31792,0.000981459,0.575842,41413.8,482.261
2290,18759680,4.24993,0.000981438,0.66133,38927.1,482.472
2291,18767872,4.20218,0.000981417,0.652436,37630.8,482.689
2292,18776064,4.2605,0.000981397,0.593674,42630.6,482.882
2293,18784256,4.37679,0.000981376,0.631057,42378.4,483.075
2294,18792448,4.18177,0.000981355,0.600827,41725,483.271
2295,18800640,4.27858,0.000981335,0.610328,39136.2,483.48
2296,18808832,4.19318,0.000981314,0.614185,40123.5,483.685
2297,18817024,4.11085,0.000981293,0.618012,41733.8,483.881
2298,18825216,4.15366,0.000981273,0.602366,42311.9,484.075
2299,18833408,4.25128,0.000981252,0.643676,41468.1,484.272
2300,18841600,4.20117,0.000981231,0.604647,40230.9,484.476
2301,18849792,4.2606,0.000981211,0.61349,40859,484.676
2302,18857984,3.91259,0.00098119,0.607478,43383.7,484.865
2303,18866176,4.19909,0.000981169,0.625364,43109,485.055
2304,18874368,4.17928,0.000981148,0.6249,42676.1,485.247
2305,18882560,4.17656,0.000981128,0.615116,36457,485.472
2306,18890752,4.17004,0.000981107,0.613744,39626.4,485.678
2307,18898944,4.10041,0.000981086,0.591085,42096,485.873
2308,18907136,4.12318,0.000981065,0.588904,43351,486.062
2309,18915328,4.16747,0.000981044,0.632296,42270.8,486.256
2310,18923520,4.30696,0.000981024,0.62932,37785.6,486.473
2311,18931712,4.3328,0.000981003,0.620786,37597.5,486.691
2312,18939904,4.30814,0.000980982,0.628119,42452.8,486.883
2313,18948096,4.26751,0.000980961,0.622151,43424.3,487.072
2314,18956288,4.34516,0.00098094,0.610598,43067,487.262
2315,18964480,4.14991,0.000980919,0.649648,43114,487.452
2316,18972672,4.3991,0.000980898,0.622809,42572.9,487.645
2317,18980864,3.9745,0.000980878,0.609565,36084.6,487.872
2318,18989056,4.1687,0.000980857,0.630205,38993.9,488.082
2319,18997248,4.3331,0.000980836,0.631933,42640.6,488.274
2320,19005440,4.1975,0.000980815,0.620523,43128.3,488.464
2321,19013632,4.2567,0.000980794,0.643484,39474.6,488.671
2322,19021824,4.18663,0.000980773,0.65474,38732,488.883
2323,19030016,4.10962,0.000980752,0.595135,39217.9,489.092
2324,19038208,4.20598,0.000980731,0.615889,41929.5,489.287
2325,19046400,4.28565,0.00098071,0.682254,42593.3,489.48
2326,19054592,4.0821,0.000980689,0.633237,41495.2,489.677
2327,19062784,4.37382,0.000980668,0.648338,41136.8,489.876
2328,19070976,4.33698,0.000980647,0.623977,41341.2,490.074
2329,19079168,4.26136,0.000980626,0.5935,42135.3,490.269
2330,19087360,4.21945,0.000980605,0.635181,35933.3,490.497
2331,19095552,4.30927,0.000980584,0.633777,35949.5,490.725
2332,19103744,4.27959,0.000980563,0.609785,41645.4,490.921
2333,19111936,4.16584,0.000980542,0.617917,42082.7,491.116
2334,19120128,4.38112,0.00098052,0.696601,41814.2,491.312
2335,19128320,4.30446,0.000980499,0.697189,37320.1,491.531
2336,19136512,4.02359,0.000980478,0.61292,38993.9,491.741
2337,19144704,4.13331,0.000980457,0.606844,41610.1,491.938
2338,19152896,3.94419,0.000980436,0.596963,41911.3,492.134
2339,19161088,4.06302,0.000980415,0.674646,41229.5,492.332
2340,19169280,4.28726,0.000980394,0.635502,38758.4,492.544
2341,19177472,4.16657,0.000980372,0.629751,37369.3,492.763
2342,19185664,4.1973,0.000980351,0.701087,41731.7,492.959
2343,19193856,4.30459,0.00098033,0.651494,42005,493.154
2344,19202048,3.74581,0.000980309,0.598048,40873.7,493.355
2345,19210240,4.26454,0.000980288,0.649641,39170.6,493.564
2346,19218432,4.09499,0.000980266,0.639902,39901.2,493.769
2347,19226624,4.20529,0.000980245,0.637606,41525.8,493.967
2348,19234816,4.31452,0.000980224,0.614834,41226,494.165
2349,19243008,4.31463,0.000980203,0.604429,40822,494.366
2350,19251200,4.29416,0.000980181,0.604051,40155.8,494.57
2351,19259392,4.43809,0.00098016,0.617417,39942.3,494.775
2352,19267584,3.95489,0.000980139,0.613519,41658.6,494.972
2353,19275776,4.26389,0.000980118,0.620692,41980.6,495.167
2354,19283968,3.98106,0.000980096,0.637995,41882.8,495.362
2355,19292160,4.23969,0.000980075,0.635162,34592.2,495.599
2356,19300352,4.22525,0.000980054,0.618379,38106.3,495.814
2357,19308544,4.18323,0.000980032,0.640466,41909.3,496.01
2358,19316736,4.16981,0.000980011,0.621075,41876.6,496.205
2359,19324928,4.27117,0.000979989,0.617638,40415.7,496.408
2360,19333120,4.09049,0.000979968,0.639144,37072.6,496.629
2361,19341312,4.22432,0.000979947,0.630829,36959.6,496.851
2362,19349504,4.19942,0.000979925,0.621652,42441.3,497.044
2363,19357696,4.00231,0.000979904,0.595857,41702.3,497.24
2364,19365888,4.22536,0.000979882,0.58998,41433.6,497.438
2365,19374080,4.26184,0.000979861,0.604893,38793.1,497.649
2366,19382272,4.22551,0.00097984,0.604642,39686.2,497.855
2367,19390464,4.29443,0.000979818,0.61197,41941.5,498.051
2368,19398656,4.0587,0.000979797,0.60087,42046.4,498.245
2369,19406848,4.15295,0.000979775,0.639297,41053.8,498.445
2370,19415040,4.28317,0.000979754,0.608552,39230,498.654
2371,19423232,4.16763,0.000979732,0.64181,37642.3,498.871
2372,19431424,4.33096,0.000979711,0.60117,42256.4,499.065
2373,19439616,3.99361,0.000979689,0.620391,42317.7,499.259
2374,19447808,4.13893,0.000979668,0.643484,41045.8,499.459
2375,19456000,4.48506,0.000979646,0.659737,40390.8,499.661
2376,19464192,4.06717,0.000979624,0.63118,41100.2,499.861
2377,19472384,4.24018,0.000979603,0.604593,41524.4,500.058
2378,19480576,4.17357,0.000979581,0.641108,42037.1,500.253
2379,19488768,4.0691,0.00097956,0.581837,41762.1,500.449
2380,19496960,4.33003,0.000979538,0.621708,35289.3,500.681
2381,19505152,4.13247,0.000979516,0.614172,36163.7,500.908
2382,19513344,4.19534,0.000979495,0.645238,42138.3,501.102
2383,19521536,4.21538,0.000979473,0.659667,42054.5,501.297
2384,19529728,3.99595,0.000979451,0.590466,40870.5,501.497
2385,19537920,4.33193,0.00097943,0.620675,37466.7,501.716
2386,19546112,4.21909,0.000979408,0.61202,39149.2,501.925
2387,19554304,4.10435,0.000979386,0.624293,41321.3,502.123
2388,19562496,4.18525,0.000979365,0.616002,42467.8,502.316
2389,19570688,4.33751,0.000979343,0.587264,41509,502.514
2390,19578880,4.14536,0.000979321,0.648802,38511.6,502.726
2391,19587072,4.26272,0.0009793,0.652713,37843.9,502.943
2392,19595264,4.16383,0.000979278,0.623016,42082.6,503.138
2393,19603456,4.18033,0.000979256,0.654316,42718.6,503.329
2394,19611648,4.17474,0.000979234,0.609307,41289.9,503.528
2395,19619840,4.27818,0.000979213,0.640151,39733.3,503.734
2396,19628032,4.26345,0.000979191,0.621848,39748.3,503.94
2397,19636224,4.23346,0.000979169,0.612358,42781.3,504.131
2398,19644416,4.26088,0.000979147,0.655028,43742.8,504.319
2399,19652608,4.20139,0.000979125,0.611297,41610.8,504.516
2400,19660800,4.1105,0.000979104,0.625877,40189.8,504.719
2401,19668992,4.26909,0.000979082,0.64174,39610.8,504.926
2402,19677184,4.02526,0.00097906,0.614471,42286.9,505.12
2403,19685376,4.13347,0.000979038,0.622352,42326.2,505.314
2404,19693568,4.21177,0.000979016,0.620442,42924.4,505.504
2405,19701760,4.4185,0.000978994,0.625834,36083.6,505.731
2406,19709952,4.13387,0.000978972,0.595058,38802,505.943
2407,19718144,4.23689,0.00097895,0.66451,41865.6,506.138
2408,19726336,4.28284,0.000978928,0.652695,42397.8,506.331
2409,19734528,4.1133,0.000978907,0.590623,42115.3,506.526
2410,19742720,4.14614,0.000978885,0.592618,37636.8,506.744
2411,19750912,4.03822,0.000978863,0.609994,37196.8,506.964
2412,19759104,4.17934,0.000978841,0.622824,42197.5,507.158
2413,19767296,3.99962,0.000978819,0.609404,42134.1,507.352
2414,19775488,4.47437,0.000978797,0.625149,41992.1,507.547
2415,19783680,4.28694,0.000978775,0.64965,38784.9,507.759
2416,19791872,4.27664,0.000978753,0.64808,39600.2,507.966
2417,19800064,4.34511,0.000978731,0.641242,41486.9,508.163
2418,19808256,4.18255,0.000978709,0.628719,42053.8,508.358
2419,19816448,4.26,0.000978687,0.64588,41731,508.554
2420,19824640,4.11666,0.000978665,0.630617,39570.2,508.761
2421,19832832,4.33877,0.000978643,0.646197,37435.9,508.98
2422,19841024,3.94758,0.00097862,0.606591,41276.4,509.178
2423,19849216,4.09328,0.000978598,0.617679,41299.8,509.377
2424,19857408,4.08723,0.000978576,0.63689,41889.5,509.572
2425,19865600,4.24075,0.000978554,0.632728,39726.5,509.779
2426,19873792,4.18752,0.000978532,0.621546,41485.2,509.976
2427,19881984,4.07101,0.00097851,0.601402,41743.5,510.172
2428,19890176,4.1452,0.000978488,0.631799,41440.8,510.37
2429,19898368,3.98793,0.000978466,0.642782,42438.7,510.563
2430,19906560,4.21589,0.000978443,0.623514,35540.7,510.793
2431,19914752,4.17806,0.000978421,0.629125,36024.8,511.021
2432,19922944,4.33904,0.000978399,0.613633,41942.7,511.216
2433,19931136,4.23711,0.000978377,0.594086,42553.6,511.409
2434,19939328,4.03602,0.000978355,0.606281,42447.1,511.602
2435,19947520,4.3081,0.000978332,0.626591,37782.1,511.818
2436,19955712,4.13646,0.00097831,0.631097,39176.8,512.028
2437,19963904,4.19849,0.000978288,0.657902,41599.2,512.225
2438,19972096,4.24331,0.000978266,0.634907,42184.1,512.419
2439,19980288,4.09784,0.000978243,0.647203,41061.8,512.618
2440,19988480,4.27053,0.000978221,0.614152,38858.1,512.829
2441,19996672,3.95279,0.000978199,0.587714,37170.5,513.049
2442,20004864,4.21287,0.000978177,0.601982,42143.1,513.244
2443,20013056,4.15849,0.000978154,0.592942,41853.1,513.44
2444,20021248,4.40021,0.000978132,0.620863,41052.8,513.639
2445,20029440,3.96497,0.00097811,0.620989,39987.9,513.844
2446,20037632,4.15941,0.000978087,0.594413,40108.3,514.048
2447,20045824,4.04312,0.000978065,0.598191,41368.9,514.246
2448,20054016,4.28559,0.000978043,0.65754,41637.3,514.443
2449,20062208,4.33215,0.00097802,0.623017,41379.2,514.641
2450,20070400,4.15014,0.000977998,0.625736,40379,514.844
2451,20078592,4.10384,0.000977975,0.611591,38128.8,515.059
2452,20086784,4.17939,0.000977953,0.620512,43194.8,515.248
2453,20094976,4.12513,0.000977931,0.641061,42824.5,515.44
2454,20103168,4.17939,0.000977908,0.608326,43301.4,515.629
2455,20111360,4.13511,0.000977886,0.609284,34170.5,515.869
2456,20119552,4.29142,0.000977863,0.624762,37694.3,516.086
2457,20127744,3.94505,0.000977841,0.629132,41678.8,516.282
2458,20135936,4.07285,0.000977818,0.602151,41793.3,516.478
2459,20144128,4.25727,0.000977796,0.603835,41266.3,516.677
2460,20152320,4.20351,0.000977773,0.616828,37135.8,516.898
2461,20160512,4.1708,0.000977751,0.606162,36585.4,517.121
2462,20168704,4.18615,0.000977728,0.614689,41972.4,517.317
2463,20176896,4.0439,0.000977706,0.61838,41881.4,517.512
2464,20185088,4.13666,0.000977683,0.597463,40736.2,517.713
2465,20193280,4.06265,0.000977661,0.618358,38792.1,517.925
2466,20201472,4.23015,0.000977638,0.628851,39575.1,518.132
2467,20209664,4.19477,0.000977616,0.609602,41435.5,518.329
2468,20217856,4.15592,0.000977593,0.611688,41603.2,518.526
2469,20226048,4.10678,0.00097757,0.62496,41272.2,518.725
2470,20234240,4.11732,0.000977548,0.634713,39333.3,518.933
2471,20242432,4.29375,0.000977525,0.603027,37731.2,519.15
2472,20250624,4.10322,0.000977503,0.639269,41646.2,519.347
2473,20258816,4.11774,0.00097748,0.644642,42069,519.541
2474,20267008,4.25898,0.000977457,0.606218,41043.4,519.741
2475,20275200,4.28279,0.000977435,0.655662,39655.7,519.948
2476,20283392,4.19267,0.000977412,0.64428,40381.5,520.15
2477,20291584,4.01755,0.000977389,0.648028,41451.2,520.348
2478,20299776,4.14444,0.000977366,0.636106,41880.3,520.544
2479,20307968,4.13775,0.000977344,0.607068,40484.6,520.746
2480,20316160,4.32133,0.000977321,0.658376,34711.9,520.982
2481,20324352,4.18582,0.000977298,0.597191,36760.7,521.205
2482,20332544,4.20943,0.000977276,0.612053,41774.5,521.401
2483,20340736,4.03252,0.000977253,0.629836,42198.3,521.595
2484,20348928,4.2618,0.00097723,0.636064,41861.9,521.791
2485,20357120,4.03658,0.000977207,0.625722,37628.8,522.009
2486,20365312,4.21887,0.000977185,0.626174,39764.7,522.215
2487,20373504,4.13332,0.000977162,0.610987,41705.9,522.411
2488,20381696,4.24156,0.000977139,0.65815,42178.6,522.605
2489,20389888,4.1551,0.000977116,0.608866,41628.2,522.802
2490,20398080,4.10169,0.000977093,0.606871,39057.8,523.012
2491,20406272,4.0619,0.00097707,0.604997,37485.6,523.23
2492,20414464,4.16432,0.000977048,0.59225,42446.2,523.423
2493,20422656,4.1607,0.000977025,0.603196,41955.5,523.619
2494,20430848,3.99415,0.000977002,0.621995,40728.9,523.82
2495,20439040,4.06706,0.000976979,0.61747,39902.8,524.025
2496,20447232,4.15508,0.000976956,0.637254,39945.8,524.23
2497,20455424,4.21066,0.000976933,0.624062,41460.2,524.428
2498,20463616,4.15051,0.00097691,0.646714,41961.5,524.623
2499,20471808,4.09871,0.000976887,0.588035,41011.3,524.823
2500,20480000,4.06894,0.000976864,0.656068,40006.8,525.027
2501,20488192,4.07287,0.000976841,0.599045,39413.5,525.235
2502,20496384,4.14251,0.000976818,0.626243,41707,525.432
2503,20504576,4.2473,0.000976795,0.642142,42259.2,525.625
2504,20512768,4.29971,0.000976772,0.603397,40996.4,525.825
2505,20520960,4.1931,0.000976749,0.628381,34857.9,526.06
2506,20529152,4.22843,0.000976726,0.620002,39237.5,526.269
2507,20537344,4.23459,0.000976703,0.637471,41427.6,526.467
2508,20545536,4.31275,0.00097668,0.60967,41947.5,526.662
2509,20553728,4.29679,0.000976657,0.631551,41411,526.86
2510,20561920,4.34228,0.000976634,0.630607,37733.6,527.077
2511,20570112,4.27497,0.000976611,0.629732,37393.4,527.296
2512,20578304,4.11799,0.000976588,0.636601,41754.5,527.492
2513,20586496,4.22534,0.000976565,0.596108,41560.5,527.689
2514,20594688,4.28278,0.000976542,0.6438,41342.8,527.888
2515,20602880,4.10215,0.000976519,0.619628,38697.2,528.099
2516,20611072,4.11134,0.000976496,0.632244,38948.1,528.31
2517,20619264,4.22179,0.000976473,0.623318,41565.4,528.507
2518,20627456,4.31314,0.00097645,0.665525,41698.9,528.703
2519,20635648,4.0339,0.000976426,0.598613,41165.4,528.902
2520,20643840,4.21368,0.000976403,0.609703,39113.8,529.112
2521,20652032,4.13263,0.00097638,0.629399,36339.9,529.337
2522,20660224,4.18723,0.000976357,0.619182,41814,529.533
2523,20668416,4.0046,0.000976334,0.596589,41902.9,529.728
2524,20676608,4.30848,0.00097631,0.638425,40912.4,529.929
2525,20684800,4.20987,0.000976287,0.621442,39357.8,530.137
2526,20692992,4.16224,0.000976264,0.610356,41785.5,530.333
2527,20701184,4.19457,0.000976241,0.642844,41259.9,530.531
2528,20709376,4.10005,0.000976217,0.611419,41662.1,530.728
2529,20717568,4.18292,0.000976194,0.627761,41511.9,530.925
2530,20725760,4.17583,0.000976171,0.632882,35824.7,531.154
2531,20733952,4.14987,0.000976148,0.593016,35576.7,531.384
2532,20742144,4.26144,0.000976124,0.627559,41529,531.582
2533,20750336,4.33876,0.000976101,0.611684,41703.3,531.778
2534,20758528,4.18021,0.000976078,0.60429,41712,531.974
2535,20766720,4.15212,0.000976054,0.600066,37999.2,532.19
2536,20774912,4.38638,0.000976031,0.611737,39123.7,532.399
2537,20783104,4.31762,0.000976008,0.637995,41437.1,532.597
2538,20791296,4.00397,0.000975984,0.644056,42237.3,532.791
2539,20799488,4.04965,0.000975961,0.609823,41661.2,532.988
2540,20807680,4.14403,0.000975938,0.764741,39513.6,533.195
2541,20815872,4.16846,0.000975914,0.628843,36542.5,533.419
2542,20824064,4.13681,0.000975891,0.616864,42255.3,533.613
2543,20832256,4.09053,0.000975867,0.603216,42533.8,533.806
2544,20840448,4.07624,0.000975844,0.621051,41405.8,534.003
2545,20848640,4.26147,0.000975821,0.65434,39601.6,534.21
2546,20856832,4.17182,0.000975797,0.646712,38955.9,534.421
2547,20865024,4.26082,0.000975774,0.605051,41565.1,534.618
2548,20873216,4.17006,0.00097575,0.628687,41374,534.816
2549,20881408,4.00613,0.000975727,0.600039,41108.6,535.015
2550,20889600,4.13751,0.000975703,0.611987,39776.3,535.221
2551,20897792,4.20469,0.00097568,0.629679,37603.3,535.439
2552,20905984,4.00344,0.000975656,0.639413,41448.1,535.636
2553,20914176,4.2549,0.000975633,0.644659,41520.4,535.834
2554,20922368,4.05731,0.000975609,0.608277,41339.1,536.032
2555,20930560,4.26385,0.000975586,0.610099,34640.1,536.268
2556,20938752,4.20873,0.000975562,0.618238,38034.5,536.484
2557,20946944,4.37659,0.000975538,0.632244,41436.8,536.681
2558,20955136,4.05995,0.000975515,0.597034,41801.3,536.877
2559,20963328,4.05012,0.000975491,0.621547,42004.1,537.072
2560,20971520,4.23069,0.000975468,0.589041,37617,537.29
2561,20979712,4.16402,0.000975444,0.595801,35955.6,537.518
2562,20987904,4.17581,0.00097542,0.622687,42109.4,537.713
2563,20996096,4.03224,0.000975397,0.648318,42394,537.906
2564,21004288,4.18359,0.000975373,0.630295,41811.4,538.102
2565,21012480,3.89621,0.000975349,0.616498,39005.9,538.312
2566,21020672,4.17868,0.000975326,0.623528,39013.8,538.522
2567,21028864,3.93194,0.000975302,0.632492,41677.9,538.718
2568,21037056,4.14442,0.000975278,0.648224,42154.5,538.913
2569,21045248,4.00798,0.000975255,0.620283,41140.5,539.112
2570,21053440,4.18517,0.000975231,0.652028,39867.7,539.317
2571,21061632,4.08913,0.000975207,0.624693,37726.1,539.534
2572,21069824,4.34098,0.000975184,0.647515,42098.3,539.729
2573,21078016,4.22054,0.00097516,0.669353,41800.5,539.925
2574,21086208,4.10358,0.000975136,0.659023,41240.2,540.124
2575,21094400,4.20665,0.000975112,0.662364,40169.4,540.328
2576,21102592,4.06565,0.000975088,0.611969,41934.8,540.523
2577,21110784,3.92891,0.000975065,0.664951,41362,540.721
2578,21118976,4.2561,0.000975041,0.646213,42009.4,540.916
2579,21127168,3.83206,0.000975017,0.650192,41525.3,541.113
2580,21135360,4.02011,0.000974993,0.614004,36027.3,541.341
2581,21143552,4.10701,0.000974969,0.637224,35325.6,541.573
2582,21151744,4.16091,0.000974946,0.650087,42297.5,541.766
2583,21159936,4.22813,0.000974922,0.662002,41683.9,541.963
2584,21168128,4.16539,0.000974898,0.615957,41699.8,542.159
2585,21176320,4.0895,0.000974874,0.609146,36903.9,542.381
2586,21184512,4.19038,0.00097485,0.638329,39180.7,542.59
2587,21192704,4.11586,0.000974826,0.633982,41959.5,542.785
2588,21200896,4.16992,0.000974802,0.616081,41466.8,542.983
2589,21209088,4.00891,0.000974778,0.604322,41571,543.18
2590,21217280,4.07193,0.000974754,0.604154,38196.2,543.395
2591,21225472,4.26352,0.00097473,0.620418,36358.4,543.62
2592,21233664,4.109,0.000974706,0.632039,41755.7,543.816
2593,21241856,4.14999,0.000974682,0.693975,41775.7,544.012
2594,21250048,4.07143,0.000974658,0.625588,41291.9,544.211
2595,21258240,4.25295,0.000974634,0.644096,39004.1,544.421
2596,21266432,4.22845,0.00097461,0.644036,38860.2,544.631
2597,21274624,4.24435,0.000974586,0.653725,41054.7,544.831
2598,21282816,4.13621,0.000974562,0.684818,41997.6,545.026
2599,21291008,4.03507,0.000974538,0.593292,41249.3,545.225
2600,21299200,4.16779,0.000974514,0.619246,40047.2,545.429
2601,21307392,4.13266,0.00097449,0.593449,40007.3,545.634
2602,21315584,4.08963,0.000974466,0.604302,42989.6,545.824
2603,21323776,4.29938,0.000974442,0.738983,41880.4,546.02
2604,21331968,4.24849,0.000974418,0.658014,42559.8,546.213
2605,21340160,4.29842,0.000974394,0.61491,35752.3,546.442
2606,21348352,4.19665,0.00097437,0.634926,39124,546.651
2607,21356544,4.10301,0.000974346,0.623918,41456.3,546.849
2608,21364736,4.37492,0.000974322,0.648147,41698.8,547.045
2609,21372928,4.21746,0.000974297,0.612583,41358.6,547.243
2610,21381120,4.22675,0.000974273,0.627467,36982.5,547.465
2611,21389312,4.22724,0.000974249,0.621354,36007.6,547.692
2612,21397504,4.24512,0.000974225,0.594413,42073.8,547.887
2613,21405696,4.35376,0.000974201,0.63403,42132.8,548.081
2614,21413888,4.14892,0.000974177,0.615979,40773.6,548.282
2615,21422080,4.22644,0.000974152,0.650819,37686.4,548.5
2616,21430272,4.03365,0.000974128,0.63502,38730.7,548.711
2617,21438464,4.16348,0.000974104,0.630371,41352.7,548.909
2618,21446656,4.38076,0.00097408,0.685027,41281,549.108
2619,21454848,4.04896,0.000974055,0.622666,39706.1,549.314
2620,21463040,4.17456,0.000974031,0.628948,37669.3,549.531
2621,21471232,4.05563,0.000974007,0.641675,36950.1,549.753
2622,21479424,4.12686,0.000973983,0.60878,41727.1,549.95
2623,21487616,4.11214,0.000973958,0.593962,41761.4,550.146
2624,21495808,4.25417,0.000973934,0.599143,40590.2,550.347
2625,21504000,4.23722,0.00097391,0.637128,39274.1,550.556
2626,21512192,4.04487,0.000973885,0.608781,41386,550.754
2627,21520384,3.97246,0.000973861,0.622518,41190.9,550.953
2628,21528576,4.01986,0.000973837,0.625851,40960.4,551.153
2629,21536768,4.01916,0.000973812,0.623182,41827.7,551.349
2630,21544960,4.14054,0.000973788,0.619042,34151.9,551.589
2631,21553152,4.30724,0.000973763,0.630728,35212.8,551.821
2632,21561344,4.05632,0.000973739,0.615179,42047.1,552.016
2633,21569536,4.11769,0.000973715,0.603598,41846.8,552.212
2634,21577728,4.2718,0.00097369,0.650467,40397.9,552.415
2635,21585920,4.20156,0.000973666,0.630742,36557.7,552.639
2636,21594112,3.9677,0.000973641,0.648,38722.2,552.85
2637,21602304,4.15447,0.000973617,0.591672,41534.7,553.048
2638,21610496,4.20282,0.000973592,0.610574,41519.7,553.245
2639,21618688,4.11337,0.000973568,0.640722,40141.2,553.449
2640,21626880,4.12128,0.000973543,0.613383,37822.8,553.665
2641,21635072,4.10656,0.000973519,0.633724,36734.4,553.888
2642,21643264,3.96483,0.000973494,0.626769,42330.2,554.082
2643,21651456,4.0621,0.00097347,0.616346,41818,554.278
2644,21659648,4.31004,0.000973445,0.671409,41087.5,554.477
2645,21667840,3.97739,0.000973421,0.633325,38751.3,554.689
2646,21676032,3.97672,0.000973396,0.619942,40216,554.892
2647,21684224,4.25359,0.000973372,0.630008,41500.5,555.09
2648,21692416,4.03988,0.000973347,0.614823,42177.2,555.284
2649,21700608,4.19924,0.000973323,0.630665,41001.6,555.484
2650,21708800,4.0979,0.000973298,0.636172,39152.5,555.693
2651,21716992,4.32229,0.000973273,0.622259,38509.4,555.906
2652,21725184,3.95414,0.000973249,0.609314,41543.5,556.103
2653,21733376,4.04327,0.000973224,0.604675,41798.6,556.299
2654,21741568,4.25208,0.0009732,0.648943,42141.8,556.493
2655,21749760,4.1552,0.000973175,0.638219,35111.9,556.727
2656,21757952,4.11526,0.00097315,0.604861,38576,556.939
2657,21766144,4.16133,0.000973126,0.604456,41874.8,557.135
2658,21774336,4.02526,0.000973101,0.582187,41817.9,557.331
2659,21782528,4.29731,0.000973076,0.608543,41316.6,557.529
2660,21790720,4.09766,0.000973051,0.607751,37206.2,557.749
2661,21798912,4.21357,0.000973027,0.640974,37411.3,557.968
2662,21807104,4.054,0.000973002,0.621391,41996.1,558.163
2663,21815296,4.2843,0.000972977,0.642136,41831.6,558.359
2664,21823488,4.15415,0.000972953,0.624183,41406.4,558.557
2665,21831680,4.29638,0.000972928,0.635379,39292.5,558.765
2666,21839872,4.06687,0.000972903,0.602204,39425.7,558.973
2667,21848064,4.35463,0.000972878,0.629187,41531,559.17
2668,21856256,4.2511,0.000972853,0.630147,42007.6,559.365
2669,21864448,4.03044,0.000972829,0.635766,40967.2,559.565
2670,21872640,4.03367,0.000972804,0.614861,39945.7,559.77
2671,21880832,4.24529,0.000972779,0.607024,37354.7,559.99
2672,21889024,4.36523,0.000972754,0.624885,41902.8,560.185
2673,21897216,4.33924,0.000972729,0.628417,41944.5,560.38
2674,21905408,4.04956,0.000972704,0.6848,41866,560.576
2675,21913600,4.09508,0.00097268,0.61194,39984.1,560.781
2676,21921792,4.21371,0.000972655,0.628537,40854.2,560.981
2677,21929984,4.18654,0.00097263,0.630297,41392.5,561.179
2678,21938176,4.32924,0.000972605,0.642489,41505.1,561.377
2679,21946368,4.1874,0.00097258,0.64074,40858.5,561.577
2680,21954560,4.05919,0.000972555,0.615426,34257,561.816
2681,21962752,4.13985,0.00097253,0.617301,36002.8,562.044
2682,21970944,4.21205,0.000972505,0.628354,42177.5,562.238
2683,21979136,4.2073,0.00097248,0.622303,41788.6,562.434
2684,21987328,4.24165,0.000972455,0.654468,41233.1,562.633
2685,21995520,4.24467,0.00097243,0.631575,37006.3,562.854
2686,22003712,4.10029,0.000972405,0.634503,38916.5,563.065
2687,22011904,4.16303,0.00097238,0.633824,41792.8,563.261
2688,22020096,4.21765,0.000972355,0.614355,42202.2,563.455
2689,22028288,4.27,0.00097233,0.618168,40972.5,563.655
2690,22036480,4.27831,0.000972305,0.676171,38600.3,563.867
2691,22044672,4.21029,0.00097228,0.649117,37522.7,564.085
2692,22052864,4.07599,0.000972255,0.631888,41605.2,564.282
2693,22061056,4.11119,0.00097223,0.652021,42651,564.474
2694,22069248,4.06612,0.000972205,0.629246,41094.2,564.674
2695,22077440,4.16578,0.00097218,0.64493,39133,564.883
2696,22085632,3.88296,0.000972155,0.59694,39226.8,565.092
2697,22093824,3.95011,0.00097213,0.643981,41178.2,565.291
2698,22102016,4.31711,0.000972104,0.630231,42250.1,565.485
2699,22110208,4.00869,0.000972079,0.610218,41014.3,565.684
2700,22118400,4.17637,0.000972054,0.601041,39617.2,565.891
2701,22126592,4.06655,0.000972029,0.635037,40060.6,566.096
2702,22134784,4.18182,0.000972004,0.615871,41875.9,566.291
2703,22142976,4.2018,0.000971979,0.596488,41310.5,566.49
2704,22151168,4.12868,0.000971954,0.631566,41559.7,566.687
2705,22159360,3.89167,0.000971928,0.690786,35493.4,566.918
2706,22167552,4.19573,0.000971903,0.613055,39515,567.125
2707,22175744,4.32743,0.000971878,0.63229,41375.3,567.323
2708,22183936,4.21132,0.000971853,0.618649,41521.7,567.52
2709,22192128,3.94062,0.000971827,0.626149,41650.9,567.717
2710,22200320,4.09419,0.000971802,0.606865,37946.4,567.933
2711,22208512,4.26703,0.000971777,0.600492,37306.4,568.152
2712,22216704,4.05181,0.000971752,0.63228,41575.2,568.349
2713,22224896,4.10046,0.000971726,0.60707,41940.5,568.545
2714,22233088,4.02788,0.000971701,0.612723,41705.9,568.741
2715,22241280,4.13195,0.000971676,0.676675,38610.7,568.953
2716,22249472,4.08222,0.00097165,0.643844,40114,569.157
2717,22257664,4.11123,0.000971625,0.643591,40483.5,569.36
2718,22265856,3.89888,0.0009716,0.621881,41811.8,569.556
2719,22274048,4.26619,0.000971574,0.629859,41152,569.755
2720,22282240,3.96659,0.000971549,0.609462,39555.8,569.962
2721,22290432,4.17051,0.000971524,0.619118,37779.6,570.179
2722,22298624,4.22752,0.000971498,0.636617,41300.2,570.377
2723,22306816,4.0743,0.000971473,0.646724,41744,570.573
2724,22315008,4.19908,0.000971447,0.636536,41017.8,570.773
2725,22323200,4.21368,0.000971422,0.624095,39572.3,570.98
2726,22331392,4.26615,0.000971397,0.634836,41530.4,571.177
2727,22339584,4.06369,0.000971371,0.600426,41225.8,571.376
2728,22347776,4.07722,0.000971346,0.61019,41437.5,571.574
2729,22355968,4.27399,0.00097132,0.640965,41959.4,571.769
2730,22364160,4.20249,0.000971295,0.600544,34983.4,572.003
2731,22372352,4.22268,0.000971269,0.664127,35796.2,572.232
2732,22380544,4.28005,0.000971244,0.625631,42227.6,572.426
2733,22388736,4.20063,0.000971218,0.635596,42045.1,572.621
2734,22396928,4.11806,0.000971193,0.635328,41438.7,572.818
2735,22405120,4.246,0.000971167,0.671692,37934.5,573.034
2736,22413312,4.31679,0.000971142,0.619258,39826.2,573.24
2737,22421504,4.22075,0.000971116,0.627657,41879.8,573.436
2738,22429696,4.17877,0.000971091,0.59398,41680.7,573.632
2739,22437888,4.26833,0.000971065,0.625981,41319.2,573.831
2740,22446080,4.09489,0.000971039,0.638305,38231.6,574.045
2741,22454272,3.96884,0.000971014,0.598962,37813,574.261
2742,22462464,4.16575,0.000970988,0.632964,40909.5,574.462
2743,22470656,3.93013,0.000970963,0.701947,41594.2,574.659
2744,22478848,4.2293,0.000970937,0.640608,39982.5,574.864
2745,22487040,3.94338,0.000970911,0.61743,40021.8,575.068
2746,22495232,4.26348,0.000970886,0.66237,40055.1,575.273
2747,22503424,4.33993,0.00097086,0.649158,40462.5,575.475
2748,22511616,4.22605,0.000970834,0.639143,42044,575.67
2749,22519808,4.25054,0.000970809,0.631715,41024.1,575.87
2750,22528000,3.86865,0.000970783,0.607632,40828.7,576.07
2751,22536192,3.88432,0.000970757,0.638405,39361.3,576.279
2752,22544384,4.04439,0.000970732,0.591118,41281.7,576.477
2753,22552576,4.24254,0.000970706,0.666983,41211.7,576.676
2754,22560768,4.25582,0.00097068,0.661963,42187,576.87
2755,22568960,4.19948,0.000970654,0.618218,34439.5,577.108
2756,22577152,4.01243,0.000970629,0.609963,38832.5,577.319
2757,22585344,3.90512,0.000970603,0.791523,41731.1,577.515
2758,22593536,4.20718,0.000970577,0.666302,41840.5,577.711
2759,22601728,4.28697,0.000970551,0.619886,41019.8,577.911
2760,22609920,4.24227,0.000970525,0.640611,37110.6,578.131
2761,22618112,4.10202,0.0009705,0.626006,37215.6,578.351
2762,22626304,4.30994,0.000970474,0.625223,41690.7,578.548
2763,22634496,4.24665,0.000970448,0.631541,41208.1,578.747
2764,22642688,4.15819,0.000970422,0.639817,39808.7,578.952
2765,22650880,4.24969,0.000970396,0.656014,37807.9,579.169
2766,22659072,4.1421,0.00097037,0.660219,39636.7,579.376
2767,22667264,4.12017,0.000970345,0.608264,41253.6,579.574
2768,22675456,4.16303,0.000970319,0.616511,41926.2,579.77
2769,22683648,4.18681,0.000970293,0.651546,40314.1,579.973
2770,22691840,4.14414,0.000970267,0.647296,39027.6,580.183
2771,22700032,4.11297,0.000970241,0.618254,37437.6,580.402
2772,22708224,4.17069,0.000970215,0.633571,41711.2,580.598
2773,22716416,4.25414,0.000970189,0.616923,41602.8,580.795
2774,22724608,4.09081,0.000970163,0.595211,40938.1,580.995
2775,22732800,4.00535,0.000970137,0.617154,39096.4,581.205
2776,22740992,4.02019,0.000970111,0.622298,40800,581.405
2777,22749184,4.3387,0.000970085,0.615684,40520.3,581.608
2778,22757376,4.18775,0.000970059,0.605161,41254.4,581.806
2779,22765568,4.09382,0.000970033,0.610649,41180.1,582.005
2780,22773760,4.00841,0.000970007,0.617382,34061.8,582.246
2781,22781952,4.10474,0.000969981,0.620273,36847.3,582.468
2782,22790144,4.06187,0.000969955,0.622725,41494.7,582.665
2783,22798336,3.91652,0.000969929,0.609408,42109.6,582.86
2784,22806528,4.16369,0.000969903,0.620129,40749.7,583.061
2785,22814720,4.1133,0.000969877,0.595303,37219.2,583.281
2786,22822912,4.18093,0.000969851,0.611165,39688.1,583.487
2787,22831104,4.11835,0.000969825,0.627029,41173,583.686
2788,22839296,4.20691,0.000969799,0.658872,42130.8,583.881
2789,22847488,4.1395,0.000969773,0.608197,40807,584.082
2790,22855680,4.04724,0.000969746,0.652495,38824.2,584.293
2791,22863872,3.91277,0.00096972,0.634557,37963.2,584.508
2792,22872064,4.2196,0.000969694,0.626804,41746.8,584.705
2793,22880256,4.22311,0.000969668,0.647765,41704.6,584.901
2794,22888448,4.1734,0.000969642,0.615324,40632.1,585.103
2795,22896640,4.14274,0.000969616,0.644073,39598.3,585.31
2796,22904832,4.25289,0.000969589,0.625579,39585.5,585.517
2797,22913024,4.16774,0.000969563,0.654144,41058,585.716
2798,22921216,4.34142,0.000969537,0.646079,41907.7,585.912
2799,22929408,4.16386,0.000969511,0.642391,40796,586.112
2800,22937600,3.9355,0.000969485,0.611255,39870.7,586.318
2801,22945792,4.01723,0.000969458,0.633361,38691.6,586.53
2802,22953984,4.09189,0.000969432,0.651395,42648.5,586.722
2803,22962176,4.03458,0.000969406,0.630855,42481.6,586.914
2804,22970368,4.15424,0.000969379,0.6181,41677.3,587.111
2805,22978560,4.13147,0.000969353,0.639346,35591.9,587.341
2806,22986752,4.07584,0.000969327,0.634396,39543.9,587.548
2807,22994944,4.29292,0.000969301,0.652329,41954.9,587.744
2808,23003136,4.08687,0.000969274,0.614038,41949.9,587.939
2809,23011328,4.2209,0.000969248,0.618274,41321.7,588.137
2810,23019520,3.94348,0.000969222,0.600187,37674,588.355
2811,23027712,4.06217,0.000969195,0.627424,37282.5,588.574
2812,23035904,4.15329,0.000969169,0.644514,41925.8,588.77
2813,23044096,4.06741,0.000969142,0.614908,41451.1,588.967
2814,23052288,4.11838,0.000969116,0.595786,40933.1,589.167
2815,23060480,4.08115,0.00096909,0.626192,38341.6,589.381
2816,23068672,4.22907,0.000969063,0.651065,39837.3,589.587
2817,23076864,4.03486,0.000969037,0.609675,41580.5,589.784
2818,23085056,3.98618,0.00096901,0.632385,41499.9,589.981
2819,23093248,4.20221,0.000968984,0.624208,41760,590.177
2820,23101440,4.1483,0.000968957,0.66157,39540.9,590.384
2821,23109632,4.12029,0.000968931,0.638298,36520.3,590.609
2822,23117824,4.28855,0.000968905,0.683304,41896.1,590.804
2823,23126016,4.19758,0.000968878,0.62965,41810.9,591
2824,23134208,4.00125,0.000968852,0.618531,40060.9,591.205
2825,23142400,4.08097,0.000968825,0.594078,38700.6,591.416
2826,23150592,4.05945,0.000968799,0.61893,41053.3,591.616
2827,23158784,4.04344,0.000968772,0.618706,41248,591.815
2828,23166976,3.92218,0.000968745,0.659264,41412.7,592.012
2829,23175168,4.22195,0.000968719,0.633941,41635.3,592.209
2830,23183360,4.07839,0.000968692,0.632917,34563.2,592.446
2831,23191552,4.05595,0.000968666,0.628378,35751.3,592.675
2832,23199744,3.9637,0.000968639,0.593607,42023.2,592.87
2833,23207936,4.01132,0.000968613,0.605175,42381.6,593.064
2834,23216128,4.20237,0.000968586,0.607799,40596.9,593.265
2835,23224320,4.02655,0.000968559,0.602584,37805.2,593.482
2836,23232512,4.037,0.000968533,0.605928,39074.9,593.692
2837,23240704,4.08006,0.000968506,0.616406,42053,593.886
2838,23248896,3.94909,0.000968479,0.619548,42199,594.081
2839,23257088,4.12712,0.000968453,0.614118,40581.2,594.282
2840,23265280,4.15399,0.000968426,0.642142,39162.5,594.492
2841,23273472,4.14427,0.000968399,0.610509,37356.6,594.711
2842,23281664,4.04175,0.000968373,0.632971,42005.9,594.906
2843,23289856,4.0888,0.000968346,0.639748,41855.3,595.102
2844,23298048,4.20714,0.000968319,0.672768,39244.3,595.31
2845,23306240,4.11065,0.000968293,0.632757,38338.6,595.524
2846,23314432,4.03677,0.000968266,0.642831,37916.5,595.74
2847,23322624,4.02985,0.000968239,0.677555,40273.6,595.944
2848,23330816,4.09854,0.000968212,0.639298,40685.6,596.145
2849,23339008,4.19383,0.000968186,0.644965,40161.4,596.349
2850,23347200,4.03467,0.000968159,0.673578,39216.4,596.558
2851,23355392,4.22459,0.000968132,0.624234,38537.8,596.77
2852,23363584,4.04269,0.000968105,0.635497,42116.5,596.965
2853,23371776,3.99814,0.000968078,0.658255,41549.2,597.162
2854,23379968,4.08736,0.000968052,0.615129,40895.5,597.362
2855,23388160,4.10501,0.000968025,0.625822,34635.3,597.599
2856,23396352,4.14071,0.000967998,0.638639,39329.2,597.807
2857,23404544,3.88613,0.000967971,0.588871,41331.7,598.005
2858,23412736,4.16863,0.000967944,0.639205,41876.8,598.201
2859,23420928,4.05167,0.000967917,0.657029,41147.6,598.4
2860,23429120,4.22039,0.00096789,0.648874,37448.1,598.619
2861,23437312,4.01515,0.000967863,0.61516,38005.1,598.834
2862,23445504,3.95787,0.000967837,0.625807,42211.1,599.028
2863,23453696,4.11386,0.00096781,0.601815,41766.1,599.225
2864,23461888,4.03278,0.000967783,0.661162,40817.8,599.425
2865,23470080,3.9765,0.000967756,0.602028,38909.4,599.636
2866,23478272,4.01431,0.000967729,0.619449,39926.2,599.841
2867,23486464,4.11921,0.000967702,0.621863,41609.4,600.038
2868,23494656,3.97279,0.000967675,0.687536,41879.6,600.233
2869,23502848,4.0412,0.000967648,0.627226,40948.1,600.434
2870,23511040,4.03624,0.000967621,0.621513,39342.5,600.642
2871,23519232,4.0871,0.000967594,0.626565,37823.6,600.858
2872,23527424,4.11942,0.000967567,0.641957,42040.1,601.053
2873,23535616,3.78422,0.00096754,0.647165,41724.7,601.25
2874,23543808,4.20184,0.000967513,0.626024,40100,601.454
2875,23552000,4.03275,0.000967486,0.606835,38385.3,601.667
2876,23560192,4.27985,0.000967459,0.628813,38804,601.878
2877,23568384,4.15597,0.000967432,0.635095,39359.6,602.086
2878,23576576,4.17908,0.000967405,0.642664,39727.9,602.293
2879,23584768,4.1453,0.000967377,0.651585,38150.1,602.507
2880,23592960,4.12386,0.00096735,0.618276,31895.2,602.764
2881,23601152,3.94344,0.000967323,0.617316,35803.9,602.993
2882,23609344,3.97567,0.000967296,0.631896,40283.5,603.196
2883,23617536,3.93433,0.000967269,0.651169,39639.6,603.403
2884,23625728,3.97236,0.000967242,0.619084,35141.4,603.636
2885,23633920,4.20856,0.000967215,0.628757,35047.6,603.87
2886,23642112,4.17584,0.000967187,0.652412,38937.9,604.08
2887,23650304,4.12794,0.00096716,0.633225,39558,604.287
2888,23658496,4.29717,0.000967133,0.646092,38181,604.502
2889,23666688,4.18739,0.000967106,0.615543,34516.9,604.739
2890,23674880,4.09325,0.000967079,0.674421,36273.8,604.965
2891,23683072,4.15431,0.000967051,0.653932,36862.8,605.187
2892,23691264,3.99367,0.000967024,0.627466,40799.5,605.388
2893,23699456,4.0769,0.000966997,0.659454,39057.3,605.598
2894,23707648,4.01014,0.00096697,0.62552,37701.4,605.815
2895,23715840,4.01701,0.000966942,0.636935,38631.9,606.027
2896,23724032,4.10419,0.000966915,0.64889,40199.7,606.231
2897,23732224,4.06947,0.000966888,0.625856,40749.8,606.432
2898,23740416,4.12007,0.000966861,0.625625,39655.4,606.639
2899,23748608,4.18595,0.000966833,0.663947,38332.9,606.852
2900,23756800,4.048,0.000966806,0.674687,39256.1,607.061
2901,23764992,4.1701,0.000966779,0.625879,38761.9,607.272
2902,23773184,4.27482,0.000966751,0.659474,42149.7,607.467
2903,23781376,4.16637,0.000966724,0.607835,41804.7,607.663
2904,23789568,4.03618,0.000966697,0.605402,41192.9,607.862
2905,23797760,4.0408,0.000966669,0.633514,33818.9,608.104
2906,23805952,4.21904,0.000966642,0.631595,38351.4,608.317
2907,23814144,4.2331,0.000966614,0.646991,41275.7,608.516
2908,23822336,3.90848,0.000966587,0.612919,41010,608.716
2909,23830528,4.00675,0.00096656,0.642072,39706.8,608.922
2910,23838720,3.91294,0.000966532,0.61248,36169.4,609.148
2911,23846912,3.97756,0.000966505,0.619064,36071.2,609.376
2912,23855104,4.08141,0.000966477,0.657622,41372.8,609.574
2913,23863296,4.21393,0.00096645,0.60693,41523,609.771
2914,23871488,4.06189,0.000966422,0.634662,39485.9,609.978
2915,23879680,4.21345,0.000966395,0.637622,38420,610.191
2916,23887872,3.93044,0.000966367,0.613095,39624,610.398
2917,23896064,4.16284,0.00096634,0.606166,41430.5,610.596
2918,23904256,4.07609,0.000966312,0.630248,41599.7,610.793
2919,23912448,4.21169,0.000966285,0.625761,40010.9,610.998
2920,23920640,3.95888,0.000966257,0.672563,38730.5,611.209
2921,23928832,3.84462,0.00096623,0.590866,37917,611.425
2922,23937024,4.22775,0.000966202,0.621691,41355.3,611.623
2923,23945216,4.15353,0.000966175,0.620427,41435.3,611.821
2924,23953408,4.23255,0.000966147,0.619635,40021,612.026
2925,23961600,4.21576,0.000966119,0.643304,39176.2,612.235
2926,23969792,4.05382,0.000966092,0.657672,41704.3,612.431
2927,23977984,4.13734,0.000966064,0.606308,41437.2,612.629
2928,23986176,4.20055,0.000966037,0.65936,41255.7,612.827
2929,23994368,4.0963,0.000966009,0.615099,40990.6,613.027
2930,24002560,3.88737,0.000965981,0.614417,34116.9,613.267
2931,24010752,4.14035,0.000965954,0.633098,36626.5,613.491
2932,24018944,4.05285,0.000965926,0.610206,41900.5,613.687
2933,24027136,3.98262,0.000965898,0.60935,40868.8,613.887
2934,24035328,3.82893,0.000965871,0.627628,40109.9,614.091
2935,24043520,3.98652,0.000965843,0.63464,36691.1,614.315
2936,24051712,4.07088,0.000965815,0.659558,39465.3,614.522
2937,24059904,4.04529,0.000965787,0.61854,41276.1,614.721
2938,24068096,4.42079,0.00096576,0.638589,41876.5,614.916
2939,24076288,4.19893,0.000965732,0.624521,40944.5,615.116
2940,24084480,3.94789,0.000965704,0.662667,38079.5,615.331
2941,24092672,4.19474,0.000965676,0.619244,37592,615.549
2942,24100864,3.97526,0.000965649,0.623243,41624.4,615.746
2943,24109056,4.19707,0.000965621,0.63716,41188.6,615.945
2944,24117248,4.11333,0.000965593,0.609569,40495.8,616.147
2945,24125440,3.98813,0.000965565,0.643733,38594.4,616.36
2946,24133632,4.07885,0.000965537,0.621621,40076,616.564
2947,24141824,4.09176,0.00096551,0.636225,41419.1,616.762
2948,24150016,4.11552,0.000965482,0.633554,41600.7,616.959
2949,24158208,3.97217,0.000965454,0.666067,40634.7,617.16
2950,24166400,4.19167,0.000965426,0.630369,38963.5,617.371
2951,24174592,4.24574,0.000965398,0.646343,38845.3,617.581
2952,24182784,4.03552,0.00096537,0.633777,41633.9,617.778
2953,24190976,4.07969,0.000965342,0.623118,41413.9,617.976
2954,24199168,3.97126,0.000965314,0.605394,41131.1,618.175
2955,24207360,4.19416,0.000965287,0.651646,34736,618.411
2956,24215552,4.30489,0.000965259,0.646615,38454.9,618.624
2957,24223744,4.14688,0.000965231,0.610321,41312.4,618.822
2958,24231936,3.96692,0.000965203,0.609893,41683.1,619.019
2959,24240128,4.14881,0.000965175,0.611933,40962.7,619.219
2960,24248320,4.06672,0.000965147,0.621246,36655.3,619.442
2961,24256512,4.18291,0.000965119,0.644382,37025.4,619.664
2962,24264704,4.265,0.000965091,0.633053,42146.2,619.858
2963,24272896,4.04973,0.000965063,0.637745,41557.6,620.055
2964,24281088,4.10633,0.000965035,0.637646,41001.2,620.255
2965,24289280,3.88261,0.000965007,0.600861,38429,620.468
2966,24297472,4.13131,0.000964979,0.63303,39913.3,620.673
2967,24305664,4.15012,0.000964951,0.614042,41013.4,620.873
2968,24313856,4.14451,0.000964923,0.624315,41919.8,621.068
2969,24322048,4.14991,0.000964895,0.626971,40629.1,621.27
2970,24330240,4.24107,0.000964867,0.638898,38890.9,621.481
2971,24338432,4.21598,0.000964838,0.637237,36170.2,621.707
2972,24346624,4.01715,0.00096481,0.619991,40777.1,621.908
2973,24354816,3.90543,0.000964782,0.637397,41394.5,622.106
2974,24363008,4.00462,0.000964754,0.61816,40984.7,622.306
2975,24371200,4.2743,0.000964726,0.637243,39394.9,622.514
2976,24379392,3.98102,0.000964698,0.615743,41585.5,622.711
2977,24387584,4.08944,0.00096467,0.622077,41124,622.91
2978,24395776,4.1169,0.000964641,0.631584,41724,623.106
2979,24403968,3.99181,0.000964613,0.618058,41781.3,623.302
2980,24412160,4.04934,0.000964585,0.615925,34628.2,623.539
2981,24420352,4.10005,0.000964557,0.619541,37192.6,623.759
2982,24428544,3.95766,0.000964529,0.578856,42328,623.953
2983,24436736,3.97979,0.000964501,0.612515,41963.5,624.148
2984,24444928,4.05901,0.000964472,0.630561,40817.2,624.349
2985,24453120,4.06459,0.000964444,0.599482,36681.7,624.572
2986,24461312,4.10963,0.000964416,0.637373,39072.2,624.782
2987,24469504,3.91139,0.000964388,0.617641,40894.8,624.982
2988,24477696,3.95527,0.000964359,0.637771,41627.2,625.179
2989,24485888,3.98338,0.000964331,0.600084,40887.7,625.379
2990,24494080,4.0354,0.000964303,0.652348,37851.9,625.596
2991,24502272,4.04819,0.000964274,0.609733,38209.6,625.81
2992,24510464,4.16409,0.000964246,0.642175,41511.2,626.007
2993,24518656,4.12755,0.000964218,0.624336,42058,626.202
2994,24526848,4.03542,0.000964189,0.622413,40408.8,626.405
2995,24535040,4.05311,0.000964161,0.62182,39026.2,626.615
2996,24543232,4.05925,0.000964133,0.610635,39832.5,626.82
2997,24551424,4.02196,0.000964104,0.61677,40733.5,627.022
2998,24559616,4.08552,0.000964076,0.661697,41907.7,627.217
2999,24567808,4.00694,0.000964048,0.622332,40377.4,627.42
3000,24576000,3.96567,0.000964019,0.63673,39885.4,627.625
