step,tokens,loss,lr,grad_norm,tokens_per_s,train_seconds
1,8192,9.72766,2e-06,5.96642,24039.6,0.340771
2,16384,9.72757,4e-06,6.16239,43929.7,0.527251
3,24576,9.72672,6e-06,5.26826,42293.7,0.720944
4,32768,9.70378,8e-06,5.56183,42138.7,0.915349
5,40960,9.65863,1e-05,6.0898,37877.2,1.13163
6,49152,9.63161,1.2e-05,6.08324,37221.4,1.35172
7,57344,9.58679,1.4e-05,5.68671,42408.8,1.54488
8,65536,9.56278,1.6e-05,5.35857,44325.2,1.7297
9,73728,9.54239,1.8e-05,4.96208,43564.3,1.91774
10,81920,9.45794,2e-05,4.92738,41722.4,2.11409
11,90112,9.39415,2.2e-05,4.59545,37577,2.33209
12,98304,9.33781,2.4e-05,3.9701,42138.2,2.5265
13,106496,9.30244,2.6e-05,3.73814,43307.8,2.71566
14,114688,9.25843,2.8e-05,3.18784,41960.3,2.91089
15,122880,9.23283,3e-05,2.97722,41402.2,3.10876
16,131072,9.15753,3.2e-05,2.64864,39856,3.3143
17,139264,9.13902,3.4e-05,3.45378,42009.8,3.5093
18,147456,9.10917,3.6e-05,2.53599,42545.6,3.70184
19,155648,9.08047,3.8e-05,2.15207,42599.1,3.89415
20,163840,9.03869,4e-05,2.07982,42228.7,4.08814
21,172032,9.04072,4.2e-05,1.9526,40498.7,4.29042
22,180224,9.05499,4.4e-05,1.95016,42839.7,4.48164
23,188416,9.023,4.6e-05,1.8681,42196.2,4.67578
24,196608,8.9692,4.8e-05,1.79109,42249.9,4.86968
25,204800,8.9161,5e-05,1.86187,41907,5.06516
26,212992,8.94222,5.2e-05,1.83609,43027.5,5.25555
27,221184,8.88422,5.4e-05,1.84178,42757.3,5.44714
28,229376,8.89615,5.6e-05,1.78645,42982.6,5.63773
29,237568,8.88597,5.8e-05,1.80479,43444.3,5.82629
30,245760,8.84535,6e-05,1.80616,36042.2,6.05358
31,253952,8.83156,6.2e-05,1.77556,36666.6,6.277
32,262144,8.83458,6.4e-05,1.74465,43816.4,6.46396
33,270336,8.79103,6.6e-05,1.76418,43289.7,6.6532
34,278528,8.76395,6.8e-05,1.74621,43096.2,6.84328
35,286720,8.76112,7e-05,1.68034,39475.7,7.05081
36,294912,8.72236,7.2e-05,2.1287,39587.5,7.25774
37,303104,8.69445,7.4e-05,1.75986,42472.4,7.45062
38,311296,8.70733,7.6e-05,1.60927,43343.6,7.63962
39,319488,8.62904,7.8e-05,1.70462,42556.3,7.83212
40,327680,8.59268,8e-05,1.71775,40813,8.03284
41,335872,8.58849,8.2e-05,1.67909,39594.6,8.23973
42,344064,8.56366,8.4e-05,1.6666,42087,8.43438
43,352256,8.50465,8.6e-05,1.68698,40985.7,8.63425
44,360448,8.45548,8.8e-05,1.70497,41751.8,8.83046
45,368640,8.39604,9e-05,1.71293,42224,9.02447
46,376832,8.38814,9.2e-05,1.82538,41691.1,9.22097
47,385024,8.34136,9.4e-05,1.84099,41669.5,9.41756
48,393216,8.29135,9.6e-05,1.77511,41701.6,9.614
49,401408,8.2538,9.8e-05,1.73437,41671.7,9.81059
50,409600,8.20186,0.0001,1.74873,42075.6,10.0053
51,417792,8.17981,0.000102,1.90658,39728.6,10.2115
52,425984,8.2071,0.000104,1.63114,43582.6,10.3994
53,434176,8.17551,0.000106,1.67162,43477.9,10.5879
54,442368,8.0957,0.000108,1.58268,43417.5,10.7765
55,450560,8.09967,0.00011,1.74224,38362.8,10.9901
56,458752,8.05882,0.000112,1.59906,38575.1,11.2025
57,466944,7.9843,0.000114,1.69788,42223,11.3965
58,475136,7.9909,0.000116,1.67897,43198.8,11.5861
59,483328,7.87861,0.000118,1.68536,43343.9,11.7751
60,491520,7.81955,0.00012,1.73507,40134,11.9792
61,499712,7.8604,0.000122,1.44402,38744.9,12.1907
62,507904,7.84597,0.000124,1.60228,42040.1,12.3855
63,516096,7.77533,0.000126,1.45197,41118.1,12.5847
64,524288,7.72889,0.000128,1.49287,41183.3,12.7837
65,532480,7.74496,0.00013,1.42503,42348,12.9771
66,540672,7.72622,0.000132,1.35894,41946.5,13.1724
67,548864,7.61863,0.000134,1.3966,41798.1,13.3684
68,557056,7.67836,0.000136,1.29054,40849.6,13.5689
69,565248,7.61188,0.000138,1.30795,41736,13.7652
70,573440,7.62533,0.00014,1.23096,42416.1,13.9583
71,581632,7.51443,0.000142,1.33143,39839.8,14.164
72,589824,7.60114,0.000144,1.20062,42515.6,14.3567
73,598016,7.50638,0.000146,1.23191,41005.4,14.5564
74,606208,7.49884,0.000148,1.20344,42593.6,14.7488
75,614400,7.48864,0.00015,1.24289,42176.5,14.943
76,622592,7.3788,0.000152,1.24003,43223.8,15.1325
77,630784,7.39376,0.000154,1.2006,42721,15.3243
78,638976,7.36163,0.000156,1.13877,43444.5,15.5128
79,647168,7.24787,0.000158,1.2258,43493.4,15.7012
80,655360,7.23529,0.00016,1.22206,37109.1,15.9219
81,663552,7.24679,0.000162,1.08002,39808.2,16.1277
82,671744,7.24855,0.000164,1.07825,40800.5,16.3285
83,679936,7.22033,0.000166,1.02569,40934.5,16.5286
84,688128,7.21369,0.000168,1.01982,41650.1,16.7253
85,696320,7.065,0.00017,1.03139,42440,16.9183
86,704512,7.11716,0.000172,0.941068,41835,17.1142
87,712704,7.14,0.000174,0.955173,40965.5,17.3141
88,720896,7.18095,0.000176,0.93171,40804.4,17.5149
89,729088,7.0945,0.000178,0.959993,41715.7,17.7113
90,737280,7.10229,0.00018,0.840432,42125.5,17.9057
91,745472,7.06556,0.000182,0.797282,39214.4,18.1146
92,753664,7.00322,0.000184,0.807277,41876.5,18.3103
93,761856,7.08723,0.000186,0.754021,41243.5,18.5089
94,770048,7.14876,0.000188,0.787466,41794,18.7049
95,778240,7.04173,0.00019,0.752923,41306.4,18.9032
96,786432,6.9467,0.000192,0.972467,42082.4,19.0979
97,794624,6.96612,0.000194,0.706583,42103.5,19.2925
98,802816,6.93536,0.000196,0.76123,41451.4,19.4901
99,811008,6.8805,0.000198,0.716451,41621.8,19.6869
100,819200,6.80052,0.0002,0.747912,42500.4,19.8797
101,827392,6.95674,0.000202,0.791578,40229,20.0833
102,835584,6.87173,0.000204,0.857234,43516,20.2715
103,843776,6.82397,0.000206,0.766723,43025,20.4619
104,851968,6.79038,0.000208,0.822101,43542.6,20.6501
105,860160,6.8723,0.00021,0.67581,37425.5,20.869
106,868352,6.78812,0.000212,0.754569,39040.5,21.0788
107,876544,6.85523,0.000214,0.854537,43235.8,21.2683
108,884736,6.66033,0.000216,0.847383,43367,21.4572
109,892928,6.87656,0.000218,0.811557,43399.5,21.6459
110,901120,6.77499,0.00022,0.636335,40684.4,21.8473
111,909312,6.82759,0.000222,0.858213,36647,22.0708
112,917504,6.88499,0.000224,0.870803,42407,22.264
113,925696,6.81023,0.000226,0.914624,42405.7,22.4572
114,933888,6.79376,0.000228,0.86647,43100,22.6473
115,942080,6.75872,0.00023,0.994352,40997.9,22.8471
116,950272,6.9778,0.000232,1.39982,39339.7,23.0553
117,958464,6.88665,0.000234,0.858495,41487,23.2528
118,966656,6.52513,0.000236,1.20469,42417.9,23.4459
119,974848,6.60724,0.000238,1.16354,42541.2,23.6385
120,983040,6.65046,0.00024,0.796455,41612.3,23.8353
121,991232,6.58547,0.000242,1.12044,38012.4,24.0508
122,999424,6.71197,0.000244,0.946301,42322.3,24.2444
123,1007616,6.69058,0.000246,0.787907,42237.8,24.4383
124,1015808,6.72571,0.000248,1.1889,42784.8,24.6298
125,1024000,6.72881,0.00025,0.847441,42385,24.8231
126,1032192,6.5337,0.000252,0.939793,41254.9,25.0217
127,1040384,6.56429,0.000254,0.83655,41828.4,25.2175
128,1048576,6.61381,0.000256,0.90963,41760.8,25.4137
129,1056768,6.64795,0.000258,0.902757,42601.9,25.606
130,1064960,6.50037,0.00026,0.91155,36430.6,25.8308
131,1073152,6.51248,0.000262,0.902978,36681.1,26.0542
132,1081344,6.53676,0.000264,0.818676,42655.4,26.2462
133,1089536,6.65229,0.000266,0.864818,42630.9,26.4384
134,1097728,6.60003,0.000268,1.04553,43426.8,26.627
135,1105920,6.459,0.00027,0.82926,39720.4,26.8333
136,1114112,6.49477,0.000272,0.840475,38893.9,27.0439
137,1122304,6.37747,0.000274,1.30855,42003.8,27.2389
138,1130496,6.54985,0.000276,0.788658,42646,27.431
139,1138688,6.4856,0.000278,0.75153,43289.1,27.6202
140,1146880,6.43931,0.00028,0.884215,41005,27.82
141,1155072,6.52883,0.000282,0.84925,37005,28.0414
142,1163264,6.40146,0.000284,0.77352,42186.4,28.2356
143,1171456,6.45769,0.000286,0.822443,42945.8,28.4263
144,1179648,6.43919,0.000288,0.778288,42741,28.618
145,1187840,6.53208,0.00029,0.987949,41258.6,28.8166
146,1196032,6.47282,0.000292,0.706799,40788.2,29.0174
147,1204224,6.57408,0.000294,0.908556,40956.5,29.2174
148,1212416,6.42176,0.000296,0.790851,42534.4,29.41
149,1220608,6.26229,0.000298,1.08338,42981.5,29.6006
150,1228800,6.39371,0.0003,1.02953,42196.7,29.7947
151,1236992,6.34326,0.000302,1.03867,40528.8,29.9969
152,1245184,6.376,0.000304,0.958588,43097.4,30.187
153,1253376,6.30142,0.000306,1.03289,43640.4,30.3747
154,1261568,6.32006,0.000308,0.773194,43730.5,30.562
155,1269760,6.33779,0.00031,0.781785,37629.9,30.7797
156,1277952,6.2786,0.000312,0.813816,38710.1,30.9913
157,1286144,6.38784,0.000314,0.882837,42618,31.1835
158,1294336,6.24342,0.000316,0.851777,43197,31.3732
159,1302528,6.29353,0.000318,0.840029,43101.9,31.5632
160,1310720,6.36744,0.00032,0.885446,39480.6,31.7707
161,1318912,6.29693,0.000322,0.87607,36624.2,31.9944
162,1327104,6.40026,0.000324,0.87292,43013.1,32.1849
163,1335296,6.37934,0.000326,0.819528,43220.4,32.3744
164,1343488,6.26019,0.000328,0.808922,43210.4,32.564
165,1351680,6.21377,0.00033,0.823181,39870.8,32.7695
166,1359872,6.27036,0.000332,0.844784,39570.2,32.9765
167,1368064,6.32296,0.000334,0.834316,42240.6,33.1704
168,1376256,6.26661,0.000336,0.879184,43003.1,33.3609
169,1384448,6.3135,0.000338,0.777193,42675.3,33.5529
170,1392640,6.18987,0.00034,0.841778,40937.7,33.753
171,1400832,6.30454,0.000342,0.887052,37059.4,33.974
172,1409024,6.23805,0.000344,0.832644,42272.9,34.1678
173,1417216,6.00448,0.000346,0.822157,42627.2,34.36
174,1425408,6.26619,0.000348,0.793186,43201.3,34.5496
175,1433600,6.161,0.00035,0.846598,41414.7,34.7474
176,1441792,6.31211,0.000352,0.850455,42869.6,34.9385
177,1449984,6.25351,0.000354,0.862332,42547.3,35.1311
178,1458176,6.1463,0.000356,0.789257,42771.6,35.3226
179,1466368,6.11734,0.000358,1.06048,43253.2,35.512
180,1474560,6.3703,0.00036,0.891302,37264,35.7318
181,1482752,6.29218,0.000362,0.962896,36767.8,35.9546
182,1490944,6.22949,0.000364,0.919677,43242.9,36.1441
183,1499136,6.05914,0.000366,0.984259,43462,36.3326
184,1507328,6.12992,0.000368,0.872221,43498,36.5209
185,1515520,6.32197,0.00037,0.860967,39709,36.7272
186,1523712,6.30272,0.000372,0.917537,39102,36.9367
187,1531904,6.36317,0.000374,0.996708,41818,37.1326
188,1540096,6.15412,0.000376,0.855154,43129.7,37.3225
189,1548288,6.2088,0.000378,1.01308,42714.7,37.5143
190,1556480,6.11432,0.00038,0.856371,40843.7,37.7149
191,1564672,6.22667,0.000382,0.872808,37520.1,37.9332
192,1572864,6.12245,0.000384,1.06146,42878.9,38.1243
193,1581056,6.23898,0.000386,0.845778,42673.9,38.3162
194,1589248,6.31466,0.000388,0.861963,42615.4,38.5085
195,1597440,6.25625,0.00039,0.907574,40821.9,38.7091
196,1605632,6.10886,0.000392,0.927986,40020.8,38.9138
197,1613824,6.20241,0.000394,0.922429,41601.4,39.1108
198,1622016,6.20054,0.000396,0.944601,42333.7,39.3043
199,1630208,6.11669,0.000398,0.871028,42412.4,39.4974
200,1638400,6.27187,0.0004,0.879042,41211.7,39.6962
201,1646592,6.17908,0.000402,0.923972,40846.9,39.8967
202,1654784,6.06815,0.000404,0.822555,43709.7,40.0842
203,1662976,5.87024,0.000406,0.916274,43643.8,40.2719
204,1671168,6.11819,0.000408,0.796249,42915.7,40.4627
205,1679360,6.1353,0.00041,0.865291,37084,40.6837
206,1687552,6.00802,0.000412,0.934654,40234.4,40.8873
207,1695744,5.98308,0.000414,0.901601,43339.4,41.0763
208,1703936,6.07467,0.000416,0.865029,43294.7,41.2655
209,1712128,6.17694,0.000418,0.893629,42674.9,41.4575
210,1720320,6.12268,0.00042,0.876005,39126.6,41.6668
211,1728512,6.08791,0.000422,0.812763,36833.8,41.8892
212,1736704,6.1253,0.000424,0.780423,43050.1,42.0795
213,1744896,6.1902,0.000426,0.759727,43241.6,42.269
214,1753088,6.06493,0.000428,0.861584,42749.9,42.4606
215,1761280,6.14455,0.00043,0.759849,39562.4,42.6677
216,1769472,6.16251,0.000432,0.84883,40256,42.8712
217,1777664,6.07082,0.000434,0.845751,41833.3,43.067
218,1785856,6.00771,0.000436,0.766627,43367.2,43.2559
219,1794048,5.96364,0.000438,0.852873,43008.1,43.4464
220,1802240,6.10186,0.00044,0.811217,40357.2,43.6493
221,1810432,6.04789,0.000442,0.89036,37127.9,43.87
222,1818624,6.03235,0.000444,0.815426,42553.9,44.0625
223,1826816,5.9712,0.000446,0.796773,42365.7,44.2559
224,1835008,5.94338,0.000448,0.819532,42945.6,44.4466
225,1843200,5.94221,0.00045,0.83285,41639.1,44.6434
226,1851392,6.14054,0.000452,0.816769,42805,44.8347
227,1859584,5.97054,0.000454,0.792648,43265.6,45.0241
228,1867776,5.9885,0.000456,0.764748,43349,45.2131
229,1875968,5.84979,0.000458,0.758198,42963.7,45.4037
230,1884160,6.04355,0.00046,0.807702,37583,45.6217
231,1892352,6.08744,0.000462,1.00753,35938.5,45.8496
232,1900544,6.02543,0.000464,0.860654,42959,46.0403
233,1908736,6.13121,0.000466,0.836164,43034.9,46.2307
234,1916928,5.99848,0.000468,0.920235,42624.1,46.4229
235,1925120,6.05387,0.00047,0.904997,38712.5,46.6345
236,1933312,5.83209,0.000472,0.851922,39136.4,46.8438
237,1941504,6.01831,0.000474,0.841973,42348,47.0373
238,1949696,5.89419,0.000476,0.712872,42974.9,47.2279
239,1957888,5.79628,0.000478,0.839625,42957.9,47.4186
240,1966080,5.80147,0.00048,0.83539,40007.6,47.6233
241,1974272,6.04876,0.000482,0.853626,37916.3,47.8394
242,1982464,5.94062,0.000484,0.804237,41949.4,48.0347
243,1990656,6.02826,0.000486,0.832879,43437.1,48.2233
244,1998848,5.96202,0.000488,0.943451,42358.3,48.4167
245,2007040,6.0082,0.00049,0.834125,40332,48.6198
246,2015232,5.91138,0.000492,0.959316,40438.5,48.8224
247,2023424,5.97416,0.000494,0.785236,41876.3,49.018
248,2031616,5.91743,0.000496,0.821201,42553.8,49.2105
249,2039808,5.77892,0.000498,0.782532,43099,49.4006
250,2048000,6.08221,0.0005,0.897799,41400.9,49.5984
251,2056192,5.89985,0.000502,0.869522,40465.6,49.8009
252,2064384,6.01787,0.000504,0.754808,43427.6,49.9895
253,2072576,5.87152,0.000506,0.849127,43064.2,50.1797
254,2080768,5.84044,0.000508,0.738377,43386.5,50.3686
255,2088960,6.06564,0.00051,0.860071,37904.4,50.5847
256,2097152,5.98424,0.000512,0.787612,39532.3,50.7919
257,2105344,5.91135,0.000514,0.871321,42889.2,50.9829
258,2113536,6.14707,0.000516,0.84596,42921.9,51.1738
259,2121728,5.92209,0.000518,0.870923,43720.4,51.3611
260,2129920,6.11039,0.00052,1.07253,38916.7,51.5716
261,2138112,5.89022,0.000522,0.797922,35910.9,51.7998
262,2146304,5.95834,0.000524,0.824403,43091.5,51.9899
263,2154496,5.7398,0.000526,0.818922,42925.9,52.1807
264,2162688,5.91217,0.000528,0.840049,42608.1,52.373
265,2170880,5.78361,0.00053,0.794044,40065.7,52.5774
266,2179072,6.0214,0.000532,0.830418,39313.9,52.7858
267,2187264,5.93842,0.000534,0.804587,42059.7,52.9806
268,2195456,5.78222,0.000536,0.782542,42616,53.1728
269,2203648,5.88083,0.000538,0.752839,42421.9,53.3659
270,2211840,5.84497,0.00054,0.825819,41017.5,53.5656
271,2220032,5.89682,0.000542,0.836339,37485.6,53.7842
272,2228224,6.11812,0.000544,0.800643,42121.3,53.9787
273,2236416,5.97992,0.000546,0.797763,43077,54.1688
274,2244608,5.86716,0.000548,0.865318,42259.5,54.3627
275,2252800,5.74344,0.00055,0.880215,41895.1,54.5582
276,2260992,5.85988,0.000552,0.78953,42319.9,54.7518
277,2269184,5.79983,0.000554,1.0023,42485.6,54.9446
278,2277376,5.71825,0.000556,0.74701,42721.3,55.1364
279,2285568,6.01962,0.000558,0.907736,42797.9,55.3278
280,2293760,5.83182,0.00056,0.857049,37381.7,55.5469
281,2301952,5.86604,0.000562,0.824715,36130.4,55.7737
282,2310144,5.64446,0.000564,0.840566,43072.8,55.9638
283,2318336,5.76758,0.000566,0.711448,43246.6,56.1533
284,2326528,5.76289,0.000568,0.810217,42423.7,56.3464
285,2334720,5.9141,0.00057,0.81122,38461.5,56.5594
286,2342912,5.81996,0.000572,0.850761,38656.2,56.7713
287,2351104,5.71871,0.000574,0.823703,42441.1,56.9643
288,2359296,5.78474,0.000576,0.800647,42425.1,57.1574
289,2367488,5.8903,0.000578,0.76222,42656.6,57.3494
290,2375680,5.71235,0.00058,0.821506,41053.4,57.549
291,2383872,5.76391,0.000582,0.85643,37499.1,57.7674
292,2392064,5.72458,0.000584,0.916304,43648.9,57.9551
293,2400256,5.71756,0.000586,0.760545,43955.2,58.1415
294,2408448,5.94114,0.000588,0.858949,43902.6,58.3281
295,2416640,5.66778,0.00059,0.74219,41823.4,58.524
296,2424832,5.93559,0.000592,0.873778,40076.5,58.7284
297,2433024,5.80899,0.000594,0.78393,41702.1,58.9248
298,2441216,5.7267,0.000596,0.804112,42371.4,59.1181
299,2449408,5.61109,0.000598,0.753371,42345.5,59.3116
300,2457600,5.85011,0.0006,0.823175,41934.5,59.507
301,2465792,5.76109,0.000602,0.871148,39086,59.7165
302,2473984,5.98101,0.000604,0.77472,43435.8,59.9051
303,2482176,5.89918,0.000606,0.792555,43206,60.0947
304,2490368,5.74506,0.000608,0.778463,43682.6,60.2823
305,2498560,5.83203,0.00061,0.726994,37016,60.5036
306,2506752,5.7558,0.000612,0.839001,39327.9,60.7119
307,2514944,5.91778,0.000614,0.809533,42430.2,60.905
308,2523136,5.83364,0.000616,0.808903,43794,61.092
309,2531328,5.86849,0.000618,0.792729,42922.3,61.2829
310,2539520,5.69886,0.00062,0.925158,39264.9,61.4915
311,2547712,5.69718,0.000622,0.817152,36671.2,61.7149
312,2555904,5.72167,0.000624,0.825908,43059.9,61.9052
313,2564096,5.67359,0.000626,0.782882,42763.3,62.0967
314,2572288,5.83943,0.000628,0.775201,43041.3,62.287
315,2580480,5.70679,0.00063,0.791386,40359.7,62.49
316,2588672,5.85257,0.000632,0.762238,39984.7,62.6949
317,2596864,5.65887,0.000634,0.734705,41760.6,62.8911
318,2605056,5.83129,0.000636,0.774677,43015.9,63.0815
319,2613248,5.68854,0.000638,0.766954,43097.6,63.2716
320,2621440,5.6971,0.00064,0.77913,41182.4,63.4705
321,2629632,5.80741,0.000642,0.757419,37390.1,63.6896
322,2637824,5.89482,0.000644,0.754983,42429.6,63.8827
323,2646016,5.74881,0.000646,0.807461,42259.2,64.0765
324,2654208,5.79348,0.000648,0.760256,42638.1,64.2687
325,2662400,5.61539,0.00065,0.830285,41751.1,64.4649
326,2670592,5.86247,0.000652,0.739332,42739.5,64.6565
327,2678784,5.79635,0.000654,0.905381,42516.9,64.8492
328,2686976,5.73911,0.000656,0.72224,42235.2,65.0432
329,2695168,5.82201,0.000658,0.725855,43101.6,65.2332
330,2703360,5.69164,0.00066,0.83765,37017.4,65.4545
331,2711552,5.69671,0.000662,0.733414,36995.4,65.676
332,2719744,5.72916,0.000664,0.888473,42616.6,65.8682
333,2727936,5.68066,0.000666,0.740393,43176.8,66.0579
334,2736128,5.63691,0.000668,0.779651,42259.2,66.2518
335,2744320,5.80455,0.00067,0.719355,39225.3,66.4606
336,2752512,5.62767,0.000672,0.779932,39823,66.6663
337,2760704,5.79356,0.000674,0.722658,42569.8,66.8588
338,2768896,5.58297,0.000676,0.808809,42696.9,67.0506
339,2777088,5.53229,0.000678,0.749418,42733.4,67.2423
340,2785280,5.69423,0.00068,0.736807,40080.7,67.4467
341,2793472,5.65344,0.000682,0.753529,37106.1,67.6675
342,2801664,5.82068,0.000684,0.77716,42280.6,67.8612
343,2809856,5.72276,0.000686,0.757587,43003.2,68.0517
344,2818048,5.68308,0.000688,0.695407,42496.5,68.2445
345,2826240,5.4859,0.00069,0.786032,40955,68.4445
346,2834432,5.60456,0.000692,0.819267,39778.8,68.6505
347,2842624,5.74733,0.000694,0.769409,42155.3,68.8448
348,2850816,5.9712,0.000696,0.738293,43182,69.0345
349,2859008,5.65407,0.000698,0.73426,42557.5,69.227
350,2867200,5.71705,0.0007,0.795589,40768.7,69.4279
351,2875392,5.88715,0.000702,0.797633,38291.9,69.6419
352,2883584,5.77203,0.000704,0.789871,42595.3,69.8342
353,2891776,5.53055,0.000706,0.794154,42293.2,70.0279
354,2899968,5.71421,0.000708,0.695863,42859,70.219
355,2908160,5.7717,0.00071,0.732211,36207.2,70.4453
356,2916352,5.7968,0.000712,0.841378,38218,70.6596
357,2924544,5.60907,0.000714,0.744399,42613.7,70.8519
358,2932736,5.57059,0.000716,0.714192,42618.5,71.0441
359,2940928,5.40539,0.000718,0.731158,42811.9,71.2354
360,2949120,5.636,0.00072,0.718533,39510.5,71.4428
361,2957312,5.6609,0.000722,0.789968,36878.2,71.6649
362,2965504,5.68133,0.000724,0.680479,42158.4,71.8592
363,2973696,5.56963,0.000726,0.697609,43019.7,72.0497
364,2981888,5.62035,0.000728,0.74809,42440.8,72.2427
365,2990080,5.64341,0.00073,0.868132,40890.4,72.443
366,2998272,5.73325,0.000732,0.773831,38871.6,72.6538
367,3006464,5.69131,0.000734,0.822202,41445.3,72.8514
368,3014656,5.61423,0.000736,0.82492,41717.7,73.0478
369,3022848,5.55581,0.000738,0.809461,42544.1,73.2403
370,3031040,5.6412,0.00074,0.757347,41372,73.4384
371,3039232,5.56316,0.000742,0.708445,37685.9,73.6557
372,3047424,5.58188,0.000744,0.727205,42005.5,73.8507
373,3055616,5.63839,0.000746,0.732397,42772.3,74.0423
374,3063808,5.5749,0.000748,0.730356,42421.2,74.2354
375,3072000,5.66027,0.00075,0.805641,42332.1,74.4289
376,3080192,5.60001,0.000752,0.816388,41787.9,74.6249
377,3088384,5.57174,0.000754,0.714153,43054,74.8152
378,3096576,5.52352,0.000756,0.695774,42243.3,75.0091
379,3104768,5.63825,0.000758,0.779943,42354.8,75.2026
380,3112960,5.92161,0.00076,0.805899,37262.5,75.4224
381,3121152,5.52085,0.000762,0.930979,36541.6,75.6466
382,3129344,5.49595,0.000764,0.702639,43176.2,75.8363
383,3137536,5.62237,0.000766,0.749372,42831.8,76.0276
384,3145728,5.37803,0.000768,0.853633,43207,76.2172
385,3153920,5.63663,0.00077,0.851018,38707,76.4288
386,3162112,5.63296,0.000772,0.803445,39520.9,76.6361
387,3170304,5.60508,0.000774,0.789463,42741.7,76.8278
388,3178496,5.50691,0.000776,0.744328,42818.2,77.0191
389,3186688,5.64541,0.000778,0.743194,42654.4,77.2111
390,3194880,5.68934,0.00078,0.764183,39959.9,77.4161
391,3203072,5.64224,0.000782,0.742484,36550.7,77.6403
392,3211264,5.62135,0.000784,0.68988,42539.8,77.8328
393,3219456,5.66519,0.000786,0.697917,42859.5,78.024
394,3227648,5.61188,0.000788,0.711225,42471.3,78.2169
395,3235840,5.55144,0.00079,0.6948,40921.2,78.4171
396,3244032,5.6591,0.000792,0.753205,39907.6,78.6223
397,3252224,5.6911,0.000794,0.752805,41792.9,78.8183
398,3260416,5.43929,0.000796,0.728947,42653.6,79.0104
399,3268608,5.52917,0.000798,0.63805,42537,79.203
400,3276800,5.53247,0.0008,0.714592,41750.1,79.3992
401,3284992,5.40411,0.000802,0.711179,39916.2,79.6044
402,3293184,5.54726,0.000804,0.635334,43749.8,79.7917
403,3301376,5.59698,0.000806,0.725042,43034,79.982
404,3309568,5.57711,0.000808,0.710633,43706.8,80.1695
405,3317760,5.43043,0.00081,0.681113,37820.5,80.3861
406,3325952,5.4393,0.000812,0.743992,38972.8,80.5963
407,3334144,5.5306,0.000814,0.730754,42565.7,80.7887
408,3342336,5.53866,0.000816,0.700192,43488.3,80.9771
409,3350528,5.4979,0.000818,0.634962,43749.9,81.1643
410,3358720,5.56289,0.00082,0.772163,38999,81.3744
411,3366912,5.51295,0.000822,0.764805,36708.6,81.5976
412,3375104,5.5666,0.000824,0.712439,42762.4,81.7891
413,3383296,5.64741,0.000826,0.757962,42614.5,81.9814
414,3391488,5.57742,0.000828,0.706573,42895.3,82.1723
415,3399680,5.63797,0.00083,0.719414,40372.3,82.3753
416,3407872,5.61084,0.000832,0.682508,39546.5,82.5824
417,3416064,5.58009,0.000834,0.774331,42390.6,82.7757
418,3424256,5.64829,0.000836,0.739762,42669.9,82.9676
419,3432448,5.53362,0.000838,0.694031,43139.6,83.1575
420,3440640,5.44194,0.00084,0.830451,40768.3,83.3585
421,3448832,5.42695,0.000842,0.720786,38292.2,83.5724
422,3457024,5.4728,0.000844,0.789704,42833.4,83.7637
423,3465216,5.55082,0.000846,0.812551,42483.4,83.9565
424,3473408,5.47398,0.000848,0.866425,43062.5,84.1467
425,3481600,5.60147,0.00085,0.794529,42261,84.3406
426,3489792,5.56279,0.000852,0.774764,43157.5,84.5304
427,3497984,5.47296,0.000854,0.859655,42865.3,84.7215
428,3506176,5.50467,0.000856,0.705152,43192.2,84.9112
429,3514368,5.40985,0.000858,0.735786,43296,85.1004
430,3522560,5.50723,0.00086,0.782174,37773.9,85.3172
431,3530752,5.70063,0.000862,0.810497,35602.4,85.5473
432,3538944,5.40967,0.000864,0.814897,43760.9,85.7345
433,3547136,5.49508,0.000866,0.732955,43178,85.9243
434,3555328,5.33649,0.000868,0.705901,43207.8,86.1139
435,3563520,5.60593,0.00087,0.736442,39047.8,86.3236
436,3571712,5.46797,0.000872,0.678219,39032.1,86.5335
437,3579904,5.42763,0.000874,0.696773,42636.2,86.7257
438,3588096,5.52356,0.000876,0.702241,43138.2,86.9156
439,3596288,5.51909,0.000878,0.697868,43084.9,87.1057
440,3604480,5.54404,0.00088,0.680884,40140,87.3098
441,3612672,5.45493,0.000882,0.719757,37205.2,87.53
442,3620864,5.67986,0.000884,1.01275,42690.2,87.7219
443,3629056,5.60968,0.000886,0.89715,43288.4,87.9111
444,3637248,5.51978,0.000888,0.729663,42425,88.1042
445,3645440,5.45089,0.00089,0.707461,40569.4,88.3061
446,3653632,5.40794,0.000892,0.7677,39667.9,88.5126
447,3661824,5.46487,0.000894,0.727421,41923.8,88.708
448,3670016,5.52144,0.000896,0.698079,43076.9,88.8982
449,3678208,5.41755,0.000898,0.754905,42797.7,89.0896
450,3686400,5.53587,0.0009,0.671846,41446.7,89.2873
451,3694592,5.47824,0.000902,0.682146,39967.1,89.4922
452,3702784,5.59493,0.000904,0.74003,42711.8,89.684
453,3710976,5.33788,0.000906,0.787481,42838.4,89.8753
454,3719168,5.52244,0.000908,0.676599,43095.2,90.0654
455,3727360,5.40227,0.00091,0.668207,36285.2,90.2911
456,3735552,5.47311,0.000912,0.773814,38865.6,90.5019
457,3743744,5.54637,0.000914,0.763188,42520.6,90.6946
458,3751936,5.38395,0.000916,0.688175,42640.8,90.8867
459,3760128,5.47174,0.000918,0.717871,42242.8,91.0806
460,3768320,5.59291,0.00092,0.69261,38313.7,91.2944
461,3776512,5.43105,0.000922,0.682816,37437.8,91.5132
462,3784704,5.4639,0.000924,0.729936,42955.6,91.7039
463,3792896,5.27632,0.000926,0.676777,42604.2,91.8962
464,3801088,5.26268,0.000928,0.740014,42394.2,92.0895
465,3809280,5.36362,0.00093,0.690623,40026,92.2941
466,3817472,5.51511,0.000932,0.750894,39759.2,92.5002
467,3825664,5.57445,0.000934,0.679161,41721.7,92.6965
468,3833856,5.47393,0.000936,0.71091,42632.6,92.8887
469,3842048,5.36468,0.000938,0.747407,42367.9,93.082
470,3850240,5.50357,0.00094,0.747901,40792.9,93.2828
471,3858432,5.32879,0.000942,0.707166,36628.6,93.5065
472,3866624,5.48797,0.000944,0.712083,42682.2,93.6984
473,3874816,5.39528,0.000946,0.631788,42637.8,93.8906
474,3883008,5.58212,0.000948,0.709933,42928.1,94.0814
475,3891200,5.38281,0.00095,0.643873,41500.8,94.2788
476,3899392,5.3528,0.000952,0.714468,43288.6,94.468
477,3907584,5.33404,0.000954,0.650766,42996.6,94.6586
478,3915776,5.2448,0.000956,0.686817,42767,94.8501
479,3923968,5.57461,0.000958,0.741672,43005.1,95.0406
480,3932160,5.35824,0.00096,0.691783,36755.4,95.2635
481,3940352,5.47707,0.000962,0.650818,36676.4,95.4868
482,3948544,5.31487,0.000964,0.707751,42736.3,95.6785
483,3956736,5.42535,0.000966,0.710837,44037.8,95.8645
484,3964928,5.27259,0.000968,0.661297,42957.3,96.0552
485,3973120,5.15116,0.00097,0.706353,38648.1,96.2672
486,3981312,5.35144,0.000972,0.723786,39585.3,96.4741
487,3989504,5.6155,0.000974,0.694531,42421.8,96.6673
488,3997696,5.37974,0.000976,0.690069,42880.1,96.8583
489,4005888,5.45161,0.000978,0.662479,42510,97.051
490,4014080,5.45299,0.00098,0.678771,39685,97.2574
491,4022272,5.41011,0.000982,0.70002,37627,97.4751
492,4030464,5.35118,0.000984,0.718472,41844.8,97.6709
493,4038656,5.41334,0.000986,0.676323,42473.9,97.8638
494,4046848,5.49997,0.000988,0.740705,42361.2,98.0572
495,4055040,5.36805,0.00099,0.638638,40530.5,98.2593
496,4063232,5.36323,0.000992,0.689429,40088.7,98.4636
497,4071424,5.36713,0.000994,0.638318,41570.5,98.6607
498,4079616,5.25423,0.000996,0.653994,42894.9,98.8517
499,4087808,5.56078,0.000998,0.70764,42189.2,99.0459
500,4096000,5.42624,0.001,0.685096,41181.6,99.2448
501,4104192,5.48921,0.001,0.629823,40220.5,99.4485
502,4112384,5.5296,0.001,0.75267,43101.7,99.6385
503,4120576,5.45247,0.001,0.661834,43475.1,99.8269
504,4128768,5.43945,0.001,0.678067,43380,100.016
505,4136960,5.46428,0.001,0.613481,35876.9,100.244
506,4145152,5.14771,0.001,0.757691,38490.4,100.457
507,4153344,5.39958,0.001,0.700843,42628.1,100.649
508,4161536,5.49568,0.001,0.731648,43392.1,100.838
509,4169728,5.32997,0.001,0.723422,42583.5,101.03
510,4177920,5.37966,0.001,0.696167,39086.4,101.24
511,4186112,5.47367,0.000999999,0.730282,36744.4,101.463
512,4194304,5.33436,0.000999999,0.691018,42536.1,101.655
513,4202496,5.37462,0.000999999,0.703891,42746.8,101.847
514,4210688,5.47494,0.000999999,0.705725,42731.4,102.039
515,4218880,5.31833,0.000999999,0.650639,39850,102.244
516,4227072,5.39089,0.000999999,0.660802,39750,102.45
517,4235264,5.19587,0.000999999,0.71333,41973.5,102.646
518,4243456,5.29542,0.000999998,0.658234,42446.7,102.839
519,4251648,5.20327,0.000999998,0.702825,42742,103.03
520,4259840,5.40302,0.000999998,0.719511,41467.5,103.228
521,4268032,5.41068,0.000999998,0.675094,37312.9,103.447
522,4276224,5.45361,0.000999997,0.656855,42524.9,103.64
523,4284416,5.30984,0.000999997,0.656151,42492.4,103.833
524,4292608,5.4536,0.000999997,0.663842,43117.4,104.023
525,4300800,5.2929,0.000999997,0.661132,41646.8,104.219
526,4308992,5.28514,0.000999996,0.682973,42952.4,104.41
527,4317184,5.43036,0.000999996,0.660353,43136.4,104.6
528,4325376,5.45453,0.000999996,0.751403,43190,104.79
529,4333568,5.5193,0.000999995,0.631909,42991.4,104.98
530,4341760,5.27868,0.000999995,0.621288,36583.2,105.204
531,4349952,5.519,0.000999995,0.672382,37254.4,105.424
532,4358144,5.27878,0.000999994,0.746856,43372,105.613
533,4366336,5.41089,0.000999994,0.649605,43643.4,105.801
534,4374528,5.20231,0.000999994,0.669784,42691.4,105.993
535,4382720,5.26215,0.000999993,0.736483,39088.4,106.202
536,4390912,5.26302,0.000999993,0.71981,39004.9,106.412
537,4399104,5.41328,0.000999992,0.702995,42366.6,106.606
538,4407296,5.23576,0.000999992,0.639084,43100.4,106.796
539,4415488,5.34681,0.000999992,0.660757,42696.1,106.988
540,4423680,5.31796,0.000999991,0.646446,40215.6,107.191
541,4431872,5.37478,0.000999991,0.63214,37648.3,107.409
542,4440064,5.38569,0.00099999,0.707009,42460.7,107.602
543,4448256,5.30503,0.00099999,0.63847,42965.7,107.792
544,4456448,5.26326,0.000999989,0.712926,43027.8,107.983
545,4464640,5.27372,0.000999989,0.631309,41135.8,108.182
546,4472832,5.32817,0.000999988,0.659152,39783.2,108.388
547,4481024,5.19883,0.000999988,0.713834,42049.7,108.583
548,4489216,5.20631,0.000999987,0.666126,42642.1,108.775
549,4497408,5.21968,0.000999987,0.582176,42904.3,108.966
550,4505600,5.30283,0.000999986,0.688342,41165.3,109.165
551,4513792,5.12931,0.000999985,0.602637,40371.3,109.368
552,4521984,5.29094,0.000999985,0.657019,43362.8,109.557
553,4530176,5.2807,0.000999984,0.66345,43051.7,109.747
554,4538368,5.14209,0.000999984,0.619045,42740.2,109.939
555,4546560,5.41025,0.000999983,0.676312,37186.7,110.159
556,4554752,5.40991,0.000999982,0.658251,39166.2,110.368
557,4562944,5.18695,0.000999982,0.704898,42597.6,110.56
558,4571136,5.43449,0.000999981,0.659682,43452.7,110.749
559,4579328,5.13201,0.00099998,0.642608,43064,110.939
560,4587520,5.09706,0.00099998,0.721929,39194.7,111.148
561,4595712,5.41974,0.000999979,0.658374,36588.9,111.372
562,4603904,5.28108,0.000999978,0.684743,42481.3,111.565
563,4612096,5.33788,0.000999978,0.594982,42660.8,111.757
564,4620288,5.25499,0.000999977,0.671061,43018.6,111.947
565,4628480,5.30996,0.000999976,0.725688,40407.7,112.15
566,4636672,5.33226,0.000999975,0.593729,39062.1,112.36
567,4644864,5.25866,0.000999975,0.749245,41925.6,112.555
568,4653056,5.31166,0.000999974,0.636806,42481.4,112.748
569,4661248,5.21548,0.000999973,0.757435,42944.4,112.939
570,4669440,5.27838,0.000999972,0.699743,41000.5,113.138
571,4677632,5.23434,0.000999971,0.679117,38401.4,113.352
572,4685824,5.32512,0.000999971,0.668471,42144.7,113.546
573,4694016,5.35987,0.00099997,0.657505,42460.8,113.739
574,4702208,5.18462,0.000999969,0.66531,42742.1,113.931
575,4710400,5.1955,0.000999968,0.621081,41777.1,114.127
576,4718592,5.1902,0.000999967,0.644176,43359.3,114.316
577,4726784,5.50352,0.000999966,0.637803,42984.7,114.506
578,4734976,5.25591,0.000999965,0.667612,43203,114.696
579,4743168,5.39329,0.000999964,0.662235,42914.4,114.887
580,4751360,5.25412,0.000999964,0.689291,37632.6,115.105
581,4759552,5.29356,0.000999963,0.654768,36362.1,115.33
582,4767744,5.07399,0.000999962,0.64877,42897.4,115.521
583,4775936,5.31689,0.000999961,0.679858,42883.1,115.712
584,4784128,5.42389,0.00099996,0.645888,43824.1,115.899
585,4792320,5.24287,0.000999959,0.632676,39428,116.107
586,4800512,5.25023,0.000999958,0.638089,39076.3,116.316
587,4808704,5.32547,0.000999957,0.63494,42188.2,116.51
588,4816896,5.27326,0.000999956,0.619944,42923.2,116.701
589,4825088,5.3391,0.000999955,0.675719,42462.9,116.894
590,4833280,5.2143,0.000999954,0.828355,40783.4,117.095
591,4841472,5.41418,0.000999953,0.651052,37190.1,117.315
592,4849664,5.27138,0.000999952,0.636313,41884.7,117.511
593,4857856,5.26599,0.000999951,0.621493,43115.8,117.701
594,4866048,4.99542,0.000999949,0.633978,42530,117.893
595,4874240,5.27965,0.000999948,0.59497,40966.9,118.093
596,4882432,5.25945,0.000999947,0.645122,40199.5,118.297
597,4890624,5.31221,0.000999946,0.608572,42067.2,118.492
598,4898816,5.24831,0.000999945,0.676582,43226.7,118.681
599,4907008,5.28418,0.000999944,0.643007,42321.7,118.875
600,4915200,5.24581,0.000999943,0.605985,42108.2,119.07
601,4923392,5.1763,0.000999942,0.642579,40967.4,119.27
602,4931584,5.12941,0.00099994,0.634585,43706.6,119.457
603,4939776,5.14937,0.000999939,0.637914,42930.9,119.648
604,4947968,5.30843,0.000999938,0.688246,42897.5,119.839
605,4956160,4.93939,0.000999937,0.644842,36716.8,120.062
606,4964352,5.15835,0.000999936,0.701219,38790.9,120.273
607,4972544,5.13726,0.000999934,0.631798,42811.3,120.464
608,4980736,5.14932,0.000999933,0.618026,43438.8,120.653
609,4988928,5.32954,0.000999932,0.6518,43164.8,120.843
610,4997120,5.16829,0.000999931,0.654948,38580.6,121.055
611,5005312,5.0816,0.000999929,0.661584,37250.4,121.275
612,5013504,5.15377,0.000999928,0.64072,42785.5,121.467
613,5021696,5.32342,0.000999927,0.668376,42722,121.658
614,5029888,5.14259,0.000999925,0.612174,43004,121.849
615,5038080,5.36153,0.000999924,0.648378,40091,122.053
616,5046272,5.36683,0.000999923,0.69323,39114.4,122.263
617,5054464,5.21503,0.000999921,0.679109,41847.6,122.458
618,5062656,5.13646,0.00099992,0.658434,42724,122.65
619,5070848,5.41217,0.000999919,0.652562,42849.9,122.841
620,5079040,5.01212,0.000999917,0.669598,40831,123.042
621,5087232,5.13231,0.000999916,0.615653,37201.5,123.262
622,5095424,5.25314,0.000999914,0.623291,42373.4,123.455
623,5103616,5.29082,0.000999913,0.640912,42515.5,123.648
624,5111808,5.18025,0.000999912,0.73974,43329.6,123.837
625,5120000,5.03948,0.00099991,0.601473,42050.2,124.032
626,5128192,5.39435,0.000999909,0.71117,43188.9,124.222
627,5136384,5.26889,0.000999907,0.676033,42895.6,124.413
628,5144576,5.00489,0.000999906,0.644958,43418.8,124.601
629,5152768,5.37928,0.000999904,0.635493,43137,124.791
630,5160960,5.12274,0.000999903,0.667632,37025.9,125.012
631,5169152,5.11497,0.000999901,0.661228,36255.2,125.238
632,5177344,5.1063,0.0009999,0.620978,43550.2,125.426
633,5185536,5.29181,0.000999898,0.657001,43102.6,125.617
634,5193728,5.16479,0.000999897,0.830869,43134.5,125.806
635,5201920,5.21232,0.000999895,0.598218,39001.6,126.016
636,5210112,5.18148,0.000999894,0.646224,39580,126.223
637,5218304,5.01797,0.000999892,0.618566,42418.8,126.417
638,5226496,5.0895,0.00099989,0.634406,42943.6,126.607
639,5234688,5.26187,0.000999889,0.651654,43002.5,126.798
640,5242880,5.18551,0.000999887,0.626906,40337.8,127.001
641,5251072,5.1847,0.000999886,0.621979,37793.1,127.218
642,5259264,4.96475,0.000999884,0.671481,42544.4,127.41
643,5267456,5.14263,0.000999882,0.645034,43005.3,127.601
644,5275648,5.1525,0.000999881,0.598184,42728.9,127.792
645,5283840,5.42206,0.000999879,0.660298,40841.5,127.993
646,5292032,5.05468,0.000999877,0.623167,40131.8,128.197
647,5300224,5.27575,0.000999876,0.694928,42539.2,128.39
648,5308416,5.05703,0.000999874,0.625016,42744.3,128.581
649,5316608,5.2757,0.000999872,0.805728,42811.1,128.773
650,5324800,5.16769,0.00099987,0.638476,41137.5,128.972
651,5332992,5.22014,0.000999869,0.573717,41168.5,129.171
652,5341184,4.80686,0.000999867,0.680769,43811.1,129.358
653,5349376,5.19868,0.000999865,0.605315,43410.3,129.547
654,5357568,5.28205,0.000999863,0.620546,43616.8,129.734
655,5365760,5.03055,0.000999862,0.60781,37095.9,129.955
656,5373952,5.13057,0.00099986,0.678636,39133.5,130.165
657,5382144,4.98594,0.000999858,0.594193,42711.8,130.356
658,5390336,5.21462,0.000999856,0.613893,43060.6,130.547
659,5398528,5.09152,0.000999854,0.60798,43318.3,130.736
660,5406720,5.11863,0.000999852,0.601124,38850.6,130.947
661,5414912,5.18581,0.000999851,0.623208,37390.9,131.166
662,5423104,5.28205,0.000999849,0.671405,42940,131.356
663,5431296,5.30488,0.000999847,0.608994,43002.4,131.547
664,5439488,5.07969,0.000999845,0.638831,43267.5,131.736
665,5447680,5.06501,0.000999843,0.651928,40345.9,131.939
666,5455872,5.26856,0.000999841,0.591644,39572.5,132.146
667,5464064,4.99374,0.000999839,0.623419,42395.7,132.34
668,5472256,5.25619,0.000999837,0.607796,43214.9,132.529
669,5480448,5.14373,0.000999835,0.59222,42627.4,132.721
670,5488640,5.16654,0.000999833,0.60726,40940.3,132.921
671,5496832,5.03677,0.000999831,0.668072,37859.7,133.138
672,5505024,5.15009,0.000999829,0.627262,42646.9,133.33
673,5513216,5.16633,0.000999827,0.618683,42433.8,133.523
674,5521408,5.41382,0.000999825,0.726918,42457.7,133.716
675,5529600,5.10434,0.000999823,0.599706,42076.1,133.911
676,5537792,5.14043,0.000999821,0.660209,43979.4,134.097
677,5545984,5.21541,0.000999819,0.615927,43123.2,134.287
678,5554176,5.06108,0.000999817,0.577444,43701.7,134.474
679,5562368,5.15583,0.000999815,0.635471,43472.2,134.663
680,5570560,5.00729,0.000999813,0.633191,36904.2,134.885
681,5578752,5.14532,0.000999811,0.580493,37276.3,135.104
682,5586944,5.19166,0.000999809,0.636388,42742.4,135.296
683,5595136,5.18018,0.000999807,0.632122,43751.9,135.483
684,5603328,5.03685,0.000999804,0.597715,43279.4,135.673
685,5611520,4.89619,0.000999802,0.674605,38934,135.883
686,5619712,5.28587,0.0009998,0.624064,39228.2,136.092
687,5627904,5.16634,0.000999798,0.58708,42049.7,136.287
688,5636096,5.21262,0.000999796,0.586434,43191.3,136.476
689,5644288,4.98798,0.000999794,0.629669,43087.7,136.666
690,5652480,5.12721,0.000999791,0.625877,40654.5,136.868
691,5660672,5.05701,0.000999789,0.577608,37332,137.087
692,5668864,5.12522,0.000999787,0.578346,42862.8,137.279
693,5677056,5.13164,0.000999785,0.604032,42329.1,137.472
694,5685248,5.15258,0.000999782,0.651163,43534.1,137.66
695,5693440,5.03822,0.00099978,0.609314,41125.6,137.859
696,5701632,5.06329,0.000999778,0.632044,39598.4,138.066
697,5709824,4.93123,0.000999776,0.599124,41394.2,138.264
698,5718016,4.90741,0.000999773,0.614078,42435.1,138.457
699,5726208,5.13476,0.000999771,0.607096,41892.3,138.653
700,5734400,5.15939,0.000999769,0.579907,41140.4,138.852
701,5742592,5.18012,0.000999766,0.627035,40584.2,139.054
702,5750784,5.1487,0.000999764,0.606637,43672.8,139.241
703,5758976,5.18142,0.000999762,0.629654,43587.2,139.429
704,5767168,5.08685,0.000999759,0.653612,43012.6,139.62
705,5775360,5.11375,0.000999757,0.607241,35888.2,139.848
706,5783552,5.1202,0.000999755,0.644725,38190.9,140.062
707,5791744,5.10274,0.000999752,0.586385,42870.7,140.254
708,5799936,5.12666,0.00099975,0.579508,42978.6,140.444
709,5808128,5.11938,0.000999747,0.619983,42447.3,140.637
710,5816320,4.97233,0.000999745,0.583888,37244.6,140.857
711,5824512,5.19591,0.000999742,0.665998,36275.8,141.083
712,5832704,4.82603,0.00099974,0.702376,42772.1,141.274
713,5840896,5.01403,0.000999738,0.62348,42568.4,141.467
714,5849088,5.11605,0.000999735,0.661977,42097.3,141.662
715,5857280,4.82916,0.000999733,0.614425,38925.9,141.872
716,5865472,4.95194,0.00099973,0.598042,39343.5,142.08
717,5873664,4.81422,0.000999728,0.620745,42158.1,142.275
718,5881856,5.10057,0.000999725,0.599464,42725.5,142.466
719,5890048,4.9628,0.000999722,0.686383,42411.1,142.659
720,5898240,5.19442,0.00099972,0.657869,40402,142.862
721,5906432,4.98652,0.000999717,0.587163,37399.2,143.081
722,5914624,5.05846,0.000999715,0.60892,42262.1,143.275
723,5922816,5.16303,0.000999712,0.66954,43001.7,143.466
724,5931008,5.12841,0.00099971,0.618114,43707.9,143.653
725,5939200,5.18375,0.000999707,0.603595,42088.6,143.848
726,5947392,5.28461,0.000999704,0.617614,42560.7,144.04
727,5955584,5.04518,0.000999702,0.612106,42918.9,144.231
728,5963776,5.01021,0.000999699,0.669639,43091.3,144.421
729,5971968,5.04625,0.000999696,0.591458,42383,144.614
730,5980160,4.97039,0.000999694,0.597893,36295.2,144.84
731,5988352,5.00601,0.000999691,0.614348,37038.2,145.061
732,5996544,4.99572,0.000999688,0.700686,42666.9,145.253
733,6004736,5.07174,0.000999686,0.595965,43623,145.441
734,6012928,5.15447,0.000999683,0.594727,42576.9,145.633
735,6021120,5.04518,0.00099968,0.597081,37871,145.85
736,6029312,5.11665,0.000999678,0.63039,38835.4,146.061
737,6037504,5.06424,0.000999675,0.672959,42664.8,146.253
738,6045696,5.05645,0.000999672,0.632079,43251.6,146.442
739,6053888,5.14752,0.000999669,0.61532,42667.3,146.634
740,6062080,5.13205,0.000999666,0.655455,39801.1,146.84
741,6070272,4.97578,0.000999664,0.635693,37404.9,147.059
742,6078464,4.82674,0.000999661,0.63799,42443.5,147.252
743,6086656,5.19403,0.000999658,0.588194,42955,147.443
744,6094848,5.14026,0.000999655,0.585059,42354.9,147.636
745,6103040,5.00719,0.000999652,0.601643,40317.6,147.839
746,6111232,5.03711,0.000999649,0.617796,40509.7,148.041
747,6119424,5.04631,0.000999647,0.605831,42638.4,148.234
748,6127616,5.01676,0.000999644,0.64247,43057.3,148.424
749,6135808,5.00087,0.000999641,0.631966,43310.5,148.613
750,6144000,4.91729,0.000999638,0.614931,41392.6,148.811
751,6152192,4.92964,0.000999635,0.579232,40163.1,149.015
752,6160384,4.99511,0.000999632,0.601313,43163.2,149.205
753,6168576,5.06718,0.000999629,0.648073,43490.8,149.393
754,6176768,4.89768,0.000999626,0.575067,43442,149.582
755,6184960,5.03123,0.000999623,0.622551,36873.1,149.804
756,6193152,4.94771,0.00099962,0.605857,39188.8,150.013
757,6201344,5.11207,0.000999617,0.600577,42904.6,150.204
758,6209536,4.99939,0.000999614,0.606037,43557.9,150.392
759,6217728,5.03424,0.000999611,0.670637,42612.8,150.584
760,6225920,5.04392,0.000999608,0.633764,38842.3,150.795
761,6234112,5.08684,0.000999605,0.626124,36946,151.017
762,6242304,4.85199,0.000999602,0.606607,43281.3,151.206
763,6250496,5.01569,0.000999599,0.602801,43448.5,151.395
764,6258688,5.21634,0.000999596,0.625946,42927.4,151.585
765,6266880,5.10666,0.000999593,0.622589,39557.8,151.792
766,6275072,5.00634,0.00099959,0.609426,39652.8,151.999
767,6283264,4.94867,0.000999587,0.58463,41938.6,152.194
768,6291456,4.97704,0.000999584,0.608131,42913.4,152.385
769,6299648,4.98142,0.000999581,0.591086,43036.8,152.576
770,6307840,5.13296,0.000999577,0.587586,41294.7,152.774
771,6316032,5.11217,0.000999574,0.614196,37544.1,152.992
772,6324224,5.11114,0.000999571,0.594013,42779.8,153.184
773,6332416,5.24045,0.000999568,0.628205,42431.9,153.377
774,6340608,4.95266,0.000999565,0.596425,42666.9,153.569
775,6348800,4.83323,0.000999562,0.678836,41642.1,153.765
776,6356992,5.22604,0.000999558,0.654297,41907.9,153.961
777,6365184,5.17279,0.000999555,0.58506,42808.5,154.152
778,6373376,4.97284,0.000999552,0.671127,43407.3,154.341
779,6381568,4.88847,0.000999549,0.619458,42674.9,154.533
780,6389760,4.99253,0.000999545,0.69845,37489.1,154.752
781,6397952,5.20673,0.000999542,0.644883,36536.8,154.976
782,6406144,5.09338,0.000999539,0.661636,43311.3,155.165
783,6414336,5.09937,0.000999536,0.617593,43504.2,155.353
784,6422528,4.99812,0.000999532,0.637693,42701.7,155.545
785,6430720,4.83208,0.000999529,0.604209,39413.4,155.753
786,6438912,4.94246,0.000999526,0.650541,39875.9,155.958
787,6447104,4.95145,0.000999522,0.561463,42586.1,156.151
788,6455296,4.93584,0.000999519,0.713252,42975.3,156.341
789,6463488,4.98355,0.000999516,0.618313,42721.6,156.533
790,6471680,4.95903,0.000999512,0.591826,40230.8,156.737
791,6479872,4.9867,0.000999509,0.630797,38588.1,156.949
792,6488064,4.93918,0.000999506,0.59018,42685.8,157.141
793,6496256,5.02922,0.000999502,0.627865,42774.5,157.332
794,6504448,4.9725,0.000999499,0.687118,43009.3,157.523
795,6512640,5.11534,0.000999495,0.608766,41323,157.721
796,6520832,5.01973,0.000999492,0.615832,40695.3,157.922
797,6529024,4.89279,0.000999488,0.655429,43180.1,158.112
798,6537216,5.04366,0.000999485,0.618513,43733.9,158.299
799,6545408,4.75896,0.000999481,0.620283,43933.8,158.486
800,6553600,4.98145,0.000999478,0.630165,42339.1,158.679
801,6561792,4.97689,0.000999475,0.618369,40325.7,158.883
802,6569984,5.04407,0.000999471,0.618579,43213.8,159.072
803,6578176,5.00106,0.000999467,0.617768,43021.5,159.263
804,6586368,4.82189,0.000999464,0.703964,43159,159.452
805,6594560,4.97408,0.00099946,0.589182,38854.3,159.663
806,6602752,5.14575,0.000999457,0.655563,37724,159.88
807,6610944,5.0087,0.000999453,0.593389,43015,160.071
808,6619136,5.00176,0.00099945,0.643297,43457.7,160.259
809,6627328,5.02829,0.000999446,0.615718,43230.9,160.449
810,6635520,5.09857,0.000999443,0.704967,40506.3,160.651
811,6643712,5.16389,0.000999439,0.624934,36734.8,160.874
812,6651904,4.85039,0.000999435,0.59065,42488.7,161.067
813,6660096,5.03496,0.000999432,0.603922,43419,161.255
814,6668288,5.0636,0.000999428,0.59875,43389.9,161.444
815,6676480,4.98496,0.000999424,0.619778,41196.4,161.643
816,6684672,4.87098,0.000999421,0.591253,39321.9,161.851
817,6692864,4.94081,0.000999417,0.610293,41160.8,162.05
818,6701056,4.86709,0.000999413,0.570224,42727.8,162.242
819,6709248,4.91792,0.00099941,0.58007,43183.2,162.432
820,6717440,4.89293,0.000999406,0.597093,41746.9,162.628
821,6725632,4.93532,0.000999402,0.606735,37806.3,162.845
822,6733824,4.86229,0.000999398,0.63971,41626.3,163.042
823,6742016,5.06591,0.000999395,0.603417,42718.2,163.233
824,6750208,4.9934,0.000999391,0.561147,42914,163.424
825,6758400,4.90658,0.000999387,0.618374,41603.7,163.621
826,6766592,4.79098,0.000999383,0.617635,44182.1,163.807
827,6774784,4.94988,0.000999379,0.610281,42932.6,163.997
828,6782976,4.9619,0.000999376,0.605151,43816,164.184
829,6791168,4.90607,0.000999372,0.593339,43068.2,164.375
830,6799360,4.98989,0.000999368,0.576005,37666.3,164.592
831,6807552,4.91175,0.000999364,0.590198,36825.2,164.815
832,6815744,4.99518,0.00099936,0.643722,43079.1,165.005
833,6823936,5.05945,0.000999356,0.581058,43123.1,165.195
834,6832128,5.08046,0.000999353,0.657338,42955.4,165.385
835,6840320,4.78991,0.000999349,0.590274,38786.1,165.597
836,6848512,5.16678,0.000999345,1.32242,39870.8,165.802
837,6856704,4.89111,0.000999341,0.63716,42489.4,165.995
838,6864896,4.85237,0.000999337,0.688858,43195.6,166.184
839,6873088,5.04467,0.000999333,0.597344,42908.2,166.375
840,6881280,4.81629,0.000999329,0.601306,39412.7,166.583
841,6889472,4.91881,0.000999325,0.640612,37606.6,166.801
842,6897664,4.87987,0.000999321,0.611805,42321.8,166.995
843,6905856,4.72544,0.000999317,0.676102,42268.4,167.188
844,6914048,5.02148,0.000999313,0.646354,42876.7,167.38
845,6922240,5.0301,0.000999309,0.585021,40322,167.583
846,6930432,4.99454,0.000999305,0.594773,39823,167.788
847,6938624,4.95226,0.000999301,0.615853,41330.4,167.987
848,6946816,4.98142,0.000999297,0.608221,42597.2,168.179
849,6955008,5.04003,0.000999293,0.639774,42657,168.371
850,6963200,4.92184,0.000999289,0.606784,41301,168.569
851,6971392,4.90373,0.000999285,0.607539,41299.7,168.768
852,6979584,4.80501,0.000999281,0.574855,43256.5,168.957
853,6987776,4.81935,0.000999277,0.589037,43069.7,169.147
854,6995968,4.9795,0.000999272,0.614106,42778.8,169.339
855,7004160,4.78771,0.000999268,0.684852,37111,169.56
856,7012352,5.12567,0.000999264,0.623411,37990.9,169.775
857,7020544,4.90194,0.00099926,0.622502,42730.9,169.967
858,7028736,4.96488,0.000999256,0.589514,43414,170.156
859,7036928,4.78103,0.000999252,0.590094,43379.5,170.344
860,7045120,4.8697,0.000999248,0.57046,38699.7,170.556
861,7053312,4.91991,0.000999243,0.612839,37128.2,170.777
862,7061504,5.0306,0.000999239,0.633123,42562.3,170.969
863,7069696,4.7741,0.000999235,0.589784,43000.3,171.16
864,7077888,4.7131,0.000999231,0.598495,43047.6,171.35
865,7086080,4.85326,0.000999226,0.589339,40538.5,171.552
866,7094272,4.81398,0.000999222,0.615945,39329,171.76
867,7102464,4.79981,0.000999218,0.565834,42386,171.954
868,7110656,5.00953,0.000999214,0.597193,43159.5,172.143
869,7118848,4.97601,0.000999209,0.668903,42597,172.336
870,7127040,4.89632,0.000999205,0.597276,41437.9,172.533
871,7135232,4.57061,0.000999201,0.635492,37196.4,172.754
872,7143424,4.92555,0.000999196,0.671433,42312.3,172.947
873,7151616,4.98976,0.000999192,0.587532,42896,173.138
874,7159808,4.76989,0.000999188,0.589325,42676.5,173.33
875,7168000,4.96271,0.000999183,0.605311,41961.4,173.525
876,7176192,5.05772,0.000999179,0.599748,41349.9,173.724
877,7184384,5.03643,0.000999175,0.570333,41581.5,173.921
878,7192576,4.88777,0.00099917,0.648775,42595.2,174.113
879,7200768,4.79404,0.000999166,0.631095,42683.4,174.305
880,7208960,4.93281,0.000999161,0.59652,36027.4,174.532
881,7217152,4.78279,0.000999157,0.566123,35474.1,174.763
882,7225344,4.98891,0.000999153,0.635302,42711.3,174.955
883,7233536,4.9718,0.000999148,0.755011,42996.1,175.145
884,7241728,4.92437,0.000999144,0.635258,42754.9,175.337
885,7249920,4.91565,0.000999139,0.648982,39245.4,175.546
886,7258112,4.92903,0.000999135,0.619395,38399.3,175.759
887,7266304,4.88107,0.00099913,0.657811,42380.2,175.952
888,7274496,4.78819,0.000999126,0.595864,42889.2,176.143
889,7282688,4.77001,0.000999121,0.587628,42660.3,176.335
890,7290880,4.9797,0.000999117,0.598897,40605.5,176.537
891,7299072,4.75027,0.000999112,0.631855,36896.9,176.759
892,7307264,4.81659,0.000999107,0.593839,42158.4,176.954
893,7315456,4.96413,0.000999103,0.61185,42628.3,177.146
894,7323648,4.93949,0.000999098,0.782363,43212,177.335
895,7331840,5.03003,0.000999094,0.616731,40734.9,177.536
896,7340032,4.91741,0.000999089,0.593727,40164.4,177.74
897,7348224,4.99348,0.000999085,0.610871,41379.5,177.938
898,7356416,4.84153,0.00099908,0.614847,42589.1,178.131
899,7364608,5.01005,0.000999075,0.626323,43385,178.32
900,7372800,4.80551,0.000999071,0.633581,41830.6,178.515
901,7380992,4.87894,0.000999066,0.605513,40514.6,178.718
902,7389184,4.87919,0.000999061,0.618087,43701.1,178.905
903,7397376,4.90658,0.000999057,0.590952,43244.4,179.094
904,7405568,4.90368,0.000999052,0.605919,43666.3,179.282
905,7413760,4.86245,0.000999047,0.612486,36918,179.504
906,7421952,4.94284,0.000999042,0.576491,38634.9,179.716
907,7430144,4.87324,0.000999038,0.572674,42382.7,179.909
908,7438336,4.85261,0.000999033,0.57486,43269.1,180.099
909,7446528,5.0107,0.000999028,0.839983,43486.2,180.287
910,7454720,4.85214,0.000999023,0.606247,39448.4,180.495
911,7462912,4.96296,0.000999019,0.576844,37044.1,180.716
912,7471104,4.881,0.000999014,0.983105,43105.5,180.906
913,7479296,5.01092,0.000999009,0.573995,43560.7,181.094
914,7487488,5.00669,0.000999004,0.621406,43117.5,181.284
915,7495680,4.91637,0.000998999,0.619815,40280.3,181.487
916,7503872,4.84802,0.000998995,0.614977,39836.5,181.693
917,7512064,4.90327,0.00099899,0.659272,42559.8,181.885
918,7520256,4.83419,0.000998985,0.610338,43329.7,182.074
919,7528448,4.81142,0.00099898,0.581908,43221.2,182.264
920,7536640,5.0783,0.000998975,0.59396,40766.1,182.465
921,7544832,4.75139,0.00099897,0.562991,37813,182.682
922,7553024,4.78213,0.000998965,0.598318,42675.3,182.874
923,7561216,4.88747,0.00099896,0.610226,42677.8,183.065
924,7569408,4.95622,0.000998955,0.61513,42886.9,183.256
925,7577600,4.96339,0.000998951,0.613171,41363.8,183.455
926,7585792,5.03774,0.000998946,0.604144,42519.2,183.647
927,7593984,4.84188,0.000998941,0.592559,43089.9,183.837
928,7602176,4.9008,0.000998936,0.614546,43016.4,184.028
929,7610368,4.91784,0.000998931,0.609264,44201.4,184.213
930,7618560,4.89691,0.000998926,0.59507,37602.3,184.431
931,7626752,4.74435,0.000998921,0.600874,35715.9,184.66
932,7634944,4.9566,0.000998916,0.62547,43569.2,184.848
933,7643136,4.82938,0.000998911,0.584249,43411.3,185.037
934,7651328,4.74399,0.000998906,0.576661,42962.4,185.228
935,7659520,5.01931,0.0009989,0.611083,39714.8,185.434
936,7667712,4.79226,0.000998895,0.616615,38966,185.644
937,7675904,4.7353,0.00099889,0.875807,42666.7,185.836
938,7684096,4.8937,0.000998885,0.604527,43135.7,186.026
939,7692288,4.89237,0.00099888,0.758864,42909,186.217
940,7700480,4.84087,0.000998875,0.688916,40029.9,186.422
941,7708672,4.92519,0.00099887,0.666748,36722.4,186.645
942,7716864,4.96747,0.000998865,0.608279,42709.2,186.837
943,7725056,4.80026,0.00099886,0.600715,43048.7,187.027
944,7733248,4.90202,0.000998854,0.584121,42596.6,187.219
945,7741440,4.88588,0.000998849,0.612936,41182.2,187.418
946,7749632,4.87535,0.000998844,0.65099,39703.7,187.624
947,7757824,4.92056,0.000998839,0.639584,41733.6,187.821
948,7766016,4.89375,0.000998834,0.620269,43231.4,188.01
949,7774208,4.8292,0.000998828,0.577719,42933,188.201
950,7782400,4.78123,0.000998823,0.626542,41950.6,188.396
951,7790592,4.88578,0.000998818,0.58998,40157.8,188.6
952,7798784,4.93728,0.000998813,0.58679,43268.3,188.79
953,7806976,4.96224,0.000998807,0.616413,43935.2,188.976
954,7815168,4.93501,0.000998802,0.578696,43708.6,189.164
955,7823360,4.77809,0.000998797,0.643883,36795.6,189.386
956,7831552,4.75982,0.000998792,0.597291,37953.6,189.602
957,7839744,4.69708,0.000998786,0.612368,42685.8,189.794
958,7847936,5.05817,0.000998781,0.597194,43736.6,189.981
959,7856128,4.85079,0.000998776,0.59368,43467.9,190.17
960,7864320,4.84839,0.00099877,0.660711,38562.9,190.382
961,7872512,4.86006,0.000998765,0.632351,36868.9,190.604
962,7880704,4.88343,0.000998759,0.63622,43059.9,190.795
963,7888896,4.88545,0.000998754,0.63303,42841.8,190.986
964,7897088,4.81601,0.000998749,0.622646,42782.4,191.177
965,7905280,4.42748,0.000998743,0.619831,39852.3,191.383
966,7913472,4.81248,0.000998738,0.621071,39488.9,191.59
967,7921664,4.81188,0.000998732,0.614938,42359.3,191.784
968,7929856,4.89506,0.000998727,0.659295,43311.1,191.973
969,7938048,4.95701,0.000998722,0.609227,42545.9,192.165
970,7946240,4.72562,0.000998716,0.624352,40758,192.366
971,7954432,4.71373,0.000998711,0.570364,38245.4,192.581
972,7962624,4.7871,0.000998705,0.617519,42431.7,192.774
973,7970816,4.65424,0.0009987,0.589306,42882.1,192.965
974,7979008,4.98361,0.000998694,0.599106,43212.7,193.154
975,7987200,4.81437,0.000998689,0.616372,42024.1,193.349
976,7995392,5.04878,0.000998683,0.707078,44140.7,193.535
977,8003584,4.87749,0.000998677,0.589186,43306.4,193.724
978,8011776,4.95667,0.000998672,0.627501,43767.7,193.911
979,8019968,4.79225,0.000998666,0.596029,43463,194.1
980,8028160,4.88723,0.000998661,0.615497,37827.6,194.316
981,8036352,4.67098,0.000998655,0.599463,36046.5,194.543
982,8044544,4.79595,0.00099865,0.611255,43138.1,194.733
983,8052736,4.71598,0.000998644,0.633476,43600.6,194.921
984,8060928,4.76857,0.000998638,0.608732,43574.5,195.109
985,8069120,4.77814,0.000998633,0.657273,38983.4,195.319
986,8077312,4.81644,0.000998627,0.586415,38668.7,195.531
987,8085504,4.78555,0.000998621,0.678356,42403.5,195.724
988,8093696,4.73146,0.000998616,0.638566,43218.2,195.914
989,8101888,4.97039,0.00099861,0.634097,43255,196.103
990,8110080,4.92408,0.000998604,0.584607,40178.7,196.307
991,8118272,4.65352,0.000998599,0.583455,37175.9,196.528
992,8126464,4.71319,0.000998593,0.605765,42420.6,196.721
993,8134656,5.05203,0.000998587,0.645014,43233.5,196.91
994,8142848,4.88815,0.000998581,0.603385,43331,197.099
995,8151040,4.88238,0.000998576,0.601112,40633,197.301
996,8159232,5.02393,0.00099857,0.597625,39908.1,197.506
997,8167424,4.65236,0.000998564,0.558703,41616.9,197.703
998,8175616,4.88916,0.000998558,0.608985,43020.8,197.893
999,8183808,4.81893,0.000998552,0.619833,43525.6,198.082
1000,8192000,4.85249,0.000998547,0.602347,41333.7,198.28
1001,8200192,4.76024,0.000998541,0.592291,40341.9,198.483
1002,8208384,4.86438,0.000998535,0.595929,43302.8,198.672
1003,8216576,4.87956,0.000998529,0.569958,43778.8,198.859
1004,8224768,4.73067,0.000998523,0.627929,43277.1,199.048
1005,8232960,4.63379,0.000998517,0.5871,37569.3,199.266
1006,8241152,4.82828,0.000998511,0.625548,38638.5,199.478
1007,8249344,4.77861,0.000998506,0.57445,42887.5,199.669
1008,8257536,4.87815,0.0009985,0.5993,43055.3,199.86
1009,8265728,4.79737,0.000998494,0.591649,43116.1,200.05
1010,8273920,4.74919,0.000998488,0.608285,39374.5,200.258
1011,8282112,4.87099,0.000998482,0.587595,35826,200.486
1012,8290304,4.70005,0.000998476,0.649412,42642.6,200.679
1013,8298496,4.9324,0.00099847,0.591095,43436.3,200.867
1014,8306688,4.73874,0.000998464,0.605073,42824.7,201.058
1015,8314880,4.82237,0.000998458,0.612263,40415.7,201.261
1016,8323072,4.69586,0.000998452,0.593108,38765.3,201.472
1017,8331264,4.66866,0.000998446,0.563948,42277.4,201.666
1018,8339456,4.71973,0.00099844,0.581798,42573.4,201.859
1019,8347648,4.67585,0.000998434,0.668514,43257.6,202.048
1020,8355840,4.79697,0.000998428,0.57929,41252.9,202.247
1021,8364032,4.82508,0.000998422,0.700981,37529.8,202.465
1022,8372224,4.80682,0.000998416,0.573688,42771.5,202.656
1023,8380416,4.79704,0.00099841,0.634432,42810.1,202.848
1024,8388608,4.76418,0.000998404,0.588021,43157.3,203.038
1025,8396800,4.85988,0.000998397,0.62563,42130.2,203.232
1026,8404992,4.87543,0.000998391,0.658815,42537.5,203.425
1027,8413184,4.70969,0.000998385,0.625995,42634.9,203.617
1028,8421376,4.75877,0.000998379,0.619343,42513.4,203.809
1029,8429568,4.79712,0.000998373,0.599001,42876.7,204.001
1030,8437760,4.74072,0.000998367,0.664192,36846.4,204.223
1031,8445952,4.81161,0.000998361,0.581092,36207.8,204.449
1032,8454144,4.58534,0.000998354,0.587912,42909.4,204.64
1033,8462336,4.68814,0.000998348,0.6263,43300.6,204.829
1034,8470528,4.61144,0.000998342,0.604676,42968.2,205.02
1035,8478720,4.60477,0.000998336,0.589883,39700.2,205.226
1036,8486912,4.83247,0.000998329,0.64353,38852.1,205.437
1037,8495104,4.68957,0.000998323,0.592337,42177.8,205.631
1038,8503296,4.57375,0.000998317,0.601976,43470.7,205.82
1039,8511488,4.94165,0.000998311,0.609227,42933.9,206.011
1040,8519680,4.76024,0.000998304,0.599925,40471.8,206.213
1041,8527872,4.77641,0.000998298,0.594532,36789.3,206.436
1042,8536064,4.92416,0.000998292,0.601456,42953.8,206.626
1043,8544256,4.66757,0.000998286,0.59709,42804.3,206.818
1044,8552448,4.7609,0.000998279,0.68627,43037.6,207.008
1045,8560640,4.78355,0.000998273,0.595955,40987.7,207.208
1046,8568832,4.6074,0.000998266,0.580867,40161.1,207.412
1047,8577024,4.78258,0.00099826,0.568638,42342.7,207.605
1048,8585216,4.82717,0.000998254,0.592706,42748.8,207.797
1049,8593408,4.56088,0.000998247,0.597253,42928.2,207.988
1050,8601600,4.92564,0.000998241,0.58898,41903.8,208.183
1051,8609792,4.6733,0.000998235,0.606534,40234.5,208.387
1052,8617984,4.67227,0.000998228,0.600086,43832.2,208.574
1053,8626176,4.7436,0.000998222,0.615428,42931.4,208.765
1054,8634368,4.76617,0.000998215,0.5922,43205.2,208.954
1055,8642560,4.60625,0.000998209,0.603039,37237.4,209.174
1056,8650752,4.98234,0.000998202,0.603679,37951.4,209.39
1057,8658944,4.59294,0.000998196,0.580131,43014.1,209.581
1058,8667136,4.72177,0.000998189,0.606914,42783.5,209.772
1059,8675328,4.863,0.000998183,0.570845,43032.4,209.962
1060,8683520,4.89999,0.000998176,0.599011,39587.8,210.169
1061,8691712,4.74277,0.00099817,0.617818,37030.9,210.391
1062,8699904,4.80241,0.000998163,0.634254,42578.9,210.583
1063,8708096,4.84468,0.000998157,0.608011,43273.8,210.772
1064,8716288,4.63633,0.00099815,0.591143,43711.6,210.96
1065,8724480,4.52111,0.000998144,0.580025,39888.7,211.165
1066,8732672,4.68462,0.000998137,0.617465,39725,211.371
1067,8740864,4.71957,0.00099813,0.643662,41874.8,211.567
1068,8749056,4.82128,0.000998124,0.617393,43238.9,211.756
1069,8757248,4.82289,0.000998117,0.585895,43020.8,211.947
1070,8765440,4.92093,0.000998111,0.588745,41587.3,212.144
1071,8773632,4.8061,0.000998104,0.601371,38222.5,212.358
1072,8781824,4.60747,0.000998097,0.588131,42267.1,212.552
1073,8790016,4.766,0.000998091,0.602096,43185.2,212.742
1074,8798208,4.76883,0.000998084,0.575196,43578.9,212.93
1075,8806400,4.62159,0.000998077,0.580846,41539.4,213.127
1076,8814592,4.81503,0.000998071,0.660411,43517.5,213.315
1077,8822784,4.44542,0.000998064,0.597815,44074.4,213.501
1078,8830976,4.6679,0.000998057,0.60149,43553.6,213.689
1079,8839168,4.75177,0.00099805,0.6109,43098.5,213.879
1080,8847360,4.52442,0.000998044,0.606781,37948,214.095
1081,8855552,4.71005,0.000998037,0.60481,36245.9,214.321
1082,8863744,4.6016,0.00099803,0.588696,43187.2,214.511
1083,8871936,4.77362,0.000998023,0.622303,43080.7,214.701
1084,8880128,4.66767,0.000998017,0.606297,43511.5,214.889
1085,8888320,4.81654,0.00099801,0.658621,39886.8,215.094
1086,8896512,4.68071,0.000998003,0.625107,39257.4,215.303
1087,8904704,4.74061,0.000997996,0.570003,42433.3,215.496
1088,8912896,4.89822,0.000997989,0.671437,42697.1,215.688
1089,8921088,4.96893,0.000997982,0.615534,43337.8,215.877
1090,8929280,4.79624,0.000997976,0.629865,40408.2,216.08
1091,8937472,4.61445,0.000997969,0.594226,37359.1,216.299
1092,8945664,4.59151,0.000997962,0.58915,42361,216.492
1093,8953856,4.83322,0.000997955,0.597438,42984.5,216.683
1094,8962048,4.62648,0.000997948,0.628246,42768.3,216.875
1095,8970240,4.95922,0.000997941,0.7002,41168.1,217.074
1096,8978432,4.55875,0.000997934,0.597546,39818.3,217.279
1097,8986624,4.8428,0.000997927,0.580019,41986,217.474
1098,8994816,4.7251,0.00099792,0.637974,43329.9,217.663
1099,9003008,4.66636,0.000997913,0.607534,43009.4,217.854
1100,9011200,4.61594,0.000997906,0.611856,41866.4,218.05
1101,9019392,4.68146,0.000997899,0.589375,40596.8,218.251
1102,9027584,4.71008,0.000997892,0.615623,44326.8,218.436
1103,9035776,4.93,0.000997885,0.621013,43955.7,218.623
1104,9043968,4.52673,0.000997878,0.589365,43991.5,218.809
1105,9052160,4.75974,0.000997871,0.610691,36702.9,219.032
1106,9060352,4.76117,0.000997864,0.610696,39582.4,219.239
1107,9068544,4.76205,0.000997857,0.637191,42652,219.431
1108,9076736,4.65721,0.00099785,0.601139,43150.5,219.621
1109,9084928,4.53798,0.000997843,0.59742,43021.8,219.811
1110,9093120,4.68775,0.000997836,0.646956,38890.3,220.022
1111,9101312,4.4575,0.000997829,0.62162,37688.7,220.239
1112,9109504,4.67483,0.000997822,0.572292,43392.2,220.428
1113,9117696,4.53729,0.000997814,0.622697,42783.7,220.62
1114,9125888,4.60524,0.000997807,0.592662,43595.5,220.807
1115,9134080,4.95025,0.0009978,0.638408,40568.3,221.009
1116,9142272,4.72626,0.000997793,0.618456,39935.9,221.215
1117,9150464,4.73284,0.000997786,0.619252,41731.7,221.411
1118,9158656,4.73537,0.000997779,0.632768,43119.4,221.601
1119,9166848,4.66842,0.000997771,0.6053,43035.5,221.791
1120,9175040,4.63809,0.000997764,0.613876,41594.8,221.988
1121,9183232,4.74156,0.000997757,0.614219,38612.3,222.2
1122,9191424,4.62033,0.00099775,0.627445,41934.8,222.396
1123,9199616,4.75295,0.000997742,0.595025,43105.8,222.586
1124,9207808,4.72194,0.000997735,0.63429,43222.3,222.775
1125,9216000,4.77868,0.000997728,0.620178,42421.5,222.968
1126,9224192,4.74121,0.000997721,0.633756,44339.2,223.153
1127,9232384,4.74562,0.000997713,0.621314,44099.8,223.339
1128,9240576,4.80598,0.000997706,0.639565,43300.9,223.528
1129,9248768,4.63834,0.000997699,0.65858,43986.2,223.714
1130,9256960,4.70568,0.000997691,0.598054,37312.5,223.934
1131,9265152,4.57421,0.000997684,0.640573,36422.5,224.159
1132,9273344,4.72435,0.000997677,0.645855,43490.1,224.347
1133,9281536,4.86271,0.000997669,3.55893,44345.8,224.532
1134,9289728,4.59664,0.000997662,0.584677,42844.8,224.723
1135,9297920,4.9261,0.000997655,0.671549,38837.9,224.934
1136,9306112,4.67861,0.000997647,0.649035,39577.3,225.141
1137,9314304,4.7403,0.00099764,0.668805,42600.1,225.333
1138,9322496,4.65539,0.000997632,0.62663,43619,225.521
1139,9330688,4.81164,0.000997625,0.643628,43192.8,225.711
1140,9338880,4.73106,0.000997618,0.625842,40142.3,225.915
1141,9347072,4.72235,0.00099761,0.61947,37673.7,226.132
1142,9355264,4.63329,0.000997603,0.657541,42772.7,226.324
1143,9363456,4.45983,0.000997595,0.66225,43195,226.513
1144,9371648,4.54205,0.000997588,0.636421,42973.8,226.704
1145,9379840,4.60315,0.00099758,0.638885,40554.4,226.906
1146,9388032,4.66326,0.000997573,0.628282,40562.5,227.108
1147,9396224,4.74678,0.000997565,0.615416,42299.5,227.302
1148,9404416,4.8611,0.000997558,0.62598,43339.5,227.491
1149,9412608,4.77747,0.00099755,0.593398,43371,227.68
1150,9420800,4.83378,0.000997542,0.624898,41693.3,227.876
1151,9428992,4.84538,0.000997535,0.627278,40741.2,228.077
1152,9437184,4.73843,0.000997527,0.643188,43895.9,228.264
1153,9445376,4.54518,0.00099752,0.617675,43826,228.451
1154,9453568,4.62555,0.000997512,0.614069,43842.2,228.637
1155,9461760,4.53817,0.000997504,0.595992,37973.8,228.853
1156,9469952,4.76428,0.000997497,0.601969,37370.1,229.072
1157,9478144,4.76875,0.000997489,0.606638,43043.9,229.263
1158,9486336,4.69552,0.000997482,0.628035,43320,229.452
1159,9494528,4.62726,0.000997474,0.595254,43729,229.639
1160,9502720,4.66316,0.000997466,0.605909,39814.1,229.845
1161,9510912,4.70892,0.000997458,0.613027,36153.4,230.072
1162,9519104,4.6588,0.000997451,0.633078,42424,230.265
1163,9527296,4.87508,0.000997443,0.649706,43138.8,230.455
1164,9535488,4.61281,0.000997435,0.598336,43205.6,230.644
1165,9543680,4.77352,0.000997428,0.619396,41408.6,230.842
1166,9551872,4.55788,0.00099742,0.589762,38930.9,231.052
1167,9560064,4.57559,0.000997412,0.61325,41084.9,231.252
1168,9568256,4.72316,0.000997404,0.625973,43294,231.441
1169,9576448,4.68686,0.000997397,0.595601,43388.2,231.63
1170,9584640,4.53,0.000997389,0.624256,41318.2,231.828
1171,9592832,4.7031,0.000997381,0.571352,37692.5,232.045
1172,9601024,4.60129,0.000997373,0.618493,42060,232.24
1173,9609216,4.56533,0.000997365,0.619673,42776.5,232.432
1174,9617408,4.71077,0.000997357,0.648217,43063.5,232.622
1175,9625600,4.58059,0.00099735,0.604819,42092.2,232.817
1176,9633792,4.67644,0.000997342,0.596667,43162.7,233.006
1177,9641984,4.5835,0.000997334,0.604615,43133.6,233.196
1178,9650176,4.78281,0.000997326,0.668881,43417.9,233.385
1179,9658368,4.894,0.000997318,0.612779,43189.1,233.575
1180,9666560,4.65901,0.00099731,0.61963,36414.3,233.8
1181,9674752,4.57451,0.000997302,0.623656,36578.1,234.024
1182,9682944,4.73317,0.000997294,0.671864,43788.7,234.211
1183,9691136,4.61064,0.000997286,0.673569,43368.9,234.4
1184,9699328,4.5716,0.000997278,0.604461,42977.4,234.59
1185,9707520,4.64933,0.00099727,0.602575,38517.3,234.803
1186,9715712,4.5054,0.000997263,0.633674,38887.3,235.013
1187,9723904,4.60703,0.000997255,0.635766,42667.4,235.205
1188,9732096,4.69514,0.000997247,0.596322,43292.1,235.395
1189,9740288,4.67113,0.000997238,0.634994,43093.5,235.585
1190,9748480,4.83457,0.00099723,0.691983,39499.2,235.792
1191,9756672,4.72474,0.000997222,0.596721,37597.4,236.01
1192,9764864,4.68976,0.000997214,0.631195,43527.5,236.198
1193,9773056,4.64453,0.000997206,0.694868,42808.7,236.39
1194,9781248,4.7704,0.000997198,0.736409,43111.5,236.58
1195,9789440,4.57881,0.00099719,0.606179,40151.2,236.784
1196,9797632,4.61261,0.000997182,0.637033,39616.5,236.99
1197,9805824,4.49539,0.000997174,0.662293,42697.2,237.182
1198,9814016,4.7619,0.000997166,0.663486,42982.6,237.373
1199,9822208,4.54721,0.000997158,0.676154,42449,237.566
1200,9830400,4.56194,0.00099715,0.654423,41266.9,237.764
1201,9838592,4.47874,0.000997141,0.696979,40926.5,237.965
1202,9846784,4.68414,0.000997133,0.63557,43783.2,238.152
1203,9854976,4.79125,0.000997125,0.61683,43057.5,238.342
1204,9863168,4.46207,0.000997117,0.622821,43419.1,238.531
1205,9871360,4.43764,0.000997109,0.634555,36462.5,238.755
1206,9879552,4.56585,0.0009971,0.667018,38392,238.969
1207,9887744,4.59549,0.000997092,0.647147,42769.6,239.16
1208,9895936,4.74007,0.000997084,0.592324,43051.5,239.35
1209,9904128,4.61037,0.000997076,0.618972,42754.8,239.542
1210,9912320,4.49187,0.000997068,0.657199,38748.9,239.753
1211,9920512,4.52973,0.000997059,0.658606,37310.3,239.973
1212,9928704,4.63182,0.000997051,0.595108,43059.9,240.163
1213,9936896,4.63773,0.000997043,0.577442,43137.1,240.353
1214,9945088,4.62192,0.000997034,0.604721,42953.6,240.544
1215,9953280,4.71981,0.000997026,0.609396,40497.8,240.746
1216,9961472,4.72742,0.000997018,0.629689,39242.5,240.955
1217,9969664,4.71985,0.000997009,0.631684,42019.6,241.15
1218,9977856,4.53286,0.000997001,0.597845,43079.7,241.34
1219,9986048,4.55594,0.000996993,0.667314,43425.9,241.529
1220,9994240,4.56321,0.000996984,0.641028,40831.5,241.729
1221,10002432,4.62132,0.000996976,0.650647,38230.3,241.944
1222,10010624,4.60087,0.000996968,0.597651,42354.2,242.137
1223,10018816,4.70908,0.000996959,0.638721,42938.2,242.328
1224,10027008,4.65575,0.000996951,0.598653,42650.4,242.52
1225,10035200,4.52376,0.000996942,0.607881,42101.4,242.714
1226,10043392,4.54798,0.000996934,0.628437,43739.5,242.902
1227,10051584,4.52942,0.000996925,0.612231,43248.2,243.091
1228,10059776,4.53777,0.000996917,0.649504,43534.7,243.279
1229,10067968,4.66552,0.000996908,0.623533,43747.4,243.467
1230,10076160,4.57942,0.0009969,0.617515,37277.9,243.686
1231,10084352,4.63265,0.000996891,0.622776,36444.6,243.911
1232,10092544,4.74741,0.000996883,0.626302,43331.3,244.1
1233,10100736,4.77768,0.000996874,0.631445,43800.2,244.287
1234,10108928,4.61873,0.000996866,0.637269,43107.2,244.477
1235,10117120,4.61979,0.000996857,0.602154,39026.5,244.687
1236,10125312,4.37843,0.000996849,0.626499,38958.3,244.897
1237,10133504,4.53118,0.00099684,0.609082,42305.3,245.091
1238,10141696,4.68863,0.000996832,0.64188,42799.6,245.283
1239,10149888,4.6693,0.000996823,0.629283,43191.9,245.472
1240,10158080,4.42989,0.000996814,0.589287,39886.4,245.678
1241,10166272,4.59793,0.000996806,0.609255,37232.5,245.898
1242,10174464,4.59952,0.000996797,0.63555,42647.3,246.09
1243,10182656,4.67966,0.000996789,0.597384,43212.7,246.279
1244,10190848,4.68596,0.00099678,0.6137,42523.3,246.472
1245,10199040,4.46292,0.000996771,0.601113,40864.2,246.672
1246,10207232,4.60007,0.000996763,0.628919,39246.9,246.881
1247,10215424,4.54419,0.000996754,0.649706,42451.8,247.074
1248,10223616,4.7038,0.000996745,0.621172,42888.4,247.265
1249,10231808,4.69929,0.000996736,0.616084,42541.7,247.458
1250,10240000,4.70269,0.000996728,0.644701,41849.6,247.653
1251,10248192,4.75516,0.000996719,0.613659,40688.4,247.855
1252,10256384,4.55636,0.00099671,0.591724,43857.4,248.041
1253,10264576,4.7397,0.000996701,0.647479,43573.7,248.23
1254,10272768,4.70424,0.000996693,0.595472,43231.9,248.419
1255,10280960,4.55312,0.000996684,0.617124,37740,248.636
1256,10289152,4.57382,0.000996675,0.62071,37812,248.853
1257,10297344,4.50188,0.000996666,0.609523,42860.1,249.044
1258,10305536,4.61546,0.000996658,0.588553,43745.3,249.231
1259,10313728,4.64103,0.000996649,0.590184,43665.2,249.419
1260,10321920,4.75031,0.00099664,0.585231,39524,249.626
1261,10330112,4.44831,0.000996631,0.588806,36506.3,249.85
1262,10338304,4.82508,0.000996622,0.610084,42509.6,250.043
1263,10346496,4.66507,0.000996613,0.731262,43568.4,250.231
1264,10354688,4.4941,0.000996604,0.654062,43088.6,250.421
1265,10362880,4.43162,0.000996596,0.658585,40262.9,250.625
1266,10371072,4.39503,0.000996587,0.66468,38989.5,250.835
1267,10379264,4.74714,0.000996578,0.686451,41741,251.031
1268,10387456,4.6877,0.000996569,0.626497,43274,251.22
1269,10395648,4.51375,0.00099656,1.06048,43155.6,251.41
1270,10403840,4.60001,0.000996551,0.639009,41875.4,251.606
1271,10412032,4.77027,0.000996542,0.627541,37931.8,251.822
1272,10420224,4.77581,0.000996533,0.621762,42472.6,252.015
1273,10428416,4.62818,0.000996524,0.596138,42963.4,252.205
1274,10436608,4.42168,0.000996515,0.648901,42885,252.396
1275,10444800,4.39313,0.000996506,0.616701,41638.1,252.593
1276,10452992,4.5426,0.000996497,0.659986,42843.1,252.784
1277,10461184,4.37452,0.000996488,0.649992,42453.8,252.977
1278,10469376,4.63223,0.000996479,0.646621,41784.6,253.173
1279,10477568,4.68741,0.00099647,0.612288,42580,253.366
1280,10485760,4.56803,0.000996461,0.645955,34733.8,253.602
1281,10493952,4.41341,0.000996452,0.629094,34557,253.839
1282,10502144,4.48189,0.000996443,0.580939,42463.5,254.032
1283,10510336,4.83557,0.000996433,0.600669,42652.5,254.224
1284,10518528,4.5633,0.000996424,0.641304,42161.5,254.418
1285,10526720,4.52818,0.000996415,0.643933,36887.3,254.64
1286,10534912,4.64899,0.000996406,0.61298,37606.5,254.858
1287,10543104,4.62571,0.000996397,0.59903,42107,255.052
1288,10551296,4.47236,0.000996388,0.617754,42357.6,255.246
1289,10559488,4.36293,0.000996379,0.638539,42420.1,255.439
1290,10567680,4.58747,0.000996369,0.610394,38659.8,255.651
1291,10575872,4.50651,0.00099636,0.641804,37124.2,255.871
1292,10584064,4.53307,0.000996351,0.62262,42740.5,256.063
1293,10592256,4.75243,0.000996342,0.666769,43121.4,256.253
1294,10600448,4.5677,0.000996333,0.599953,42355.2,256.447
1295,10608640,4.61244,0.000996323,0.663367,40253,256.65
1296,10616832,4.57414,0.000996314,0.72877,39825.1,256.856
1297,10625024,4.6608,0.000996305,0.792002,42174.2,257.05
1298,10633216,4.49319,0.000996295,0.655752,42873.4,257.241
1299,10641408,4.44603,0.000996286,0.632566,42753.9,257.433
1300,10649600,4.55817,0.000996277,0.585384,41869.3,257.628
1301,10657792,4.31447,0.000996268,0.612877,40588.1,257.83
1302,10665984,4.52703,0.000996258,0.67796,44162.3,258.016
1303,10674176,4.56705,0.000996249,0.597831,43927.5,258.202
1304,10682368,4.58879,0.00099624,0.601568,43745.3,258.389
1305,10690560,4.54511,0.00099623,0.644745,37206.9,258.61
1306,10698752,4.45861,0.000996221,0.60765,38793.5,258.821
1307,10706944,4.5874,0.000996211,0.659166,42877.3,259.012
1308,10715136,4.57115,0.000996202,0.622284,43608.5,259.2
1309,10723328,4.64931,0.000996193,0.603547,43024.9,259.39
1310,10731520,4.4776,0.000996183,0.623618,38938.5,259.6
1311,10739712,4.68187,0.000996174,0.620607,37006.2,259.822
1312,10747904,4.58467,0.000996164,0.606205,42816.8,260.013
1313,10756096,4.41554,0.000996155,0.616293,43100.3,260.203
1314,10764288,4.73927,0.000996145,0.625416,42441.7,260.396
1315,10772480,4.66134,0.000996136,0.639072,39409.4,260.604
1316,10780672,4.68612,0.000996126,0.627666,39610.5,260.811
1317,10788864,4.62981,0.000996117,0.6232,41982,261.006
1318,10797056,4.62534,0.000996107,0.611627,42954.7,261.197
1319,10805248,4.39105,0.000996098,0.621069,42545.7,261.389
1320,10813440,4.64803,0.000996088,0.681192,40424.4,261.592
1321,10821632,4.56972,0.000996079,0.589102,37488,261.81
1322,10829824,4.50187,0.000996069,0.672432,42793.3,262.002
1323,10838016,4.3952,0.00099606,0.615591,43272.6,262.191
1324,10846208,4.53866,0.00099605,0.642785,43228.1,262.381
1325,10854400,4.48329,0.000996041,0.658138,41513.9,262.578
1326,10862592,4.6725,0.000996031,0.60762,42503.1,262.771
1327,10870784,4.49568,0.000996021,0.635978,43417,262.959
1328,10878976,4.40919,0.000996012,0.656918,42970.3,263.15
1329,10887168,4.59862,0.000996002,0.679485,43606.6,263.338
1330,10895360,4.46763,0.000995992,0.613802,36922,263.56
1331,10903552,4.55492,0.000995983,0.636855,35339.7,263.792
1332,10911744,4.54605,0.000995973,0.610227,43559.9,263.98
1333,10919936,4.40551,0.000995963,0.630101,43357.9,264.169
1334,10928128,4.57767,0.000995954,0.635157,42864.2,264.36
1335,10936320,4.48037,0.000995944,0.653923,38362.1,264.573
1336,10944512,4.66755,0.000995934,0.640825,39223.2,264.782
1337,10952704,4.65453,0.000995925,0.642723,42542.8,264.975
1338,10960896,4.49549,0.000995915,0.63818,42627.1,265.167
1339,10969088,4.56506,0.000995905,1.39521,42474.5,265.36
1340,10977280,4.48607,0.000995895,0.601752,39451.2,265.567
1341,10985472,4.45053,0.000995886,0.621574,37625.6,265.785
1342,10993664,4.31383,0.000995876,0.649778,42431.2,265.978
1343,11001856,4.42519,0.000995866,0.651581,43002.3,266.169
1344,11010048,4.48347,0.000995856,0.631224,41964.2,266.364
1345,11018240,4.38602,0.000995846,0.606507,40856.4,266.564
1346,11026432,4.47565,0.000995837,0.647811,40171.2,266.768
1347,11034624,4.54895,0.000995827,0.662629,41586.9,266.965
1348,11042816,4.5175,0.000995817,0.608865,42759.6,267.157
1349,11051008,4.60684,0.000995807,0.622199,42801.4,267.348
1350,11059200,4.43535,0.000995797,0.630883,42029.3,267.543
1351,11067392,4.39756,0.000995787,0.622738,39602.7,267.75
1352,11075584,4.46505,0.000995777,0.670794,43427,267.939
1353,11083776,4.5266,0.000995767,0.63418,42719.2,268.13
1354,11091968,4.54314,0.000995757,0.5934,42460.1,268.323
1355,11100160,4.49632,0.000995748,0.657877,35910.1,268.552
1356,11108352,4.31637,0.000995738,0.645572,38663.5,268.763
1357,11116544,4.48063,0.000995728,0.654157,42359.8,268.957
1358,11124736,4.38138,0.000995718,0.606335,42908.9,269.148
1359,11132928,4.60083,0.000995708,0.69249,42156.8,269.342
1360,11141120,4.58665,0.000995698,0.61131,37715.3,269.559
1361,11149312,4.45723,0.000995688,0.60469,36973.2,269.781
1362,11157504,4.66463,0.000995678,0.634672,42346.1,269.974
1363,11165696,4.53888,0.000995668,0.604741,42647.9,270.166
1364,11173888,4.45781,0.000995658,0.63312,41974.6,270.362
1365,11182080,4.54067,0.000995647,0.63456,39092,270.571
1366,11190272,4.6254,0.000995637,0.594681,38736.4,270.783
1367,11198464,4.6445,0.000995627,0.662145,41981.8,270.978
1368,11206656,4.72003,0.000995617,0.636951,42703.7,271.17
1369,11214848,4.58423,0.000995607,0.625461,42057.7,271.364
1370,11223040,4.61752,0.000995597,0.633211,39590.1,271.571
1371,11231232,4.56385,0.000995587,0.645932,37528.1,271.79
1372,11239424,4.42477,0.000995577,0.624933,42013.4,271.985
1373,11247616,4.54545,0.000995567,0.596306,43081.1,272.175
1374,11255808,4.65671,0.000995556,0.665595,42323.6,272.368
1375,11264000,4.54585,0.000995546,0.607536,40684.6,272.57
1376,11272192,4.50082,0.000995536,0.62906,42877.2,272.761
1377,11280384,4.41275,0.000995526,0.621612,42734.1,272.952
1378,11288576,4.43813,0.000995516,0.625618,42914.5,273.143
1379,11296768,4.58522,0.000995506,0.672962,42326.8,273.337
1380,11304960,4.70061,0.000995495,0.600787,35013.7,273.571
1381,11313152,4.39926,0.000995485,0.602609,35624.8,273.801
1382,11321344,4.43894,0.000995475,0.667782,42860.7,273.992
1383,11329536,4.6439,0.000995465,0.641365,42818.4,274.183
1384,11337728,4.49665,0.000995454,0.629711,41542.5,274.38
1385,11345920,4.51773,0.000995444,0.700586,37221.2,274.6
1386,11354112,4.39756,0.000995434,0.618998,39315.2,274.809
1387,11362304,4.67616,0.000995423,0.640519,42482.4,275.002
1388,11370496,4.74444,0.000995413,0.657154,42513.8,275.194
1389,11378688,4.50736,0.000995403,0.655537,41135.4,275.393
1390,11386880,4.17144,0.000995392,0.64643,37516.1,275.612
1391,11395072,4.42549,0.000995382,0.599836,37288.3,275.832
1392,11403264,4.45953,0.000995372,0.657652,42736.4,276.023
1393,11411456,4.70152,0.000995361,0.623637,42081.1,276.218
1394,11419648,4.54111,0.000995351,0.661618,41165.6,276.417
1395,11427840,4.61518,0.000995341,0.606703,38768,276.628
1396,11436032,4.43272,0.00099533,0.624624,39456.5,276.836
1397,11444224,4.56821,0.00099532,0.65233,41816.5,277.032
1398,11452416,4.65403,0.000995309,0.622577,42084.5,277.226
1399,11460608,4.73373,0.000995299,0.639809,40889.5,277.427
1400,11468800,4.37446,0.000995288,0.654835,39912.6,277.632
1401,11476992,4.65782,0.000995278,0.632687,40336.4,277.835
1402,11485184,4.51091,0.000995267,0.595219,44008.5,278.021
1403,11493376,4.52147,0.000995257,0.645735,42583.5,278.214
1404,11501568,4.44964,0.000995246,0.635279,43661.6,278.401
1405,11509760,4.68059,0.000995236,0.647398,37205.4,278.621
1406,11517952,4.53388,0.000995225,0.71536,34979.6,278.856
1407,11526144,4.52601,0.000995215,0.626017,38260.7,279.07
1408,11534336,4.33449,0.000995204,0.618261,39450,279.277
1409,11542528,4.33116,0.000995194,0.617195,38891.8,279.488
1410,11550720,4.51474,0.000995183,0.609366,35057,279.722
1411,11558912,4.49454,0.000995173,0.632384,30777.4,279.988
1412,11567104,4.57145,0.000995162,2.30265,37507.1,280.206
1413,11575296,4.51265,0.000995151,0.642264,38344.2,280.42
1414,11583488,4.54351,0.000995141,0.608087,37164.1,280.64
1415,11591680,4.31207,0.00099513,0.611277,34500.8,280.878
1416,11599872,4.56439,0.000995119,0.648991,33392.5,281.123
1417,11608064,4.51033,0.000995109,0.64588,37750,281.34
1418,11616256,4.66311,0.000995098,0.661665,39835.8,281.546
1419,11624448,4.4913,0.000995087,0.615154,40221.8,281.749
1420,11632640,4.60236,0.000995077,0.662863,37854.3,281.966
1421,11640832,4.40948,0.000995066,0.604556,35426.3,282.197
1422,11649024,4.66901,0.000995055,0.66899,39223.9,282.406
1423,11657216,4.6513,0.000995045,0.626757,41258.5,282.604
1424,11665408,4.44415,0.000995034,0.591057,41672.2,282.801
1425,11673600,4.60883,0.000995023,0.628449,39697.6,283.007
1426,11681792,4.54065,0.000995012,0.639984,42071.7,283.202
1427,11689984,4.37638,0.000995002,0.641148,41353.5,283.4
1428,11698176,4.43329,0.000994991,0.610229,41629.5,283.597
1429,11706368,4.55465,0.00099498,0.632348,40774.2,283.798
1430,11714560,4.35206,0.000994969,0.628593,33185,284.045
1431,11722752,4.47506,0.000994958,0.642554,36380.1,284.27
1432,11730944,4.48721,0.000994948,0.61995,41378.8,284.468
1433,11739136,4.56826,0.000994937,0.612128,41980.9,284.663
1434,11747328,4.50234,0.000994926,0.662466,39383.2,284.871
1435,11755520,4.61969,0.000994915,0.661782,34455.9,285.109
1436,11763712,4.48948,0.000994904,0.64174,39602.8,285.316
1437,11771904,4.6528,0.000994893,0.648221,42047.6,285.51
1438,11780096,4.45494,0.000994882,0.646101,42026.5,285.705
1439,11788288,4.73377,0.000994871,0.63047,38966.8,285.916
1440,11796480,4.43681,0.000994861,0.64161,37663.5,286.133
1441,11804672,4.57583,0.00099485,0.594933,38397.4,286.346
1442,11812864,4.50773,0.000994839,0.633705,42263.5,286.54
1443,11821056,4.53342,0.000994828,0.596426,41918.9,286.736
1444,11829248,4.59578,0.000994817,0.648976,39593.4,286.943
1445,11837440,4.42327,0.000994806,0.625621,38427.5,287.156
1446,11845632,4.54505,0.000994795,0.615955,41078.7,287.355
1447,11853824,4.21734,0.000994784,0.594082,42216.6,287.549
1448,11862016,4.48153,0.000994773,0.620069,42561.4,287.742
1449,11870208,4.38287,0.000994762,0.615099,40643.5,287.943
1450,11878400,4.33767,0.000994751,0.642365,39944.2,288.148
1451,11886592,4.43599,0.00099474,0.657733,39114.7,288.358
1452,11894784,4.5867,0.000994729,0.636421,43056.9,288.548
1453,11902976,4.43156,0.000994718,0.658961,41365.8,288.746
1454,11911168,4.43348,0.000994706,0.610864,41736.6,288.942
1455,11919360,4.44988,0.000994695,0.600408,32697.3,289.193
1456,11927552,4.20366,0.000994684,0.709996,38125,289.408
1457,11935744,4.52471,0.000994673,0.648743,42328.4,289.601
1458,11943936,4.53789,0.000994662,0.618346,38559.5,289.814
1459,11952128,4.26183,0.000994651,0.598184,41990.3,290.009
1460,11960320,4.40572,0.00099464,0.628369,38129.9,290.224
1461,11968512,4.45944,0.000994629,0.609066,37895,290.44
1462,11976704,4.41694,0.000994617,0.64492,38482.3,290.653
1463,11984896,4.30281,0.000994606,0.624629,41712.4,290.849
1464,11993088,4.44609,0.000994595,0.612078,41703.8,291.046
1465,12001280,4.24595,0.000994584,0.670057,39439.4,291.253
1466,12009472,4.48908,0.000994573,0.612116,39115,291.463
1467,12017664,4.3639,0.000994561,0.590603,40625.6,291.664
1468,12025856,4.52646,0.00099455,0.665641,41899.1,291.86
1469,12034048,4.51258,0.000994539,0.584571,38834.4,292.071
1470,12042240,4.37033,0.000994528,1.01292,37718,292.288
1471,12050432,4.31411,0.000994516,0.651014,36185.7,292.514
1472,12058624,4.47174,0.000994505,0.6142,38776.9,292.726
1473,12066816,4.34835,0.000994494,0.65363,39513.1,292.933
1474,12075008,4.45278,0.000994482,0.622847,38752.9,293.144
1475,12083200,4.50971,0.000994471,0.646341,38478.4,293.357
1476,12091392,4.29809,0.00099446,0.615203,37665.7,293.575
1477,12099584,4.30001,0.000994448,0.612429,41301,293.773
1478,12107776,4.44939,0.000994437,0.640019,42333,293.967
1479,12115968,4.44549,0.000994426,0.626216,39480.8,294.174
1480,12124160,4.27044,0.000994414,0.622787,33956,294.415
1481,12132352,4.45826,0.000994403,0.683208,35496.9,294.646
1482,12140544,4.44713,0.000994391,0.620007,38264.9,294.86
1483,12148736,4.50332,0.00099438,0.675771,38638.2,295.072
1484,12156928,4.5109,0.000994369,0.649435,43049.6,295.263
1485,12165120,4.52104,0.000994357,0.621365,38746.8,295.474
1486,12173312,4.47557,0.000994346,0.611116,37236,295.694
1487,12181504,4.22711,0.000994334,0.65041,41022.7,295.894
1488,12189696,4.44911,0.000994323,0.620277,41747.4,296.09
1489,12197888,4.42111,0.000994311,0.679826,42743.9,296.282
1490,12206080,4.40645,0.0009943,0.622504,37455.4,296.5
1491,12214272,4.34246,0.000994288,0.608099,38400.9,296.714
1492,12222464,4.37781,0.000994277,0.619695,39323.9,296.922
1493,12230656,4.46844,0.000994265,0.625831,38985.1,297.132
1494,12238848,4.4067,0.000994254,0.60734,39625,297.339
1495,12247040,4.3377,0.000994242,0.68571,38549.2,297.551
1496,12255232,4.46707,0.000994231,0.650008,38280.6,297.765
1497,12263424,4.46467,0.000994219,0.625423,41043.4,297.965
1498,12271616,4.27292,0.000994207,0.631625,39253.2,298.174
1499,12279808,4.5477,0.000994196,0.597839,38996.1,298.384
1500,12288000,4.58428,0.000994184,0.631938,40761.3,298.585
1501,12296192,4.10256,0.000994173,0.645522,38952.5,298.795
1502,12304384,4.52703,0.000994161,0.632377,42610.4,298.987
1503,12312576,4.58561,0.000994149,0.639197,42127.2,299.182
1504,12320768,4.37161,0.000994138,0.603199,41385.2,299.38
1505,12328960,4.61896,0.000994126,0.629307,34983.6,299.614
1506,12337152,4.52676,0.000994114,0.616949,38255.8,299.828
1507,12345344,4.41207,0.000994103,0.686879,41715.8,300.024
1508,12353536,4.30271,0.000994091,0.602808,42355.3,300.218
1509,12361728,4.38331,0.000994079,0.616811,40989.7,300.418
1510,12369920,4.5151,0.000994067,0.643809,36916.7,300.64
1511,12378112,4.32344,0.000994056,0.636583,36879.8,300.862
1512,12386304,4.41682,0.000994044,0.68257,42611,301.054
1513,12394496,4.53248,0.000994032,0.620878,42659.5,301.246
1514,12402688,4.43159,0.00099402,0.622126,41446.9,301.444
1515,12410880,4.55569,0.000994009,0.638126,38367.6,301.657
1516,12419072,4.49352,0.000993997,0.629217,39637.7,301.864
1517,12427264,4.50523,0.000993985,0.61818,41818.7,302.06
1518,12435456,4.48506,0.000993973,0.629799,42113.3,302.254
1519,12443648,4.5521,0.000993961,0.659865,41055.2,302.454
1520,12451840,4.52634,0.00099395,0.62713,39307.5,302.662
1521,12460032,4.34531,0.000993938,0.631081,38096.5,302.877
1522,12468224,4.45144,0.000993926,0.70133,41834.2,303.073
1523,12476416,4.50854,0.000993914,0.62032,42411.6,303.266
1524,12484608,4.40167,0.000993902,0.614982,41516.8,303.463
1525,12492800,4.41682,0.00099389,0.622882,39970.1,303.668
1526,12500992,4.51218,0.000993878,0.626353,42762.9,303.86
1527,12509184,4.58327,0.000993866,0.632773,42033.8,304.055
1528,12517376,4.49926,0.000993854,0.616064,42384.3,304.248
1529,12525568,4.38909,0.000993842,0.639466,42115.7,304.443
1530,12533760,4.44869,0.000993831,0.634981,35933.9,304.671
1531,12541952,4.44554,0.000993819,0.582524,34773.6,304.906
1532,12550144,4.52632,0.000993807,0.628355,42464.5,305.099
1533,12558336,4.29279,0.000993795,0.629721,42405.3,305.292
1534,12566528,4.54377,0.000993783,0.639076,42222.6,305.486
1535,12574720,4.40674,0.000993771,0.581711,38482.5,305.699
1536,12582912,4.53114,0.000993759,0.636185,38147.1,305.914
1537,12591104,4.42134,0.000993746,0.595671,41962.2,306.109
1538,12599296,4.39526,0.000993734,0.602063,42365.1,306.303
1539,12607488,4.44059,0.000993722,0.608037,42020.6,306.497
1540,12615680,4.53592,0.00099371,0.630701,39553.3,306.705
1541,12623872,4.46026,0.000993698,0.609191,36471.3,306.929
1542,12632064,4.40775,0.000993686,0.618558,42181.8,307.123
1543,12640256,4.26643,0.000993674,0.612022,42566.7,307.316
1544,12648448,4.29694,0.000993662,0.625563,42368.8,307.509
1545,12656640,4.48976,0.00099365,0.591321,40652.3,307.711
1546,12664832,4.53749,0.000993638,0.623668,39589.2,307.918
1547,12673024,4.34128,0.000993625,0.621812,41999.7,308.113
1548,12681216,4.37134,0.000993613,0.629987,42694.5,308.305
1549,12689408,4.35708,0.000993601,0.652158,43005.5,308.495
1550,12697600,4.47773,0.000993589,0.643006,41765.8,308.691
1551,12705792,4.36565,0.000993577,0.621868,40747.2,308.892
1552,12713984,4.35498,0.000993565,0.605905,44307.4,309.077
1553,12722176,4.52997,0.000993552,0.640538,44471.9,309.261
1554,12730368,4.32221,0.00099354,0.644592,44545.7,309.445
1555,12738560,4.33713,0.000993528,0.656035,37084.7,309.666
1556,12746752,4.44449,0.000993516,0.603549,37916,309.882
1557,12754944,4.44122,0.000993503,0.680279,42779.3,310.074
1558,12763136,4.34296,0.000993491,0.658675,42578.1,310.266
1559,12771328,4.49052,0.000993479,0.644327,42216,310.46
1560,12779520,4.58396,0.000993466,0.721815,37358.6,310.679
1561,12787712,4.28995,0.000993454,0.62906,36499,310.904
1562,12795904,4.57834,0.000993442,0.640687,42739.5,311.096
1563,12804096,4.42543,0.000993429,0.619927,42710.4,311.287
1564,12812288,4.3567,0.000993417,0.61414,41906.5,311.483
1565,12820480,4.27021,0.000993405,0.628258,38302.8,311.697
1566,12828672,4.36928,0.000993392,0.589461,39296.4,311.905
1567,12836864,4.39316,0.00099338,0.614757,42301.5,312.099
1568,12845056,4.32877,0.000993368,0.601214,42782.6,312.29
1569,12853248,4.44196,0.000993355,0.611584,42033.5,312.485
1570,12861440,4.71596,0.000993343,0.676046,39839.1,312.691
1571,12869632,4.27147,0.00099333,0.61288,38038.5,312.906
1572,12877824,4.38006,0.000993318,0.61451,42324.1,313.1
1573,12886016,4.62422,0.000993305,0.630318,42787,313.291
1574,12894208,4.38158,0.000993293,0.594805,42505.9,313.484
1575,12902400,4.37083,0.00099328,0.645748,40789.7,313.685
1576,12910592,4.42948,0.000993268,0.615475,42019.9,313.88
1577,12918784,4.36951,0.000993256,0.589393,43031.2,314.07
1578,12926976,4.46064,0.000993243,0.615739,43158.1,314.26
1579,12935168,4.38512,0.00099323,0.611981,43014.9,314.45
1580,12943360,4.45958,0.000993218,0.614782,36562.6,314.674
1581,12951552,4.28413,0.000993205,0.596639,36944.5,314.896
1582,12959744,4.56943,0.000993193,0.61406,42833.4,315.087
1583,12967936,4.49512,0.00099318,0.619273,42985.7,315.278
1584,12976128,4.29806,0.000993168,0.611086,42318,315.472
1585,12984320,4.11628,0.000993155,0.60849,37930.4,315.688
1586,12992512,4.505,0.000993142,0.655005,39262.4,315.896
1587,13000704,4.55297,0.00099313,0.6106,42292.8,316.09
1588,13008896,4.14133,0.000993117,0.617204,42964.9,316.281
1589,13017088,4.50939,0.000993105,0.634451,42199.2,316.475
1590,13025280,4.38801,0.000993092,0.632942,38447.8,316.688
1591,13033472,4.42876,0.000993079,0.622249,37912.2,316.904
1592,13041664,4.30871,0.000993067,0.639419,42496.9,317.097
1593,13049856,4.31329,0.000993054,0.671168,42497.3,317.289
1594,13058048,4.39607,0.000993041,0.62644,41739.9,317.486
1595,13066240,4.42408,0.000993029,0.60844,39679.4,317.692
1596,13074432,4.54053,0.000993016,0.634523,40149.2,317.896
1597,13082624,4.49706,0.000993003,0.599507,41406.8,318.094
1598,13090816,4.24125,0.00099299,0.636197,42985.3,318.285
1599,13099008,4.35239,0.000992978,0.584454,42316.6,318.478
1600,13107200,4.20442,0.000992965,0.645246,41204,318.677
1601,13115392,4.30545,0.000992952,0.633388,40434.2,318.88
1602,13123584,4.44725,0.000992939,0.617306,43232.5,319.069
1603,13131776,4.20731,0.000992926,0.614513,42463,319.262
1604,13139968,4.55019,0.000992914,0.619405,42585.5,319.454
1605,13148160,4.35552,0.000992901,0.584978,37272.2,319.674
1606,13156352,4.15944,0.000992888,0.599441,39216.5,319.883
1607,13164544,4.34352,0.000992875,0.623384,42535.4,320.076
1608,13172736,4.37587,0.000992862,0.616782,42779.3,320.267
1609,13180928,4.38405,0.000992849,0.608568,42214.4,320.461
1610,13189120,4.46644,0.000992837,0.709237,38647.2,320.673
1611,13197312,4.40475,0.000992824,0.605296,37965.4,320.889
1612,13205504,4.57449,0.000992811,0.620479,42265,321.083
1613,13213696,4.21556,0.000992798,0.603074,42384.8,321.276
1614,13221888,4.53046,0.000992785,0.64183,41678.7,321.473
1615,13230080,4.30068,0.000992772,0.619675,39382.3,321.681
1616,13238272,4.45971,0.000992759,0.641607,39643.1,321.887
1617,13246464,4.61633,0.000992746,0.655011,41334.2,322.085
1618,13254656,4.51423,0.000992733,0.61074,41872.5,322.281
1619,13262848,4.58049,0.00099272,0.627744,41667.6,322.478
1620,13271040,4.46089,0.000992707,0.631041,39577.7,322.685
1621,13279232,4.47993,0.000992694,0.665881,36300.1,322.91
1622,13287424,4.45572,0.000992681,0.620171,42333.4,323.104
1623,13295616,4.40029,0.000992668,0.647342,42405.5,323.297
1624,13303808,4.18433,0.000992655,0.636758,42170,323.491
1625,13312000,4.52311,0.000992642,0.629404,40792.5,323.692
1626,13320192,4.42534,0.000992629,0.74107,42166.2,323.886
1627,13328384,4.28299,0.000992616,0.624309,42952.1,324.077
1628,13336576,4.23102,0.000992603,0.691228,42667.1,324.269
1629,13344768,4.34224,0.00099259,0.63454,42529.5,324.462
1630,13352960,4.43692,0.000992577,0.591748,35167.9,324.695
1631,13361152,4.55668,0.000992563,0.610313,36558.7,324.919
1632,13369344,4.40192,0.00099255,0.6994,42511.5,325.111
1633,13377536,4.35711,0.000992537,0.675395,42651.6,325.303
1634,13385728,4.30627,0.000992524,0.605613,40897.3,325.504
1635,13393920,4.18195,0.000992511,0.592056,36569.3,325.728
1636,13402112,4.36686,0.000992498,0.655641,39665.5,325.934
1637,13410304,4.33675,0.000992485,0.608862,42102.7,326.129
1638,13418496,4.24241,0.000992471,0.627104,42594.7,326.321
1639,13426688,4.61147,0.000992458,0.661945,40651.6,326.523
1640,13434880,4.43518,0.000992445,0.657332,37621.3,326.74
1641,13443072,4.35224,0.000992432,0.654764,37540.1,326.959
1642,13451264,4.42801,0.000992418,0.62816,42671.2,327.151
1643,13459456,4.42869,0.000992405,0.632107,42566.6,327.343
1644,13467648,4.31766,0.000992392,0.659125,40977.2,327.543
1645,13475840,4.36333,0.000992379,0.654575,38602.5,327.755
1646,13484032,4.4607,0.000992365,0.611091,40587,327.957
1647,13492224,4.29264,0.000992352,0.620272,42538.1,328.15
1648,13500416,4.40032,0.000992339,0.625767,42663.7,328.342
1649,13508608,4.39576,0.000992325,0.623177,41476.6,328.539
1650,13516800,4.44746,0.000992312,0.64676,40715.7,328.74
1651,13524992,4.3122,0.000992299,0.632582,40620.5,328.942
1652,13533184,4.40374,0.000992285,0.595673,43395.5,329.131
1653,13541376,4.45543,0.000992272,0.629801,42982.6,329.321
1654,13549568,4.40697,0.000992259,0.621646,43254,329.511
1655,13557760,4.52327,0.000992245,0.623577,36627.6,329.734
1656,13565952,4.27497,0.000992232,0.579762,38204,329.949
1657,13574144,4.26361,0.000992218,0.610439,42299.1,330.143
1658,13582336,4.47466,0.000992205,0.656174,42813.5,330.334
1659,13590528,4.40846,0.000992191,0.632946,42697.1,330.526
1660,13598720,4.32457,0.000992178,0.599614,37425,330.745
1661,13606912,4.49269,0.000992165,0.635606,36038.6,330.972
1662,13615104,4.32084,0.000992151,0.605026,42125.1,331.166
1663,13623296,4.50134,0.000992138,0.631479,42423.7,331.36
1664,13631488,4.38157,0.000992124,0.630456,41897.5,331.555
1665,13639680,4.43982,0.000992111,0.608682,38770.4,331.766
1666,13647872,4.32516,0.000992097,0.637681,38104.7,331.981
1667,13656064,4.37339,0.000992084,0.614216,41299,332.18
1668,13664256,4.38201,0.00099207,0.638607,42162.1,332.374
1669,13672448,4.4121,0.000992056,0.601772,41725.6,332.57
1670,13680640,4.39536,0.000992043,0.61307,39878.1,332.776
1671,13688832,4.51559,0.000992029,0.591963,36712.4,332.999
1672,13697024,4.3882,0.000992016,0.588192,41652.7,333.196
1673,13705216,4.38847,0.000992002,0.619689,42762.5,333.387
1674,13713408,4.50277,0.000991988,0.583129,42161.2,333.581
1675,13721600,4.30914,0.000991975,0.595902,41284.8,333.78
1676,13729792,4.33025,0.000991961,0.658915,42729.1,333.972
1677,13737984,4.40835,0.000991948,0.66959,42590,334.164
1678,13746176,4.30788,0.000991934,0.629671,42801.2,334.355
1679,13754368,4.27488,0.00099192,0.58631,42656.4,334.547
1680,13762560,4.59054,0.000991907,0.598924,36061,334.775
1681,13770752,4.31563,0.000991893,0.667068,37113.4,334.995
1682,13778944,4.34977,0.000991879,0.644164,42704.9,335.187
1683,13787136,4.34051,0.000991865,0.606485,42927.5,335.378
1684,13795328,4.42182,0.000991852,0.639518,41713,335.574
1685,13803520,4.23677,0.000991838,0.638167,37561.8,335.792
1686,13811712,4.32984,0.000991824,0.58646,39678.6,335.999
1687,13819904,4.32254,0.00099181,0.607103,42264.6,336.193
1688,13828096,4.18616,0.000991797,0.648792,43095.7,336.383
1689,13836288,4.42505,0.000991783,0.65146,41626,336.58
1690,13844480,4.40314,0.000991769,0.648091,38601.3,336.792
1691,13852672,4.48073,0.000991755,0.641995,37720.9,337.009
1692,13860864,4.23168,0.000991741,0.645019,42966.5,337.2
1693,13869056,4.43336,0.000991728,0.623539,43002.4,337.39
1694,13877248,4.36983,0.000991714,0.654325,41946.8,337.585
1695,13885440,4.56258,0.0009917,0.61237,40340.8,337.789
1696,13893632,4.31307,0.000991686,0.637217,40057.8,337.993
1697,13901824,4.29639,0.000991672,0.619199,42331.1,338.187
1698,13910016,4.46139,0.000991658,0.655962,43294.7,338.376
1699,13918208,4.2804,0.000991644,0.588336,42352.5,338.569
1700,13926400,4.37269,0.00099163,0.623607,41434.1,338.767
1701,13934592,4.37447,0.000991617,0.611638,40854.4,338.967
1702,13942784,4.54266,0.000991603,0.637315,43396.6,339.156
1703,13950976,4.08469,0.000991589,0.598377,43301.1,339.345
1704,13959168,4.27995,0.000991575,0.64082,43057.5,339.536
1705,13967360,4.39343,0.000991561,0.653301,37119.6,339.756
1706,13975552,4.38956,0.000991547,0.615026,37544.8,339.975
1707,13983744,4.30079,0.000991533,0.611518,42622.7,340.167
1708,13991936,4.51426,0.000991519,0.625616,43171.6,340.356
1709,14000128,4.21026,0.000991505,0.594832,42912.7,340.547
1710,14008320,4.27348,0.000991491,0.589209,38830.5,340.758
1711,14016512,4.07736,0.000991477,0.630607,36151.4,340.985
1712,14024704,4.43426,0.000991463,0.667159,42717.2,341.177
1713,14032896,4.52921,0.000991449,0.657219,42640.7,341.369
1714,14041088,4.30828,0.000991435,0.60107,42409.6,341.562
1715,14049280,4.52396,0.00099142,0.656692,39475.1,341.77
1716,14057472,4.55162,0.000991406,0.663673,38487,341.982
1717,14065664,4.38432,0.000991392,0.611908,42458.4,342.175
1718,14073856,4.33776,0.000991378,0.646915,42608.5,342.368
1719,14082048,4.27607,0.000991364,0.625686,42218.1,342.562
1720,14090240,4.2391,0.00099135,0.611179,40185.7,342.765
1721,14098432,4.37712,0.000991336,0.631152,37519.9,342.984
1722,14106624,4.37473,0.000991322,0.632928,42374.5,343.177
1723,14114816,4.16636,0.000991307,0.632183,42859.8,343.368
1724,14123008,4.45343,0.000991293,0.682481,42557.5,343.561
1725,14131200,4.39132,0.000991279,0.619744,41685.1,343.757
1726,14139392,4.27948,0.000991265,0.605665,43397.7,343.946
1727,14147584,4.3858,0.000991251,0.603472,43334.4,344.135
1728,14155776,4.50814,0.000991236,0.656145,43277.6,344.324
1729,14163968,4.21803,0.000991222,0.63715,43164.6,344.514
1730,14172160,4.37093,0.000991208,0.654535,37122.8,344.735
1731,14180352,4.4341,0.000991194,0.613705,35948,344.963
1732,14188544,4.18921,0.000991179,0.60234,42743.4,345.154
1733,14196736,4.6077,0.000991165,0.656673,43150.1,345.344
1734,14204928,4.33181,0.000991151,0.631319,42670.8,345.536
1735,14213120,4.36016,0.000991136,0.656039,37362.6,345.755
1736,14221312,4.20471,0.000991122,0.614785,39112.4,345.965
1737,14229504,4.17688,0.000991108,0.648375,41659.1,346.162
1738,14237696,4.29311,0.000991093,0.623231,42862.4,346.353
1739,14245888,4.35207,0.000991079,0.628924,42021.3,346.548
1740,14254080,4.51617,0.000991065,0.633895,38613.2,346.76
1741,14262272,4.3163,0.00099105,0.616463,37674.3,346.977
1742,14270464,4.35578,0.000991036,0.62156,42506.3,347.17
1743,14278656,4.46406,0.000991021,0.650149,42879.3,347.361
1744,14286848,4.33975,0.000991007,0.643772,41844.5,347.557
1745,14295040,4.40945,0.000990993,0.648521,40154.1,347.761
1746,14303232,4.39133,0.000990978,0.677878,39752.6,347.967
1747,14311424,4.51804,0.000990964,0.618254,42067.7,348.162
1748,14319616,4.3041,0.000990949,0.607837,43154.6,348.351
1749,14327808,4.5114,0.000990935,0.620785,42273.3,348.545
1750,14336000,4.297,0.00099092,0.628045,41109,348.744
1751,14344192,4.52368,0.000990906,0.600205,40824.7,348.945
1752,14352384,4.18951,0.000990891,0.607593,43611.6,349.133
1753,14360576,4.25722,0.000990877,0.591042,43125.9,349.323
1754,14368768,4.37737,0.000990862,0.610535,42985.6,349.514
1755,14376960,4.47442,0.000990848,0.605603,35961.8,349.741
1756,14385152,4.27605,0.000990833,0.591456,39028.4,349.951
1757,14393344,4.19144,0.000990819,0.582003,42547.6,350.144
1758,14401536,4.26283,0.000990804,0.590728,43114.8,350.334
1759,14409728,4.49866,0.000990789,0.629266,41795,350.53
1760,14417920,4.28229,0.000990775,0.617126,37672.6,350.747
1761,14426112,4.33257,0.00099076,0.611101,36745.6,350.97
1762,14434304,3.988,0.000990746,0.63349,42390.2,351.163
1763,14442496,4.28353,0.000990731,0.597976,43329.8,351.352
1764,14450688,4.46234,0.000990716,0.621633,41700.6,351.549
1765,14458880,4.35151,0.000990702,0.617791,38421.6,351.762
1766,14467072,4.44667,0.000990687,0.60619,39238.3,351.971
1767,14475264,4.52768,0.000990672,0.626669,41772.8,352.167
1768,14483456,4.46563,0.000990658,0.637505,42551.8,352.36
1769,14491648,4.30305,0.000990643,0.632582,41797.2,352.556
1770,14499840,4.35973,0.000990628,0.618282,39843.6,352.761
1771,14508032,4.33302,0.000990613,0.620864,37257.5,352.981
1772,14516224,4.20939,0.000990599,0.610601,42542.8,353.174
1773,14524416,4.179,0.000990584,0.644362,42807.1,353.365
1774,14532608,4.34173,0.000990569,0.61651,42399.7,353.558
1775,14540800,4.32392,0.000990554,0.643182,41220.1,353.757
1776,14548992,4.29019,0.00099054,0.623815,42518.8,353.95
1777,14557184,4.34356,0.000990525,0.627542,43363.5,354.138
1778,14565376,4.16602,0.00099051,0.60616,43170.3,354.328
1779,14573568,4.36024,0.000990495,0.675941,42942.7,354.519
1780,14581760,4.32259,0.00099048,0.598486,36260.3,354.745
1781,14589952,4.51778,0.000990466,0.6328,35562.5,354.975
1782,14598144,4.23346,0.000990451,0.6001,42678.5,355.167
1783,14606336,4.36986,0.000990436,0.63349,42841.2,355.358
1784,14614528,4.45472,0.000990421,0.642168,42279.2,355.552
1785,14622720,4.30182,0.000990406,0.636069,37819.8,355.769
1786,14630912,4.25874,0.000990391,0.634179,38044.4,355.984
1787,14639104,4.26561,0.000990376,0.615609,42094.7,356.179
1788,14647296,4.26926,0.000990361,0.604905,42650.3,356.371
1789,14655488,4.35689,0.000990346,0.631019,41470.2,356.568
1790,14663680,4.23617,0.000990332,0.616167,37788.1,356.785
1791,14671872,4.50213,0.000990317,0.649254,37175.1,357.005
1792,14680064,4.3114,0.000990302,0.643887,42301.6,357.199
1793,14688256,4.30731,0.000990287,0.672469,42501.5,357.392
1794,14696448,4.32069,0.000990272,0.634561,41326.9,357.59
1795,14704640,4.46962,0.000990257,0.625491,39149.1,357.799
1796,14712832,4.33965,0.000990242,0.647635,39794.3,358.005
1797,14721024,4.19629,0.000990227,0.621974,41941.8,358.201
1798,14729216,4.17396,0.000990212,0.669084,42830.2,358.392
1799,14737408,4.27527,0.000990197,0.650225,42750.9,358.583
1800,14745600,4.27351,0.000990181,0.629467,40529.3,358.786
1801,14753792,4.26629,0.000990166,0.670264,40277.6,358.989
1802,14761984,4.27206,0.000990151,0.61515,43005.6,359.179
1803,14770176,4.41107,0.000990136,0.617,42705.5,359.371
1804,14778368,4.30129,0.000990121,0.644666,42722.1,359.563
1805,14786560,4.44942,0.000990106,0.603066,35360.8,359.795
1806,14794752,4.26726,0.000990091,0.637635,37113.7,360.015
1807,14802944,4.34861,0.000990076,0.598487,41907.1,360.211
1808,14811136,4.36774,0.000990061,0.633308,42533,360.403
1809,14819328,4.46418,0.000990045,0.620324,41744.8,360.6
1810,14827520,4.10931,0.00099003,0.670218,36514.8,360.824
1811,14835712,4.41072,0.000990015,0.617169,35927.2,361.052
1812,14843904,4.3858,0.00099,0.640396,41813.5,361.248
1813,14852096,4.31935,0.000989985,0.666597,42103.6,361.443
1814,14860288,4.15285,0.00098997,0.647448,40292.1,361.646
1815,14868480,4.43445,0.000989954,0.663144,36570.3,361.87
1816,14876672,4.39576,0.000989939,0.661903,37700.4,362.087
1817,14884864,4.42444,0.000989924,0.650182,41073.6,362.287
1818,14893056,4.21551,0.000989909,0.614408,41860.8,362.482
1819,14901248,4.23084,0.000989893,0.626978,40446.9,362.685
1820,14909440,4.35412,0.000989878,0.649334,38001,362.9
1821,14917632,4.37067,0.000989863,0.615429,36862.8,363.123
1822,14925824,4.40026,0.000989847,0.607734,41443.1,363.32
1823,14934016,4.34795,0.000989832,0.629531,42818,363.512
1824,14942208,4.27416,0.000989817,0.641845,41171.1,363.711
1825,14950400,4.37391,0.000989801,0.611351,39876.4,363.916
1826,14958592,4.21525,0.000989786,0.632142,41765.4,364.112
1827,14966784,4.38063,0.000989771,0.622452,43378.1,364.301
1828,14974976,4.28876,0.000989755,0.627587,43908.3,364.488
1829,14983168,4.39695,0.00098974,0.646259,44032.1,364.674
1830,14991360,4.32785,0.000989724,0.623273,35986.9,364.901
1831,14999552,4.37001,0.000989709,0.635114,35621.8,365.131
1832,15007744,4.28234,0.000989694,0.603983,42749.3,365.323
1833,15015936,4.26233,0.000989678,0.588425,42685,365.515
1834,15024128,4.36737,0.000989663,0.626616,42214.5,365.709
1835,15032320,4.37584,0.000989647,0.643338,37798.7,365.926
1836,15040512,4.26254,0.000989632,0.611387,38735.3,366.137
1837,15048704,4.37464,0.000989616,0.6383,41704.9,366.334
1838,15056896,4.40286,0.000989601,0.656825,43144.7,366.523
1839,15065088,4.2686,0.000989585,0.654822,41984.6,366.719
1840,15073280,4.33717,0.00098957,0.616895,38678.3,366.93
1841,15081472,4.21345,0.000989554,0.61364,37357.3,367.15
1842,15089664,4.18532,0.000989539,0.611407,42608.2,367.342
1843,15097856,4.50661,0.000989523,0.639011,42857.6,367.533
1844,15106048,4.3396,0.000989508,0.613215,41983.2,367.728
1845,15114240,4.32204,0.000989492,0.605435,39877.7,367.934
1846,15122432,4.27302,0.000989477,0.647099,39976.8,368.139
1847,15130624,4.30049,0.000989461,0.645034,42306.2,368.332
1848,15138816,4.03314,0.000989445,0.620378,42907.3,368.523
1849,15147008,4.21674,0.00098943,0.631977,42578.5,368.715
1850,15155200,4.25117,0.000989414,0.603601,40956.3,368.915
1851,15163392,4.25992,0.000989398,0.592091,40355.5,369.118
1852,15171584,4.20529,0.000989383,0.606123,43620.6,369.306
1853,15179776,4.35857,0.000989367,0.612419,43344.2,369.495
1854,15187968,4.34936,0.000989352,0.612377,43270.9,369.685
1855,15196160,4.18885,0.000989336,0.597417,36595.9,369.908
1856,15204352,4.36687,0.00098932,0.634634,39201.8,370.117
1857,15212544,4.43204,0.000989304,0.618873,42826.6,370.309
1858,15220736,4.22646,0.000989289,0.58228,43098.5,370.499
1859,15228928,4.23707,0.000989273,0.607017,42421.2,370.692
1860,15237120,4.30418,0.000989257,0.632416,37845.8,370.908
1861,15245312,4.39667,0.000989241,0.619309,37242.7,371.128
1862,15253504,4.43175,0.000989226,0.610458,43077.3,371.318
1863,15261696,4.21494,0.00098921,0.6013,43247.4,371.508
1864,15269888,4.29123,0.000989194,0.615794,41992.4,371.703
1865,15278080,4.25187,0.000989178,0.672318,38567.8,371.915
1866,15286272,4.08822,0.000989163,0.573728,39823.2,372.121
1867,15294464,4.43645,0.000989147,0.628311,42160.9,372.315
1868,15302656,4.38544,0.000989131,0.604978,42619.1,372.508
1869,15310848,4.33872,0.000989115,0.635506,41631.3,372.704
1870,15319040,4.39419,0.000989099,0.716455,39741.6,372.911
1871,15327232,4.25896,0.000989083,0.634747,38103.1,373.126
1872,15335424,4.28089,0.000989067,0.584427,42511.3,373.318
1873,15343616,4.11086,0.000989052,0.652058,42772,373.51
1874,15351808,4.38295,0.000989036,0.618635,42451.8,373.703
1875,15360000,4.13715,0.00098902,0.644374,41210.7,373.901
1876,15368192,4.30071,0.000989004,0.626769,42786.4,374.093
1877,15376384,4.38664,0.000988988,0.643398,43085.6,374.283
1878,15384576,4.3568,0.000988972,0.65344,43311.1,374.472
1879,15392768,4.35287,0.000988956,0.609475,43010.9,374.663
1880,15400960,4.28832,0.00098894,0.620558,36122.9,374.889
1881,15409152,4.31115,0.000988924,0.600412,34837.8,375.125
1882,15417344,4.31854,0.000988908,0.666341,42909,375.316
1883,15425536,4.36876,0.000988892,0.642602,42669,375.508
1884,15433728,4.13765,0.000988876,0.641943,41973.9,375.703
1885,15441920,4.16765,0.00098886,0.641321,36849.7,375.925
1886,15450112,4.24212,0.000988844,0.664289,38302.7,376.139
1887,15458304,4.26513,0.000988828,0.629012,41777.3,376.335
1888,15466496,4.08568,0.000988812,0.621749,42609.1,376.527
1889,15474688,4.12376,0.000988796,0.626386,41521.4,376.725
1890,15482880,4.42802,0.00098878,0.770949,37950.7,376.94
1891,15491072,4.4556,0.000988764,0.635129,36858.1,377.163
1892,15499264,4.4461,0.000988748,0.63075,42367.1,377.356
1893,15507456,4.18954,0.000988731,0.605192,42561,377.548
1894,15515648,4.25714,0.000988715,0.680657,41730.6,377.745
1895,15523840,4.45562,0.000988699,0.6369,39028.6,377.955
1896,15532032,4.25085,0.000988683,0.583344,39721.9,378.161
1897,15540224,4.42747,0.000988667,0.626333,42203.5,378.355
1898,15548416,4.23755,0.000988651,0.608641,43053.7,378.545
1899,15556608,4.31919,0.000988634,0.61111,42466.9,378.738
1900,15564800,4.27161,0.000988618,0.651915,41190.3,378.937
1901,15572992,4.22112,0.000988602,0.605313,40264.1,379.141
1902,15581184,4.42239,0.000988586,0.638174,42874.6,379.332
1903,15589376,4.48966,0.00098857,0.649118,42726.4,379.523
1904,15597568,4.24164,0.000988553,0.602734,43163.7,379.713
1905,15605760,4.17964,0.000988537,0.63164,36045.9,379.94
1906,15613952,4.51373,0.000988521,0.672224,37477.4,380.159
1907,15622144,4.4074,0.000988505,0.631956,42148.4,380.353
1908,15630336,4.09212,0.000988488,0.647612,42552.1,380.546
1909,15638528,4.26814,0.000988472,0.624047,42009.9,380.741
1910,15646720,4.40838,0.000988456,0.623797,37885.3,380.957
1911,15654912,4.16331,0.000988439,0.672482,36981.2,381.179
1912,15663104,4.42396,0.000988423,0.609131,42190.5,381.373
1913,15671296,4.34059,0.000988407,0.600625,42981.5,381.563
1914,15679488,4.23977,0.00098839,0.648854,41554.5,381.761
1915,15687680,4.16466,0.000988374,0.61721,38662.9,381.972
1916,15695872,4.31335,0.000988358,0.588849,39901.8,382.178
1917,15704064,4.19153,0.000988341,0.596087,41830.7,382.374
1918,15712256,4.23591,0.000988325,0.621805,42828.6,382.565
1919,15720448,4.30087,0.000988308,0.663941,41856.4,382.761
1920,15728640,4.384,0.000988292,0.631785,40096.8,382.965
1921,15736832,4.09527,0.000988275,0.586135,38016.6,383.18
1922,15745024,4.24136,0.000988259,0.589028,42565.8,383.373
1923,15753216,4.37465,0.000988243,0.62261,43007.1,383.563
1924,15761408,4.40113,0.000988226,0.611497,42662.6,383.755
1925,15769600,4.36488,0.00098821,0.653699,41114.5,383.955
1926,15777792,4.22437,0.000988193,0.604621,43007.7,384.145
1927,15785984,4.19621,0.000988177,0.660996,43326.4,384.334
1928,15794176,4.23727,0.00098816,0.652705,43504.8,384.522
1929,15802368,4.11257,0.000988144,0.609624,43440.9,384.711
1930,15810560,4.44735,0.000988127,0.640549,36449.7,384.936
1931,15818752,4.31137,0.000988111,0.79293,36100.6,385.163
1932,15826944,4.25233,0.000988094,0.615764,42410.5,385.356
1933,15835136,4.31989,0.000988077,0.639341,42534.4,385.548
1934,15843328,4.28896,0.000988061,0.591724,42495.1,385.741
1935,15851520,4.30294,0.000988044,0.606085,37502,385.96
1936,15859712,4.29224,0.000988028,0.644428,38692.5,386.171
1937,15867904,4.46043,0.000988011,0.666485,41766.8,386.367
1938,15876096,4.32546,0.000987994,0.623349,42934.7,386.558
1939,15884288,4.41118,0.000987978,0.673025,41630.5,386.755
1940,15892480,4.2501,0.000987961,0.672087,38540.5,386.968
1941,15900672,4.52582,0.000987944,0.625853,36915.9,387.189
1942,15908864,4.28972,0.000987928,0.650067,42103.1,387.384
1943,15917056,4.30224,0.000987911,0.661138,42730.2,387.576
1944,15925248,4.3564,0.000987894,0.629434,42750.1,387.767
1945,15933440,4.22889,0.000987878,0.632113,40669.2,387.969
1946,15941632,4.37978,0.000987861,0.626103,40152.1,388.173
1947,15949824,4.19927,0.000987844,0.623864,41791.2,388.369
1948,15958016,4.30985,0.000987827,0.602278,43113.7,388.559
1949,15966208,4.17758,0.000987811,0.641414,42730.1,388.751
1950,15974400,4.57615,0.000987794,0.623209,41707.7,388.947
1951,15982592,4.22615,0.000987777,0.592974,40161.1,389.151
1952,15990784,4.30358,0.00098776,0.630222,43702.3,389.338
1953,15998976,4.40265,0.000987744,0.632793,43212.9,389.528
1954,16007168,4.24752,0.000987727,0.643144,42803.8,389.719
1955,16015360,4.27768,0.00098771,0.626182,35730.5,389.949
1956,16023552,4.37818,0.000987693,0.599855,37295.7,390.168
1957,16031744,4.37359,0.000987676,0.673471,42061.4,390.363
1958,16039936,4.32456,0.000987659,0.670741,42777.4,390.555
1959,16048128,4.19678,0.000987643,0.638866,41815.9,390.75
1960,16056320,4.24204,0.000987626,0.645049,36924.6,390.972
1961,16064512,4.5955,0.000987609,0.690905,35789.2,391.201
1962,16072704,4.33724,0.000987592,0.644876,42127.8,391.396
1963,16080896,4.2806,0.000987575,0.657862,42622.8,391.588
1964,16089088,4.27581,0.000987558,0.641086,41794,391.784
1965,16097280,4.42829,0.000987541,0.649424,38391.9,391.997
1966,16105472,4.31024,0.000987524,0.631779,39053.1,392.207
1967,16113664,4.30015,0.000987507,0.58185,41897.4,392.403
1968,16121856,4.18612,0.00098749,0.634116,42595.2,392.595
1969,16130048,4.41559,0.000987473,0.66623,41955,392.79
1970,16138240,4.31108,0.000987456,0.628067,39656.8,392.997
1971,16146432,4.42668,0.000987439,0.631651,36981.5,393.218
1972,16154624,4.34397,0.000987422,0.64253,42219.3,393.412
1973,16162816,4.21561,0.000987405,0.664744,42558.8,393.605
1974,16171008,4.27747,0.000987388,0.645401,42361.6,393.798
1975,16179200,4.17728,0.000987371,0.675534,41208.9,393.997
1976,16187392,4.19559,0.000987354,0.622871,43471,394.185
1977,16195584,4.19562,0.000987337,0.632083,42666.1,394.377
1978,16203776,4.2417,0.00098732,0.622987,42705.9,394.569
1979,16211968,4.52334,0.000987303,0.621607,42732.5,394.761
1980,16220160,4.44017,0.000987286,0.655727,35445.2,394.992
1981,16228352,4.30187,0.000987269,0.632037,35849.4,395.221
1982,16236544,4.28597,0.000987251,0.62711,43061.8,395.411
1983,16244736,4.20778,0.000987234,0.612248,42725.2,395.603
1984,16252928,4.36119,0.000987217,0.606757,41924.1,395.798
1985,16261120,4.27134,0.0009872,0.623231,37430.6,396.017
1986,16269312,4.07371,0.000987183,0.586299,39264.1,396.225
1987,16277504,4.29758,0.000987166,0.633419,42292.3,396.419
1988,16285696,4.1966,0.000987148,0.618317,42585.6,396.611
1989,16293888,4.25868,0.000987131,0.636331,41428.8,396.809
1990,16302080,4.23082,0.000987114,0.657251,38812.4,397.02
1991,16310272,4.38508,0.000987097,0.61786,37404.5,397.239
1992,16318464,4.39886,0.00098708,0.626245,42909.9,397.43
1993,16326656,4.24504,0.000987062,0.651753,42910.5,397.621
1994,16334848,4.45866,0.000987045,0.621834,41973.6,397.816
1995,16343040,4.32985,0.000987028,0.632415,40092.1,398.021
1996,16351232,4.32806,0.00098701,0.639467,40032.3,398.225
1997,16359424,4.20912,0.000986993,0.623935,42419.9,398.418
1998,16367616,4.15792,0.000986976,0.627812,43417.3,398.607
1999,16375808,4.28987,0.000986958,0.609209,42219.6,398.801
2000,16384000,4.24983,0.000986941,0.629247,41062,399.001
2001,16392192,4.40622,0.000986924,0.633217,39586.8,399.208
2002,16400384,4.11611,0.000986906,0.648431,43035.5,399.398
2003,16408576,4.08312,0.000986889,0.616416,42770.7,399.589
2004,16416768,4.33967,0.000986872,0.621634,41883.3,399.785
2005,16424960,4.10964,0.000986854,0.619356,35007.2,400.019
2006,16433152,4.2865,0.000986837,0.605362,39203.8,400.228
2007,16441344,4.45758,0.00098682,0.655437,43044,400.418
2008,16449536,4.37538,0.000986802,0.641516,42909.3,400.609
2009,16457728,4.40264,0.000986785,0.620855,41738.6,400.805
2010,16465920,4.36628,0.000986767,0.608493,37252.4,401.025
2011,16474112,4.47512,0.00098675,0.650838,37675,401.243
2012,16482304,4.1551,0.000986732,0.608298,42870.5,401.434
2013,16490496,4.31654,0.000986715,0.624531,42988.1,401.624
2014,16498688,4.41789,0.000986697,0.643582,41429.6,401.822
2015,16506880,4.2714,0.00098668,0.623122,38009.1,402.038
2016,16515072,4.29191,0.000986662,0.64207,39717.1,402.244
2017,16523264,4.21815,0.000986645,0.601864,42140.7,402.438
2018,16531456,4.1943,0.000986627,0.616622,42827.3,402.63
2019,16539648,4.06761,0.00098661,0.642385,41424.2,402.827
2020,16547840,4.43014,0.000986592,0.61532,39030.6,403.037
2021,16556032,4.21032,0.000986575,0.618343,37520.6,403.256
2022,16564224,4.14361,0.000986557,0.630184,42735.2,403.447
2023,16572416,4.07597,0.000986539,0.575206,42912.8,403.638
2024,16580608,4.26237,0.000986522,0.593675,41898.4,403.834
2025,16588800,4.07593,0.000986504,0.609077,40773.8,404.035
2026,16596992,4.29111,0.000986487,0.620383,43636.7,404.222
2027,16605184,4.23345,0.000986469,0.654129,43466.6,404.411
2028,16613376,4.23222,0.000986451,0.620168,43201.2,404.6
2029,16621568,4.20965,0.000986434,0.610337,43086.8,404.791
2030,16629760,4.34916,0.000986416,0.660459,35689,405.02
2031,16637952,4.28686,0.000986398,0.61696,36294.2,405.246
2032,16646144,4.16136,0.000986381,0.603652,42802,405.437
2033,16654336,4.2254,0.000986363,0.655957,42954,405.628
2034,16662528,4.23882,0.000986345,0.615528,42269.3,405.822
2035,16670720,4.2198,0.000986327,0.620722,37530.5,406.04
2036,16678912,4.33341,0.00098631,0.637378,39127.8,406.249
2037,16687104,4.31718,0.000986292,0.637913,42186.4,406.444
2038,16695296,4.22135,0.000986274,0.638401,42850.3,406.635
2039,16703488,4.1983,0.000986256,0.603776,41936.4,406.83
2040,16711680,4.27926,0.000986239,0.689738,39202.5,407.039
2041,16719872,4.1975,0.000986221,0.61174,36723.6,407.262
2042,16728064,4.13647,0.000986203,0.630939,42161.8,407.456
2043,16736256,4.33206,0.000986185,0.599202,42759.9,407.648
2044,16744448,4.18852,0.000986167,0.622426,42011.9,407.843
2045,16752640,4.21453,0.000986149,0.63422,39662.3,408.05
2046,16760832,4.16508,0.000986132,0.610879,39848.3,408.255
2047,16769024,4.44199,0.000986114,0.646015,41739.5,408.451
2048,16777216,4.30941,0.000986096,0.643963,42565.7,408.644
2049,16785408,4.24077,0.000986078,0.627598,42380.6,408.837
2050,16793600,4.24721,0.00098606,0.639223,40775.6,409.038
2051,16801792,4.18017,0.000986042,0.615874,40935.9,409.238
2052,16809984,4.31142,0.000986024,0.645838,43484.8,409.427
2053,16818176,4.25764,0.000986006,0.619421,43245.8,409.616
2054,16826368,4.20641,0.000985988,0.656227,43251.4,409.805
2055,16834560,4.18095,0.00098597,0.645098,36441.4,410.03
2056,16842752,4.30528,0.000985952,0.628,37605.9,410.248
2057,16850944,4.19819,0.000985934,0.617994,42587.3,410.44
2058,16859136,4.1882,0.000985916,0.647091,42860.7,410.632
2059,16867328,4.184,0.000985898,0.633191,42326.2,410.825
2060,16875520,4.42088,0.00098588,0.609956,37508.6,411.044
2061,16883712,4.31149,0.000985862,0.62232,35981.9,411.271
2062,16891904,4.28533,0.000985844,0.596334,42338.2,411.465
2063,16900096,4.20374,0.000985826,0.620736,42503.9,411.657
2064,16908288,4.25047,0.000985808,0.589244,42345.1,411.851
2065,16916480,4.00534,0.00098579,0.604314,38799.6,412.062
2066,16924672,4.25102,0.000985772,0.603213,38754.8,412.273
2067,16932864,4.37088,0.000985754,0.600749,42365.1,412.467
2068,16941056,4.22346,0.000985736,0.673517,42703.5,412.659
2069,16949248,4.23321,0.000985718,0.639378,42753.9,412.85
2070,16957440,4.23597,0.0009857,0.623689,40837.5,413.051
2071,16965632,4.32602,0.000985682,0.622331,37737.4,413.268
2072,16973824,4.2481,0.000985663,0.605412,42429.6,413.461
2073,16982016,4.33138,0.000985645,0.676534,42884.4,413.652
2074,16990208,4.25478,0.000985627,0.636455,42714.4,413.844
2075,16998400,4.1868,0.000985609,0.604387,41566.8,414.041
2076,17006592,4.356,0.000985591,0.615175,42951.8,414.232
2077,17014784,4.51704,0.000985573,0.609537,43478.4,414.42
2078,17022976,4.31804,0.000985554,0.66323,43570.8,414.608
2079,17031168,4.1184,0.000985536,0.647901,42688.1,414.8
2080,17039360,4.23435,0.000985518,0.601381,35805.9,415.029
2081,17047552,4.40381,0.0009855,0.625094,35992.8,415.256
2082,17055744,4.2883,0.000985481,0.640577,42575.7,415.449
2083,17063936,4.15117,0.000985463,0.622703,43208.5,415.638
2084,17072128,4.25846,0.000985445,0.590495,42212.4,415.832
2085,17080320,4.42028,0.000985426,0.635499,37692.6,416.05
2086,17088512,4.46049,0.000985408,0.600665,39270.8,416.258
2087,17096704,4.43709,0.00098539,0.655586,41933,416.454
2088,17104896,4.21393,0.000985372,0.62032,42591.3,416.646
2089,17113088,4.32746,0.000985353,0.85376,42109.4,416.841
2090,17121280,4.1739,0.000985335,0.603309,38556.1,417.053
2091,17129472,4.27293,0.000985316,0.606343,37323.5,417.272
2092,17137664,4.23926,0.000985298,0.607814,42572.9,417.465
2093,17145856,4.40376,0.00098528,0.633978,42918.3,417.656
2094,17154048,4.28495,0.000985261,0.637058,42103.7,417.85
2095,17162240,4.38868,0.000985243,0.643357,39977.4,418.055
2096,17170432,4.32535,0.000985224,0.615584,40232.3,418.259
2097,17178624,4.23078,0.000985206,0.653713,42216.9,418.453
2098,17186816,4.2287,0.000985188,0.62858,43254.9,418.642
2099,17195008,4.17069,0.000985169,0.614553,42686.1,418.834
2100,17203200,4.22657,0.000985151,0.638754,40992.9,419.034
2101,17211392,4.09552,0.000985132,0.611092,40911.7,419.234
2102,17219584,4.23876,0.000985114,0.63187,43297.2,419.424
2103,17227776,4.32448,0.000985095,0.611991,43378.3,419.612
2104,17235968,4.08224,0.000985077,0.624516,43346.8,419.801
2105,17244160,4.2486,0.000985058,0.632488,36270.8,420.027
2106,17252352,4.2277,0.00098504,0.620099,37764.5,420.244
2107,17260544,4.25597,0.000985021,0.630496,42426.4,420.437
2108,17268736,4.30525,0.000985003,0.654917,43420.3,420.626
2109,17276928,4.18837,0.000984984,0.674535,42774.1,420.817
2110,17285120,4.17272,0.000984965,0.643077,38032.6,421.033
2111,17293312,4.24422,0.000984947,0.624186,35696.2,421.262
2112,17301504,4.32057,0.000984928,0.617444,42677.3,421.454
2113,17309696,4.14487,0.00098491,0.630035,43105,421.644
2114,17317888,4.31065,0.000984891,0.608603,42037.1,421.839
2115,17326080,4.31415,0.000984872,0.627988,38733.5,422.051
2116,17334272,4.26687,0.000984854,0.626588,39297.2,422.259
2117,17342464,4.1342,0.000984835,0.647159,42091.2,422.454
2118,17350656,4.42704,0.000984816,0.644001,42951,422.644
2119,17358848,4.36226,0.000984798,0.605334,41814,422.84
2120,17367040,4.48205,0.000984779,0.654187,39522.9,423.048
2121,17375232,4.24384,0.00098476,0.61009,37308.8,423.267
2122,17383424,4.20985,0.000984742,0.651991,42533.5,423.46
2123,17391616,4.19182,0.000984723,0.628509,43048.3,423.65
2124,17399808,3.94143,0.000984704,0.609007,42764,423.842
2125,17408000,4.35512,0.000984685,0.611731,40472.3,424.044
2126,17416192,4.2039,0.000984667,0.625742,43036.7,424.234
2127,17424384,4.07118,0.000984648,0.616441,44327,424.419
2128,17432576,4.1058,0.000984629,0.634761,44640.6,424.603
2129,17440768,4.30202,0.00098461,0.619281,44618.2,424.786
2130,17448960,4.18896,0.000984591,0.627525,36693.4,425.01
2131,17457152,4.20046,0.000984573,0.639689,34915.1,425.244
2132,17465344,4.30928,0.000984554,0.637836,42627.9,425.436
2133,17473536,4.35043,0.000984535,0.625389,42450.1,425.629
2134,17481728,4.06238,0.000984516,0.61883,42359.4,425.823
2135,17489920,4.272,0.000984497,0.602046,37948.1,426.039
2136,17498112,4.22433,0.000984478,0.627271,37634.5,426.256
2137,17506304,4.22132,0.00098446,0.609559,41940.2,426.452
2138,17514496,4.07536,0.000984441,0.636331,42699.7,426.644
2139,17522688,4.36014,0.000984422,0.664202,42053,426.838
2140,17530880,4.08549,0.000984403,0.609399,38624.1,427.05
2141,17539072,4.27431,0.000984384,0.613655,36813.3,427.273
2142,17547264,4.28301,0.000984365,0.614342,42122.6,427.467
2143,17555456,4.12491,0.000984346,0.632185,42872.4,427.659
2144,17563648,4.27366,0.000984327,0.656647,42096.5,427.853
2145,17571840,4.3473,0.000984308,0.648155,39809.7,428.059
2146,17580032,4.16768,0.000984289,0.658269,40200.2,428.263
2147,17588224,4.02702,0.00098427,0.663319,41854.9,428.458
2148,17596416,4.19972,0.000984251,0.612037,42805.8,428.65
2149,17604608,4.29642,0.000984232,0.616145,42534.2,428.842
2150,17612800,4.28518,0.000984213,0.600226,40856.6,429.043
2151,17620992,4.22473,0.000984194,0.608505,40281.1,429.246
2152,17629184,4.06143,0.000984175,0.592943,42951.4,429.437
2153,17637376,4.33855,0.000984156,0.621375,42693.1,429.629
2154,17645568,4.1721,0.000984137,0.622466,42732.9,429.821
2155,17653760,4.28329,0.000984118,0.673147,35299.5,430.053
2156,17661952,4.14124,0.000984099,0.617982,37707.9,430.27
2157,17670144,3.96805,0.00098408,0.6127,42345.7,430.463
2158,17678336,4.29226,0.00098406,0.624946,42288.9,430.657
2159,17686528,4.0844,0.000984041,0.618866,42198.2,430.851
2160,17694720,4.07024,0.000984022,0.62378,37489.3,431.07
2161,17702912,3.97,0.000984003,0.634343,37011.4,431.291
2162,17711104,4.34234,0.000983984,0.624967,42344.1,431.484
2163,17719296,4.09295,0.000983965,0.613802,42349.9,431.678
2164,17727488,4.20765,0.000983945,0.66619,41816.7,431.874
2165,17735680,4.33146,0.000983926,0.629769,38904.2,432.084
2166,17743872,4.02391,0.000983907,0.638491,38856.1,432.295
2167,17752064,4.23363,0.000983888,0.648355,41836.7,432.491
2168,17760256,4.30844,0.000983869,0.641425,42895.6,432.682
2169,17768448,4.2626,0.000983849,0.626333,42119,432.877
2170,17776640,4.19631,0.00098383,0.674969,40202,433.08
2171,17784832,4.31238,0.000983811,0.611225,37801.2,433.297
2172,17793024,4.23882,0.000983792,0.663022,42480.8,433.49
2173,17801216,4.37357,0.000983772,0.636762,42665,433.682
2174,17809408,4.11656,0.000983753,0.606803,42499,433.875
2175,17817600,4.45344,0.000983734,0.621173,41719.1,434.071
2176,17825792,4.16949,0.000983714,0.675204,43358,434.26
2177,17833984,4.20715,0.000983695,0.603201,43728.7,434.447
2178,17842176,4.39184,0.000983676,0.626898,43600.2,434.635
2179,17850368,4.41797,0.000983656,0.609661,43496.4,434.823
2180,17858560,4.25338,0.000983637,0.641269,37340.4,435.043
2181,17866752,4.24254,0.000983618,0.591955,35467.8,435.274
2182,17874944,4.09027,0.000983598,0.657535,42758,435.465
2183,17883136,4.47782,0.000983579,0.644102,43049.5,435.656
2184,17891328,4.22125,0.000983559,0.63955,42577.6,435.848
2185,17899520,4.21033,0.00098354,0.602558,37840.8,436.065
2186,17907712,4.19074,0.00098352,0.643626,37634.1,436.282
2187,17915904,4.2125,0.000983501,0.614086,42429.3,436.475
2188,17924096,4.13401,0.000983482,0.634909,42357,436.669
2189,17932288,4.17251,0.000983462,0.589139,42571.4,436.861
2190,17940480,4.02123,0.000983443,0.678603,38588,437.073
2191,17948672,4.14216,0.000983423,0.642819,35840.5,437.302
2192,17956864,4.06772,0.000983404,0.587461,42300.7,437.496
2193,17965056,4.38041,0.000983384,0.604046,42420.3,437.689
2194,17973248,4.29351,0.000983365,0.622904,42029.4,437.884
2195,17981440,4.19631,0.000983345,0.627712,39636.9,438.09
2196,17989632,4.27657,0.000983326,0.611708,38863.6,438.301
2197,17997824,4.08436,0.000983306,0.62677,42202.2,438.495
2198,18006016,4.12667,0.000983286,0.610778,42506.4,438.688
2199,18014208,4.31786,0.000983267,0.624196,42407.3,438.881
2200,18022400,4.0688,0.000983247,0.644986,40675.7,439.083
2201,18030592,4.33089,0.000983228,0.630763,40222,439.286
2202,18038784,4.23638,0.000983208,0.601828,43120.9,439.476
2203,18046976,4.16845,0.000983188,0.588984,43025.6,439.667
2204,18055168,4.16984,0.000983169,0.637182,43083,439.857
2205,18063360,4.32146,0.000983149,0.621127,35712.3,440.086
2206,18071552,4.20813,0.000983129,0.599413,38270.4,440.3
2207,18079744,4.23699,0.00098311,0.62354,42668.7,440.492
2208,18087936,4.21869,0.00098309,0.626944,42831.3,440.683
2209,18096128,4.24151,0.00098307,0.600552,42447.2,440.876
2210,18104320,4.33229,0.000983051,0.637186,38061.7,441.092
2211,18112512,4.31567,0.000983031,0.621081,35760.9,441.321
2212,18120704,4.08236,0.000983011,0.626255,42916.2,441.512
2213,18128896,4.19884,0.000982992,0.608099,42906.3,441.703
2214,18137088,4.22098,0.000982972,0.599635,41817.5,441.898
2215,18145280,4.20616,0.000982952,0.637182,38816.8,442.11
2216,18153472,4.40845,0.000982932,0.616517,39226.7,442.318
2217,18161664,4.08279,0.000982912,0.637275,42225.7,442.512
2218,18169856,4.07221,0.000982893,0.62262,42852,442.704
2219,18178048,4.26405,0.000982873,0.631688,41400.1,442.901
2220,18186240,4.2689,0.000982853,0.625201,39386.8,443.109
2221,18194432,4.24563,0.000982833,0.627319,37679.6,443.327
2222,18202624,4.0675,0.000982813,0.650146,42455.7,443.52
2223,18210816,4.16669,0.000982794,0.626468,42592.7,443.712
2224,18219008,3.9415,0.000982774,0.624049,41809.9,443.908
2225,18227200,4.09622,0.000982754,0.630068,40418.7,444.111
2226,18235392,4.26953,0.000982734,0.636286,42947.9,444.301
2227,18243584,4.01556,0.000982714,0.64546,43179.6,444.491
2228,18251776,4.09328,0.000982694,0.635697,42991.5,444.682
2229,18259968,4.1834,0.000982674,0.630587,42967.8,444.872
2230,18268160,4.13536,0.000982654,0.604881,36131.1,445.099
2231,18276352,4.18893,0.000982634,0.629306,35651.4,445.329
2232,18284544,4.15802,0.000982614,0.660977,43045.5,445.519
2233,18292736,4.32302,0.000982594,0.616803,42852.1,445.71
2234,18300928,4.0867,0.000982574,0.604644,41939.3,445.906
2235,18309120,4.04614,0.000982554,0.594306,36905.5,446.128
2236,18317312,4.56763,0.000982534,0.658545,39295.7,446.336
2237,18325504,4.26058,0.000982514,0.605796,42390.8,446.529
2238,18333696,4.09636,0.000982494,0.596199,42682.5,446.721
2239,18341888,4.29516,0.000982474,0.678192,41545.5,446.919
2240,18350080,4.26163,0.000982454,0.588437,37900.6,447.135
2241,18358272,4.28983,0.000982434,0.632433,37437.7,447.353
2242,18366464,4.31781,0.000982414,0.633269,43188.4,447.543
2243,18374656,4.13013,0.000982394,0.593644,42826.5,447.734
2244,18382848,4.17081,0.000982374,0.657005,42210.1,447.929
2245,18391040,4.32744,0.000982354,0.634096,39693.7,448.135
2246,18399232,4.34726,0.000982334,0.601847,40684,448.336
2247,18407424,4.21558,0.000982314,0.602656,41936,448.532
2248,18415616,4.03615,0.000982294,0.581904,43040.3,448.722
2249,18423808,4.1585,0.000982273,0.650688,43072.8,448.912
2250,18432000,4.23516,0.000982253,0.614857,41552.9,449.109
2251,18440192,4.35249,0.000982233,0.642612,39532,449.316
2252,18448384,4.11798,0.000982213,0.643544,43990,449.503
2253,18456576,4.34787,0.000982193,0.63269,43453.7,449.691
2254,18464768,4.35384,0.000982173,0.651064,44021.4,449.877
2255,18472960,4.25551,0.000982152,0.638807,37174.9,450.098
2256,18481152,4.21222,0.000982132,0.638445,39396.8,450.306
2257,18489344,4.33759,0.000982112,0.620827,42693.9,450.497
2258,18497536,4.23865,0.000982092,0.609683,43557.9,450.686
2259,18505728,4.12628,0.000982071,0.622547,43273,450.875
2260,18513920,4.28899,0.000982051,0.634622,38928.2,451.085
2261,18522112,4.29297,0.000982031,0.614564,37088.2,451.306
2262,18530304,4.08542,0.000982011,0.693285,42057.2,451.501
2263,18538496,4.15296,0.00098199,0.622376,43027.7,451.691
2264,18546688,4.06051,0.00098197,0.595737,42688.4,451.883
2265,18554880,4.33782,0.00098195,0.640635,39170,452.092
2266,18563072,4.27316,0.000981929,0.614519,39439.1,452.3
2267,18571264,4.09352,0.000981909,0.654414,41891.2,452.496
2268,18579456,4.1993,0.000981889,0.610535,43084.7,452.686
2269,18587648,3.93553,0.000981868,0.637018,42460.9,452.879
2270,18595840,4.206,0.000981848,0.599326,40130.2,453.083
2271,18604032,4.0511,0.000981828,0.664427,38043.7,453.298
2272,18612224,4.28765,0.000981807,0.651137,42248.8,453.492
2273,18620416,4.15383,0.000981787,0.627557,43136.2,453.682
2274,18628608,4.26802,0.000981766,0.598167,42626.5,453.874
2275,18636800,4.23144,0.000981746,0.699836,41020.8,454.074
2276,18644992,4.23946,0.000981725,0.637675,43523.5,454.262
2277,18653184,4.34562,0.000981705,0.634261,43163.7,454.452
2278,18661376,4.26734,0.000981684,0.62543,43717.2,454.639
2279,18669568,4.04877,0.000981664,0.624081,43058.8,454.83
2280,18677760,4.16824,0.000981643,0.620664,36734.7,455.053
2281,18685952,4.22904,0.000981623,0.603738,34559.1,455.29
2282,18694144,4.08123,0.000981602,0.664186,42456.6,455.483
2283,18702336,4.11242,0.000981582,0.64552,42610,455.675
2284,18710528,4.35849,0.000981561,0.621774,42488.5,455.868
2285,18718720,4.26088,0.000981541,0.625989,37977.7,456.083
2286,18726912,4.27925,0.00098152,0.618574,38046,456.299
2287,18735104,4.35311,0.0009815,0.622055,41743.7,456.495
2288,18743296,4.34054,0.000981479,0.627912,42655.6,456.687
2289,18751488,4.09958,0.000981459,0.60421,41775.2,456.883
2290,18759680,4.06647,0.000981438,0.604549,38438.8,457.096
2291,18767872,4.05511,0.000981417,0.624836,36642.4,457.32
2292,18776064,4.10063,0.000981397,0.645959,42238.5,457.514
2293,18784256,3.99614,0.000981376,0.620613,42559.9,457.706
2294,18792448,4.06319,0.000981355,0.665206,41746,457.902
2295,18800640,4.013,0.000981335,0.631456,39459.3,458.11
2296,18808832,4.28256,0.000981314,0.647468,39932.5,458.315
2297,18817024,4.12898,0.000981293,0.617444,41909,458.511
2298,18825216,4.11612,0.000981273,0.633405,42689.7,458.702
2299,18833408,4.27384,0.000981252,0.614386,42214.8,458.897
2300,18841600,4.03746,0.000981231,0.643025,40948.1,459.097
2301,18849792,4.2463,0.000981211,0.719075,41023.1,459.296
2302,18857984,4.01553,0.00098119,0.595264,43503.9,459.485
2303,18866176,4.02119,0.000981169,0.619743,43219.9,459.674
2304,18874368,4.14028,0.000981148,0.64018,42959.5,459.865
2305,18882560,4.19426,0.000981128,0.631555,36418.5,460.09
2306,18890752,4.08563,0.000981107,0.611426,37852,460.306
2307,18898944,4.29628,0.000981086,0.618889,42863.8,460.497
2308,18907136,4.10393,0.000981065,0.596298,42716.2,460.689
2309,18915328,4.24051,0.000981044,0.635085,42282.6,460.883
2310,18923520,4.23133,0.000981024,0.645104,37670.8,461.1
2311,18931712,4.25264,0.000981003,0.627222,37112.8,461.321
2312,18939904,4.38609,0.000980982,0.607304,42798.5,461.512
2313,18948096,4.03324,0.000980961,0.623356,42722,461.704
2314,18956288,4.15388,0.00098094,0.594851,41853.3,461.9
2315,18964480,4.18898,0.000980919,0.603169,38308.2,462.114
2316,18972672,4.18596,0.000980898,0.635938,39757.8,462.32
2317,18980864,4.11044,0.000980878,0.619986,42172,462.514
2318,18989056,3.99489,0.000980857,0.652192,42324,462.708
2319,18997248,4.14689,0.000980836,0.625003,41431.7,462.905
2320,19005440,4.30072,0.000980815,0.653899,39504,463.113
2321,19013632,4.26131,0.000980794,0.637119,37342.8,463.332
2322,19021824,4.42157,0.000980773,0.628796,42525.2,463.525
2323,19030016,4.24722,0.000980752,0.633367,42817.6,463.716
2324,19038208,4.25968,0.000980731,0.603469,42124.7,463.911
2325,19046400,4.21165,0.00098071,0.614239,40882.1,464.111
2326,19054592,4.2351,0.000980689,0.618741,42406.3,464.304
2327,19062784,4.26345,0.000980668,0.640845,42858.4,464.495
2328,19070976,4.40126,0.000980647,0.64016,42821.5,464.687
2329,19079168,4.27487,0.000980626,0.602697,42528.5,464.879
2330,19087360,4.06456,0.000980605,0.677751,35751.3,465.108
2331,19095552,4.15169,0.000980584,0.618963,35611,465.338
2332,19103744,4.2947,0.000980563,0.631275,42604.3,465.531
2333,19111936,4.05618,0.000980542,0.646816,43035.6,465.721
2334,19120128,4.20446,0.00098052,0.617604,42155.8,465.915
2335,19128320,4.14841,0.000980499,0.601305,37447.5,466.134
2336,19136512,4.22231,0.000980478,0.649876,39125.6,466.343
2337,19144704,4.34014,0.000980457,0.668855,42365.6,466.537
2338,19152896,4.10705,0.000980436,0.649319,42309.9,466.73
2339,19161088,4.21718,0.000980415,0.618144,41889.5,466.926
2340,19169280,4.21776,0.000980394,0.664055,38263.8,467.14
2341,19177472,4.23125,0.000980372,0.625134,36823.1,467.363
2342,19185664,4.21751,0.000980351,0.638361,42013.2,467.558
2343,19193856,4.02779,0.00098033,0.605418,42880.2,467.749
2344,19202048,4.27975,0.000980309,0.659131,42219.3,467.943
2345,19210240,4.41102,0.000980288,0.697117,39716.3,468.149
2346,19218432,4.2918,0.000980266,0.620728,39333.3,468.357
2347,19226624,4.26887,0.000980245,0.610208,42390.1,468.55
2348,19234816,4.22478,0.000980224,0.623349,42762,468.742
2349,19243008,4.35715,0.000980203,0.618839,42417.2,468.935
2350,19251200,4.27049,0.000980181,0.639884,40620.4,469.137
2351,19259392,4.23175,0.00098016,0.636011,40648.8,469.338
2352,19267584,4.14201,0.000980139,0.646031,43474,469.527
2353,19275776,4.13883,0.000980118,0.698444,43270.6,469.716
2354,19283968,4.29966,0.000980096,0.612004,42878.1,469.907
2355,19292160,4.37807,0.000980075,0.619881,35771,470.136
2356,19300352,4.15871,0.000980054,0.602021,37681.7,470.354
2357,19308544,4.20267,0.000980032,0.663716,42380.4,470.547
2358,19316736,4.2201,0.000980011,0.630499,42929,470.738
2359,19324928,4.18822,0.000979989,0.588978,41857.1,470.933
2360,19333120,4.31976,0.000979968,0.652655,36984.5,471.155
2361,19341312,4.09311,0.000979947,0.611196,36591,471.379
2362,19349504,4.30828,0.000979925,0.622828,42418.8,471.572
2363,19357696,4.30608,0.000979904,0.663184,42747.7,471.763
2364,19365888,4.23937,0.000979882,0.602811,41046.5,471.963
2365,19374080,4.27877,0.000979861,0.60553,38326.5,472.177
2366,19382272,4.28721,0.00097984,0.64714,38827.6,472.388
2367,19390464,4.23509,0.000979818,0.627928,41913.1,472.583
2368,19398656,4.46285,0.000979797,0.644434,42194.1,472.777
2369,19406848,4.21039,0.000979775,0.637306,40768.3,472.978
2370,19415040,4.08485,0.000979754,0.592345,39275,473.187
2371,19423232,4.26471,0.000979732,0.643604,36905.6,473.409
2372,19431424,4.14809,0.000979711,0.644539,42503.8,473.602
2373,19439616,4.27513,0.000979689,0.612108,42165.3,473.796
2374,19447808,4.19937,0.000979668,0.60531,41743.5,473.992
2375,19456000,4.27643,0.000979646,0.658446,40100.8,474.196
2376,19464192,4.35186,0.000979624,0.621496,42519.4,474.389
2377,19472384,4.27479,0.000979603,0.620334,42982.5,474.58
2378,19480576,3.97215,0.000979581,0.615943,42818.7,474.771
2379,19488768,4.05415,0.00097956,0.666573,42717.3,474.963
2380,19496960,4.01663,0.000979538,0.62544,35680,475.192
2381,19505152,4.13595,0.000979516,0.613611,36517.5,475.417
2382,19513344,4.24002,0.000979495,0.652912,42795,475.608
2383,19521536,4.33366,0.000979473,0.670523,42676.8,475.8
2384,19529728,4.13732,0.000979451,0.648685,41953,475.995
2385,19537920,4.28725,0.00097943,0.647929,37500.6,476.214
2386,19546112,3.96038,0.000979408,0.679005,38329.5,476.428
2387,19554304,4.2347,0.000979386,0.633467,41924.3,476.623
2388,19562496,4.17783,0.000979365,0.653399,42497.6,476.816
2389,19570688,4.10178,0.000979343,0.634282,42053.7,477.01
2390,19578880,4.36408,0.000979321,0.647809,38047.6,477.226
2391,19587072,4.22001,0.0009793,0.620123,37070,477.447
2392,19595264,4.06684,0.000979278,0.612501,42564,477.639
2393,19603456,4.43473,0.000979256,0.65042,42191.2,477.833
2394,19611648,4.16,0.000979234,0.605624,42482.8,478.026
2395,19619840,4.01291,0.000979213,0.677691,39850.9,478.232
2396,19628032,4.13869,0.000979191,0.679707,39924.4,478.437
2397,19636224,4.30638,0.000979169,0.638736,42417.1,478.63
2398,19644416,4.08198,0.000979147,0.601638,42390.7,478.823
2399,19652608,4.23494,0.000979125,0.619102,42291.5,479.017
2400,19660800,4.15834,0.000979104,0.608879,40421.8,479.22
2401,19668992,4.24176,0.000979082,0.615068,40226.7,479.423
2402,19677184,4.0753,0.00097906,0.587463,43435.1,479.612
2403,19685376,4.29238,0.000979038,0.615973,42685.4,479.804
2404,19693568,4.10282,0.000979016,0.645435,42961.5,479.995
2405,19701760,4.13645,0.000978994,0.608508,36356.6,480.22
2406,19709952,4.23857,0.000978972,0.627071,36418.8,480.445
2407,19718144,4.07871,0.00097895,0.610222,42315.3,480.638
2408,19726336,4.21066,0.000978928,0.642798,42374.5,480.832
2409,19734528,4.02124,0.000978907,0.618676,42021.9,481.027
2410,19742720,4.16899,0.000978885,0.631911,37518.8,481.245
2411,19750912,4.29433,0.000978863,0.637924,34922,481.48
2412,19759104,4.21604,0.000978841,0.649902,42673.6,481.672
2413,19767296,4.27292,0.000978819,0.672992,42601.2,481.864
2414,19775488,4.37117,0.000978797,0.689579,41450.8,482.062
2415,19783680,4.0884,0.000978775,0.661484,38664.3,482.273
2416,19791872,4.10583,0.000978753,0.626345,38605.7,482.486
2417,19800064,4.2337,0.000978731,0.653031,42275.8,482.679
2418,19808256,4.14359,0.000978709,0.625051,42365.9,482.873
2419,19816448,4.36869,0.000978687,0.626517,41610.9,483.07
2420,19824640,4.13695,0.000978665,0.619587,39274.6,483.278
2421,19832832,4.21704,0.000978643,0.638219,37377.4,483.497
2422,19841024,4.16392,0.00097862,0.627123,42372.9,483.691
2423,19849216,4.10196,0.000978598,0.606087,42571.1,483.883
2424,19857408,4.02217,0.000978576,0.624017,41749.3,484.079
2425,19865600,4.08639,0.000978554,0.657982,40313.2,484.283
2426,19873792,4.30887,0.000978532,0.603653,41908.5,484.478
2427,19881984,4.16398,0.00097851,0.613369,42309.4,484.672
2428,19890176,4.10348,0.000978488,0.646825,42252.5,484.866
2429,19898368,4.29256,0.000978466,0.618054,42819.8,485.057
2430,19906560,4.29483,0.000978443,0.673563,34392.7,485.295
2431,19914752,4.0271,0.000978421,0.628983,34862.7,485.53
2432,19922944,4.21159,0.000978399,0.622743,42500.4,485.723
2433,19931136,4.14998,0.000978377,0.613341,41969.3,485.918
2434,19939328,4.33284,0.000978355,0.622469,41516,486.115
2435,19947520,4.07064,0.000978332,0.629444,37073.6,486.336
2436,19955712,4.31264,0.00097831,0.632723,38459.3,486.549
2437,19963904,3.94313,0.000978288,0.636793,41875.3,486.745
2438,19972096,4.19563,0.000978266,0.629877,42573.5,486.937
2439,19980288,4.27561,0.000978243,0.643847,41340.9,487.135
2440,19988480,4.18799,0.000978221,0.613323,41964.3,487.331
2441,19996672,4.34378,0.000978199,0.656173,40352.4,487.534
2442,20004864,4.15019,0.000978177,0.599586,42685.4,487.726
2443,20013056,4.04382,0.000978154,0.82058,42712,487.917
2444,20021248,4.2292,0.000978132,0.631806,35846.9,488.146
2445,20029440,4.24204,0.00097811,0.638339,38646.7,488.358
2446,20037632,4.19901,0.000978087,0.665388,42036.4,488.553
2447,20045824,4.15937,0.000978065,0.610517,42539.7,488.745
2448,20054016,3.9566,0.000978043,0.614888,42613.3,488.938
2449,20062208,4.21541,0.00097802,0.615843,38381.1,489.151
2450,20070400,4.31603,0.000977998,0.624987,39020.9,489.361
2451,20078592,4.09262,0.000977975,0.605314,39017.5,489.571
2452,20086784,4.24603,0.000977953,0.643408,42263.5,489.765
2453,20094976,4.2936,0.000977931,0.62613,41732.2,489.961
2454,20103168,4.19958,0.000977908,0.610386,41666.6,490.158
2455,20111360,4.19287,0.000977886,0.627028,34580,490.395
2456,20119552,4.31585,0.000977863,0.611452,38900.2,490.605
2457,20127744,4.31844,0.000977841,0.636629,41957.3,490.8
2458,20135936,4.10217,0.000977818,0.664869,42383.3,490.994
2459,20144128,4.04992,0.000977796,0.900002,41345,491.192
2460,20152320,4.28197,0.000977773,0.641187,37430.9,491.411
2461,20160512,4.24766,0.000977751,0.642493,37289.3,491.63
2462,20168704,4.25673,0.000977728,0.641376,42571.7,491.823
2463,20176896,4.05974,0.000977706,0.650331,42569,492.015
2464,20185088,4.2683,0.000977683,0.607028,41154.6,492.214
2465,20193280,3.98077,0.000977661,0.674649,38438.2,492.427
2466,20201472,4.07614,0.000977638,0.631054,39770.5,492.633
2467,20209664,4.07552,0.000977616,0.6482,42082.4,492.828
2468,20217856,4.25413,0.000977593,0.626663,42557.6,493.021
2469,20226048,4.17201,0.00097757,0.647812,40985,493.22
2470,20234240,3.89661,0.000977548,0.607705,39416,493.428
2471,20242432,4.25271,0.000977525,0.625635,37683.2,493.646
2472,20250624,4.03289,0.000977503,0.687469,43061.8,493.836
2473,20258816,4.062,0.00097748,0.599978,42365.8,494.029
2474,20267008,4.07188,0.000977457,0.617181,41449.9,494.227
2475,20275200,4.12789,0.000977435,0.637629,40410.2,494.43
2476,20283392,4.19057,0.000977412,0.627493,42692.6,494.621
2477,20291584,4.18211,0.000977389,0.641054,43565.5,494.81
2478,20299776,4.11224,0.000977366,0.620696,42864.1,495.001
2479,20307968,4.01207,0.000977344,0.649763,42693.9,495.193
2480,20316160,4.07611,0.000977321,0.600391,36016.7,495.42
2481,20324352,4.04916,0.000977298,0.605661,35272.5,495.652
2482,20332544,4.04391,0.000977276,0.617427,42683.2,495.844
2483,20340736,4.31034,0.000977253,0.629411,42925,496.035
2484,20348928,4.22365,0.00097723,0.616774,41495.7,496.232
2485,20357120,4.15979,0.000977207,0.617051,36863.7,496.455
2486,20365312,4.26613,0.000977185,0.652672,38596.6,496.667
2487,20373504,4.21344,0.000977162,0.621396,41965.9,496.862
2488,20381696,4.11818,0.000977139,0.621018,42449.8,497.055
2489,20389888,3.98776,0.000977116,0.611946,41096.5,497.254
2490,20398080,4.04065,0.000977093,0.674809,38451.6,497.467
2491,20406272,4.17766,0.00097707,0.637288,37002.9,497.689
2492,20414464,4.26987,0.000977048,0.647283,42367.2,497.882
2493,20422656,4.19565,0.000977025,0.656787,42687,498.074
2494,20430848,4.36271,0.000977002,0.658502,41492.7,498.272
2495,20439040,4.07091,0.000976979,0.651284,39595.8,498.478
2496,20447232,4.05536,0.000976956,0.627364,39453,498.686
2497,20455424,3.99571,0.000976933,0.714837,42291.5,498.88
2498,20463616,4.32629,0.00097691,0.644287,42734.2,499.071
2499,20471808,4.12952,0.000976887,0.677274,41664.1,499.268
2500,20480000,4.10641,0.000976864,0.593403,40927.1,499.468
2501,20488192,4.0607,0.000976841,0.641153,39300.3,499.677
2502,20496384,3.9729,0.000976818,0.674696,42939.3,499.867
2503,20504576,4.03672,0.000976795,0.617204,42478.4,500.06
2504,20512768,4.22475,0.000976772,0.598773,42641.7,500.252
2505,20520960,4.25491,0.000976749,0.619096,35411.1,500.484
2506,20529152,4.27733,0.000976726,0.638548,39389.6,500.692
2507,20537344,4.2692,0.000976703,0.697906,41870.8,500.887
2508,20545536,4.10602,0.00097668,0.642699,42223.8,501.081
2509,20553728,4.19626,0.000976657,0.641644,41064.3,501.281
2510,20561920,4.24053,0.000976634,0.619676,37123.2,501.502
2511,20570112,4.11946,0.000976611,0.60928,37118.4,501.722
2512,20578304,4.05953,0.000976588,0.617848,42357.7,501.916
2513,20586496,4.21657,0.000976565,0.641098,41863.7,502.111
2514,20594688,4.03039,0.000976542,0.628996,41197.9,502.31
2515,20602880,4.06446,0.000976519,0.63586,38915.3,502.521
2516,20611072,4.35531,0.000976496,0.671326,39989.7,502.726
2517,20619264,4.20984,0.000976473,0.624811,41903,502.921
2518,20627456,3.97484,0.00097645,0.622895,42068.6,503.116
2519,20635648,4.11535,0.000976426,0.623312,41256.2,503.314
2520,20643840,4.11971,0.000976403,0.612372,39414,503.522
2521,20652032,4.03664,0.00097638,0.644781,37537.9,503.74
2522,20660224,4.21284,0.000976357,0.626217,42218.6,503.934
2523,20668416,4.18235,0.000976334,0.607391,42373,504.128
2524,20676608,4.15802,0.00097631,0.642997,42053.9,504.323
2525,20684800,4.2311,0.000976287,0.633711,40569.6,504.525
2526,20692992,3.98305,0.000976264,0.613711,42364.2,504.718
2527,20701184,4.10086,0.000976241,0.65346,41949,504.913
2528,20709376,4.23819,0.000976217,0.628452,42315.7,505.107
2529,20717568,4.01717,0.000976194,0.62079,41804.7,505.303
2530,20725760,4.07871,0.000976171,0.603442,34532.9,505.54
2531,20733952,4.10645,0.000976148,0.635915,36768.8,505.763
2532,20742144,4.15929,0.000976124,0.662963,42467.3,505.956
2533,20750336,4.02032,0.000976101,0.640937,42011.7,506.151
2534,20758528,4.15676,0.000976078,0.643782,40737.7,506.352
2535,20766720,3.94264,0.000976054,0.597984,36620.3,506.575
2536,20774912,4.13287,0.000976031,0.663253,39718.8,506.782
2537,20783104,4.32964,0.000976008,0.61429,41677.6,506.978
2538,20791296,4.11764,0.000975984,0.632628,41822,507.174
2539,20799488,4.17353,0.000975961,0.650811,39930,507.379
2540,20807680,4.05098,0.000975938,0.641191,38187.5,507.594
2541,20815872,4.28221,0.000975914,0.645861,37607.8,507.812
2542,20824064,4.23368,0.000975891,0.620818,42186.6,508.006
2543,20832256,4.10765,0.000975867,0.602402,41628.8,508.203
2544,20840448,4.28897,0.000975844,0.624235,40437.9,508.405
2545,20848640,4.11859,0.000975821,0.646386,38680.2,508.617
2546,20856832,4.04944,0.000975797,0.609955,39949.2,508.822
2547,20865024,4.04118,0.000975774,0.605841,41726,509.018
2548,20873216,4.18115,0.00097575,0.746779,41049.9,509.218
2549,20881408,4.08639,0.000975727,0.671705,40365.4,509.421
2550,20889600,4.19775,0.000975703,0.640464,39709.6,509.627
2551,20897792,4.24437,0.00097568,0.662042,39112,509.837
2552,20905984,4.24023,0.000975656,0.630245,41571.1,510.034
2553,20914176,4.05647,0.000975633,0.632601,41692.9,510.23
2554,20922368,4.27615,0.000975609,0.680919,41978.4,510.425
2555,20930560,4.14868,0.000975586,0.620167,35000.3,510.659
2556,20938752,4.23658,0.000975562,0.620139,38726.5,510.871
2557,20946944,4.24947,0.000975538,0.636015,41460.6,511.068
2558,20955136,4.21057,0.000975515,0.654369,42439.2,511.262
2559,20963328,4.06408,0.000975491,0.646344,41224.7,511.46
2560,20971520,4.25259,0.000975468,0.628069,37228.9,511.68
2561,20979712,4.18143,0.000975444,0.639857,37838.8,511.897
2562,20987904,4.07752,0.00097542,0.596886,42208.5,512.091
2563,20996096,4.33424,0.000975397,0.641808,42168.4,512.285
2564,21004288,4.20175,0.000975373,0.622455,40895.3,512.485
2565,21012480,3.97522,0.000975349,0.607744,38247.9,512.7
2566,21020672,4.14252,0.000975326,0.59893,40112.6,512.904
2567,21028864,4.09199,0.000975302,0.633199,41696.5,513.1
2568,21037056,4.05195,0.000975278,0.633791,41908.1,513.296
2569,21045248,4.22341,0.000975255,0.609072,40094.1,513.5
2570,21053440,4.47463,0.000975231,0.740004,38729.5,513.712
2571,21061632,4.21356,0.000975207,0.637273,37255.9,513.932
2572,21069824,4.32157,0.000975184,0.617568,41919.3,514.127
2573,21078016,4.10347,0.00097516,0.64926,39383.3,514.335
2574,21086208,4.10435,0.000975136,0.646455,40869.5,514.535
2575,21094400,4.36191,0.000975112,0.617698,39581.8,514.742
2576,21102592,4.22268,0.000975088,0.663618,41159.1,514.941
2577,21110784,4.23629,0.000975065,0.632127,42027.3,515.136
2578,21118976,4.15523,0.000975041,0.634193,42075.2,515.331
2579,21127168,4.20185,0.000975017,0.631022,41577.1,515.528
2580,21135360,4.07074,0.000974993,0.642856,34053.4,515.769
2581,21143552,4.27694,0.000974969,0.654266,36417.7,515.994
2582,21151744,4.15227,0.000974946,0.630268,42315.4,516.187
2583,21159936,4.1531,0.000974922,0.643484,41902.3,516.383
2584,21168128,4.33254,0.000974898,0.638773,40438.3,516.585
2585,21176320,3.97706,0.000974874,0.602935,36627.5,516.809
2586,21184512,3.9948,0.00097485,0.655612,38718.5,517.02
2587,21192704,4.04788,0.000974826,0.62632,41752.6,517.217
2588,21200896,3.98435,0.000974802,0.647588,41600.9,517.414
2589,21209088,4.10711,0.000974778,0.639885,40753.4,517.615
2590,21217280,3.98888,0.000974754,0.611685,38073.1,517.83
2591,21225472,4.15526,0.00097473,0.646277,37808.1,518.046
2592,21233664,4.07279,0.000974706,0.638282,41948,518.242
2593,21241856,3.85825,0.000974682,0.600988,41980.2,518.437
2594,21250048,4.23779,0.000974658,0.627192,41041,518.636
2595,21258240,4.00818,0.000974634,0.645487,38738.7,518.848
2596,21266432,4.01493,0.00097461,0.633069,39485.7,519.055
2597,21274624,4.07276,0.000974586,0.625488,41473.3,519.253
2598,21282816,4.07994,0.000974562,0.638831,41940.5,519.448
2599,21291008,4.29432,0.000974538,0.704971,41644.1,519.645
2600,21299200,4.20473,0.000974514,0.6207,40429.3,519.848
2601,21307392,4.12829,0.00097449,0.625785,40335.5,520.051
2602,21315584,3.90632,0.000974466,0.615842,42591.4,520.243
2603,21323776,4.1934,0.000974442,0.611827,41715.7,520.439
2604,21331968,4.16295,0.000974418,0.619146,42046.2,520.634
2605,21340160,3.97651,0.000974394,0.588943,36279.2,520.86
2606,21348352,4.13841,0.00097437,0.661801,38210.1,521.074
2607,21356544,4.15645,0.000974346,0.667739,41653.6,521.271
2608,21364736,4.22353,0.000974322,0.652094,42303.3,521.465
2609,21372928,4.25525,0.000974297,0.622922,41925.3,521.66
2610,21381120,4.03842,0.000974273,0.600103,37345.5,521.88
2611,21389312,4.18412,0.000974249,0.602804,36846.9,522.102
2612,21397504,3.9864,0.000974225,0.640066,41256.5,522.3
2613,21405696,3.98225,0.000974201,0.679493,42203,522.495
2614,21413888,4.07306,0.000974177,0.609051,41325.2,522.693
2615,21422080,4.24636,0.000974152,0.603022,38047.2,522.908
2616,21430272,4.19994,0.000974128,0.643413,39619.2,523.115
2617,21438464,4.05657,0.000974104,0.616151,41609.2,523.312
2618,21446656,4.07866,0.00097408,0.654341,42281.5,523.505
2619,21454848,4.09036,0.000974055,0.614494,41270,523.704
2620,21463040,4.25081,0.000974031,0.648509,38826.8,523.915
2621,21471232,4.21891,0.000974007,0.640071,37018.8,524.136
2622,21479424,4.10972,0.000973983,0.595124,41844.4,524.332
2623,21487616,4.16293,0.000973958,0.619553,41806.1,524.528
2624,21495808,4.26733,0.000973934,0.659768,41351.2,524.726
2625,21504000,3.97372,0.00097391,0.615874,40392.7,524.929
2626,21512192,4.44008,0.000973885,0.646291,42818.7,525.12
2627,21520384,4.31239,0.000973861,0.646793,42213.4,525.314
2628,21528576,4.02424,0.000973837,0.650404,42070.7,525.509
2629,21536768,4.06847,0.000973812,0.62388,42232.8,525.703
2630,21544960,4.19889,0.000973788,0.670101,35738.6,525.932
2631,21553152,4.01286,0.000973763,0.62208,35473.9,526.163
2632,21561344,3.92405,0.000973739,0.620889,42172.2,526.357
2633,21569536,4.26849,0.000973715,0.631655,42319.9,526.551
2634,21577728,4.2397,0.00097369,0.668564,41507.5,526.748
2635,21585920,4.29688,0.000973666,0.65446,36846.2,526.971
2636,21594112,4.1304,0.000973641,0.641821,39206.9,527.18
2637,21602304,4.06494,0.000973617,0.620794,41624,527.376
2638,21610496,4.09986,0.000973592,0.629547,42328.1,527.57
2639,21618688,4.03449,0.000973568,0.624875,41475.4,527.767
2640,21626880,3.93048,0.000973543,0.62985,37682,527.985
2641,21635072,4.26742,0.000973519,0.647672,37282.3,528.205
2642,21643264,4.29087,0.000973494,0.638993,41734.1,528.401
2643,21651456,4.16562,0.00097347,0.63117,42354.7,528.594
2644,21659648,4.23671,0.000973445,0.65264,41510.1,528.792
2645,21667840,4.11849,0.000973421,0.608605,38565.7,529.004
2646,21676032,4.17485,0.000973396,0.650009,39146.1,529.213
2647,21684224,4.05354,0.000973372,0.635481,41679.3,529.41
2648,21692416,4.20866,0.000973347,0.663402,41935.1,529.605
2649,21700608,4.1502,0.000973323,0.619744,41498.8,529.803
2650,21708800,4.15419,0.000973298,0.635699,39767.3,530.009
2651,21716992,4.23344,0.000973273,0.604586,39133.7,530.218
2652,21725184,4.16324,0.000973249,0.689706,43089.3,530.408
2653,21733376,4.28764,0.000973224,0.660132,43098.5,530.598
2654,21741568,4.12189,0.0009732,0.636252,42855.2,530.789
2655,21749760,4.11357,0.000973175,0.648816,34098.4,531.03
2656,21757952,4.09655,0.00097315,0.649786,37074.1,531.25
2657,21766144,4.15456,0.000973126,0.632813,40798,531.451
2658,21774336,4.0809,0.000973101,0.621273,41803.4,531.647
2659,21782528,4.34708,0.000973076,0.638242,41855.6,531.843
2660,21790720,3.97339,0.000973051,0.623994,36817.3,532.065
2661,21798912,4.24747,0.000973027,0.625301,36416.7,532.29
2662,21807104,4.2477,0.000973002,0.613598,42150.3,532.485
2663,21815296,4.07761,0.000972977,0.607865,42330.9,532.678
2664,21823488,4.17213,0.000972953,0.646801,42073.4,532.873
2665,21831680,4.1088,0.000972928,0.616802,38598,533.085
2666,21839872,4.06284,0.000972903,0.60763,38992.5,533.295
2667,21848064,4.07539,0.000972878,0.61544,41559.5,533.492
2668,21856256,4.15428,0.000972853,0.633684,42261.7,533.686
2669,21864448,4.16431,0.000972829,0.624106,41367.8,533.884
2670,21872640,4.22226,0.000972804,0.612625,39286.3,534.093
2671,21880832,4.1362,0.000972779,0.620351,35394.5,534.324
2672,21889024,4.25319,0.000972754,0.667348,42221.9,534.518
2673,21897216,3.96626,0.000972729,0.624459,42132.5,534.713
2674,21905408,4.16152,0.000972704,0.648148,41911.2,534.908
2675,21913600,4.30244,0.00097268,0.628405,40450.7,535.111
2676,21921792,4.20762,0.000972655,0.652063,42409.8,535.304
2677,21929984,4.08993,0.00097263,0.624252,41843.8,535.5
2678,21938176,4.19812,0.000972605,0.639715,42053.5,535.694
2679,21946368,4.28879,0.00097258,0.633226,42183.4,535.889
2680,21954560,4.16939,0.000972555,0.639536,34971.1,536.123
2681,21962752,4.22995,0.00097253,0.620003,36369.8,536.348
2682,21970944,4.05325,0.000972505,0.646072,42272.7,536.542
2683,21979136,4.11911,0.00097248,0.623634,42169.6,536.736
2684,21987328,4.13337,0.000972455,0.640328,40759.9,536.937
2685,21995520,4.27652,0.00097243,0.626983,36585.8,537.161
2686,22003712,4.22764,0.000972405,0.646081,39057,537.371
2687,22011904,3.96531,0.00097238,0.610183,41952,537.566
2688,22020096,4.19242,0.000972355,0.611881,41585.7,537.763
2689,22028288,3.99673,0.00097233,0.619637,39957.1,537.968
2690,22036480,4.3061,0.000972305,0.630804,37674.4,538.186
2691,22044672,4.17948,0.00097228,0.637306,37712.8,538.403
2692,22052864,4.08949,0.000972255,0.633345,41911.2,538.598
2693,22061056,3.96165,0.00097223,0.625218,41820.1,538.794
2694,22069248,3.98992,0.000972205,0.618117,40114.1,538.998
2695,22077440,4.13809,0.00097218,0.614408,38339.7,539.212
2696,22085632,4.1287,0.000972155,0.613393,40224.6,539.416
2697,22093824,4.29653,0.00097213,0.628064,41615.3,539.613
2698,22102016,4.05865,0.000972104,0.626943,42031.5,539.807
2699,22110208,4.15341,0.000972079,0.620833,40623.6,540.009
2700,22118400,4.00567,0.000972054,0.653495,39655.1,540.216
2701,22126592,4.25333,0.000972029,0.610936,40111.6,540.42
2702,22134784,4.08891,0.000972004,0.611594,43259.8,540.609
2703,22142976,3.79202,0.000971979,0.609205,42585.2,540.802
2704,22151168,4.2091,0.000971954,0.681612,42576.5,540.994
2705,22159360,3.96367,0.000971928,0.619959,35404.8,541.225
2706,22167552,4.00956,0.000971903,0.657687,38034.9,541.441
2707,22175744,4.1833,0.000971878,0.644513,41765.8,541.637
2708,22183936,3.99565,0.000971853,0.612976,42102.9,541.831
2709,22192128,4.07184,0.000971827,0.622191,42167.2,542.026
2710,22200320,4.17846,0.000971802,0.65355,37292.1,542.245
2711,22208512,4.25804,0.000971777,0.652604,37054.9,542.467
2712,22216704,4.08035,0.000971752,0.643158,42030.9,542.661
2713,22224896,4.1273,0.000971726,0.639841,41605.2,542.858
2714,22233088,4.06999,0.000971701,0.652193,41204.8,543.057
2715,22241280,4.31521,0.000971676,0.608399,38143.7,543.272
2716,22249472,4.0757,0.00097165,0.645803,39029.9,543.482
2717,22257664,4.18534,0.000971625,0.67895,41086.7,543.681
2718,22265856,3.94503,0.0009716,0.638966,42153.7,543.876
2719,22274048,4.0386,0.000971574,0.639411,40760.2,544.076
2720,22282240,4.10011,0.000971549,0.610252,39266.8,544.285
2721,22290432,4.16823,0.000971524,0.657887,37656.9,544.503
2722,22298624,4.03406,0.000971498,0.616483,42333.2,544.696
2723,22306816,4.19652,0.000971473,0.608172,42405.8,544.889
2724,22315008,4.10458,0.000971447,0.647918,41317.8,545.088
2725,22323200,4.06914,0.000971422,0.635647,40753.1,545.289
2726,22331392,4.14019,0.000971397,0.611127,42403.7,545.482
2727,22339584,4.05879,0.000971371,0.649603,42549,545.674
2728,22347776,3.8063,0.000971346,0.6216,42557.9,545.867
2729,22355968,4.06874,0.00097132,0.631073,42011.7,546.062
2730,22364160,4.30995,0.000971295,0.634669,35133.5,546.295
2731,22372352,4.0375,0.000971269,0.660179,36566.6,546.519
2732,22380544,4.1028,0.000971244,0.611909,42572.1,546.711
2733,22388736,4.10403,0.000971218,0.631705,41354.9,546.91
2734,22396928,4.1285,0.000971193,0.628596,40647.3,547.111
2735,22405120,4.14894,0.000971167,0.643919,34745.6,547.347
2736,22413312,4.06606,0.000971142,0.613866,35894.8,547.575
2737,22421504,4.00641,0.000971116,0.65138,39692.5,547.781
2738,22429696,4.27511,0.000971091,0.647453,40199.2,547.985
2739,22437888,4.26931,0.000971065,0.641089,37908.3,548.201
2740,22446080,4.21776,0.000971039,0.630087,33892.6,548.443
2741,22454272,4.09246,0.000971014,0.672091,33509.6,548.688
2742,22462464,4.19554,0.000970988,0.639096,38476.7,548.9
2743,22470656,4.18797,0.000970963,0.642313,38720.9,549.112
2744,22478848,4.09011,0.000970937,0.629134,35592.6,549.342
2745,22487040,3.98934,0.000970911,0.624278,34278,549.581
2746,22495232,3.96597,0.000970886,0.618282,38454.6,549.794
2747,22503424,4.26154,0.00097086,0.630109,39848.3,550
2748,22511616,4.03934,0.000970834,0.621568,40853.6,550.2
2749,22519808,3.90488,0.000970809,0.59621,38134.1,550.415
2750,22528000,4.15503,0.000970783,0.642237,37523.2,550.633
2751,22536192,4.02341,0.000970757,0.60543,39006.1,550.843
2752,22544384,4.20237,0.000970732,0.663004,41122,551.043
2753,22552576,4.23673,0.000970706,0.638408,40205,551.246
2754,22560768,4.19244,0.00097068,0.610187,36922.7,551.468
2755,22568960,4.12813,0.000970654,0.626878,30634.5,551.736
2756,22577152,4.30513,0.000970629,0.661075,37021.4,551.957
2757,22585344,3.98869,0.000970603,0.649898,39417.3,552.165
2758,22593536,4.05364,0.000970577,0.613725,40920.4,552.365
2759,22601728,3.97554,0.000970551,0.632839,37248.8,552.585
2760,22609920,4.21453,0.000970525,0.661199,34794.6,552.82
2761,22618112,4.14906,0.0009705,0.624609,37760,553.037
2762,22626304,4.24556,0.000970474,0.625949,41798.6,553.233
2763,22634496,4.05504,0.000970448,0.653986,41123.5,553.432
2764,22642688,4.12245,0.000970422,0.682937,38864.9,553.643
2765,22650880,4.20961,0.000970396,0.668184,37165.6,553.864
2766,22659072,4.1375,0.00097037,0.636604,40247,554.067
2767,22667264,4.03346,0.000970345,0.623779,41610.5,554.264
2768,22675456,4.10665,0.000970319,0.641027,41371.8,554.462
2769,22683648,4.17234,0.000970293,0.659854,39242.5,554.671
2770,22691840,4.05951,0.000970267,0.646684,37952.5,554.887
2771,22700032,3.86142,0.000970241,0.603094,38370.2,555.1
2772,22708224,4.11644,0.000970215,0.661184,42119.2,555.295
2773,22716416,3.95183,0.000970189,0.640927,41432.3,555.492
2774,22724608,4.13931,0.000970163,0.659737,39829.5,555.698
2775,22732800,4.0291,0.000970137,0.635679,39419.7,555.906
2776,22740992,4.26475,0.000970111,0.650761,42265.5,556.1
2777,22749184,4.06334,0.000970085,0.621241,42508.1,556.292
2778,22757376,3.91741,0.000970059,0.626024,42334.4,556.486
2779,22765568,4.11226,0.000970033,0.623435,42462,556.679
2780,22773760,3.90561,0.000970007,0.597312,35258.3,556.911
2781,22781952,4.02564,0.000969981,0.667656,34659,557.148
2782,22790144,4.03156,0.000969955,0.605213,42413.3,557.341
2783,22798336,4.01561,0.000969929,0.619947,42411.7,557.534
2784,22806528,4.21131,0.000969903,0.648966,41823.6,557.73
2785,22814720,4.15534,0.000969877,0.661405,37396.8,557.949
2786,22822912,4.2939,0.000969851,0.639209,38966.8,558.159
2787,22831104,4.26166,0.000969825,0.652791,41471.8,558.357
2788,22839296,4.15289,0.000969799,0.638111,42367.7,558.55
2789,22847488,4.03659,0.000969773,0.636378,41340.5,558.748
2790,22855680,4.42924,0.000969746,0.730489,37911.8,558.964
2791,22863872,3.98413,0.00096972,0.631157,36601.3,559.188
2792,22872064,4.21214,0.000969694,0.634213,42274.8,559.382
2793,22880256,4.15832,0.000969668,0.646783,42089.6,559.576
2794,22888448,4.16725,0.000969642,0.640253,40990.9,559.776
2795,22896640,4.06724,0.000969616,0.642596,39071.5,559.986
2796,22904832,3.92528,0.000969589,0.650521,39519.1,560.193
2797,22913024,4.05936,0.000969563,0.659837,41231.2,560.392
2798,22921216,4.11373,0.000969537,0.633686,42366.4,560.585
2799,22929408,4.14567,0.000969511,0.663686,41367.5,560.783
2800,22937600,4.35441,0.000969485,0.670423,40674.6,560.985
2801,22945792,4.26684,0.000969458,0.649797,39297.1,561.193
2802,22953984,4.17149,0.000969432,0.667825,42702.7,561.385
2803,22962176,4.08175,0.000969406,0.665381,42041,561.58
2804,22970368,4.08461,0.000969379,0.66109,41885.4,561.775
2805,22978560,4.21236,0.000969353,0.642688,34868.4,562.01
2806,22986752,4.21024,0.000969327,0.678053,37976.5,562.226
2807,22994944,4.33108,0.000969301,0.645524,41658.9,562.423
2808,23003136,3.95924,0.000969274,0.625594,42201.5,562.617
2809,23011328,4.148,0.000969248,0.640728,40946.8,562.817
2810,23019520,4.18903,0.000969222,0.644675,37184.3,563.037
2811,23027712,4.14493,0.000969195,0.639351,37558.6,563.255
2812,23035904,4.20986,0.000969169,0.629529,42491.8,563.448
2813,23044096,4.05696,0.000969142,0.906284,42480.5,563.641
2814,23052288,4.27833,0.000969116,0.651697,40306.6,563.844
2815,23060480,4.20731,0.00096909,0.65865,38524.7,564.057
2816,23068672,4.07039,0.000969063,0.617474,39545.6,564.264
2817,23076864,4.07376,0.000969037,0.641742,41411.5,564.462
2818,23085056,3.99887,0.00096901,0.639172,41967.4,564.657
2819,23093248,4.17589,0.000968984,0.613292,40249.2,564.861
2820,23101440,3.98375,0.000968957,0.609733,39173.1,565.07
2821,23109632,4.03267,0.000968931,0.634394,37633.8,565.287
2822,23117824,4.25164,0.000968905,0.630329,41928.1,565.483
2823,23126016,4.12514,0.000968878,0.649243,42573.8,565.675
2824,23134208,4.00616,0.000968852,0.628661,41940.2,565.87
2825,23142400,4.07803,0.000968825,0.641217,40513.4,566.073
2826,23150592,4.02881,0.000968799,0.627838,43542.2,566.261
2827,23158784,4.23271,0.000968772,0.668182,44306.8,566.446
2828,23166976,3.98305,0.000968745,0.596835,44606.9,566.629
2829,23175168,4.19931,0.000968719,0.611536,43783,566.816
2830,23183360,3.98915,0.000968692,0.616556,36683.3,567.04
2831,23191552,4.20698,0.000968666,0.633126,36155.6,567.266
2832,23199744,4.01183,0.000968639,0.638468,43052.5,567.457
2833,23207936,4.26559,0.000968613,0.61974,42664.6,567.649
2834,23216128,4.24803,0.000968586,0.626154,41996.6,567.844
2835,23224320,4.03745,0.000968559,0.625957,37380.1,568.063
2836,23232512,4.15102,0.000968533,0.623874,38900.2,568.273
2837,23240704,4.18735,0.000968506,0.619089,41717.7,568.47
2838,23248896,4.28584,0.000968479,0.610233,42410.1,568.663
2839,23257088,4.1335,0.000968453,0.623114,41764.2,568.859
2840,23265280,4.10968,0.000968426,0.644216,38687.3,569.071
2841,23273472,4.07796,0.000968399,0.647657,36645.3,569.294
2842,23281664,4.0248,0.000968373,0.638944,41977.3,569.49
2843,23289856,4.11731,0.000968346,0.644361,42482.1,569.682
2844,23298048,3.97364,0.000968319,0.61959,41268.1,569.881
2845,23306240,4.16009,0.000968293,0.642502,39447.8,570.089
2846,23314432,4.20778,0.000968266,0.634729,39512.6,570.296
2847,23322624,4.05802,0.000968239,0.649937,41287.7,570.494
2848,23330816,4.17019,0.000968212,0.660264,42552.4,570.687
2849,23339008,4.16664,0.000968186,0.623717,41852.7,570.883
2850,23347200,4.27011,0.000968159,0.655333,40123.5,571.087
2851,23355392,3.96472,0.000968132,0.674763,40384.1,571.29
2852,23363584,4.08511,0.000968105,0.620314,42791.7,571.481
2853,23371776,4.28161,0.000968078,0.650302,42551.8,571.674
2854,23379968,4.204,0.000968052,0.636098,42728,571.865
2855,23388160,4.02885,0.000968025,0.637451,35814.7,572.094
2856,23396352,4.10686,0.000967998,0.642891,39690.6,572.3
2857,23404544,4.08575,0.000967971,0.62384,42142.2,572.495
2858,23412736,3.96289,0.000967944,0.639374,42464.7,572.688
2859,23420928,3.83804,0.000967917,0.655232,41709.3,572.884
2860,23429120,4.05112,0.00096789,0.627307,37601.5,573.102
2861,23437312,4.11832,0.000967863,0.655026,37565.8,573.32
2862,23445504,4.36673,0.000967837,0.668164,41908.6,573.516
2863,23453696,3.93259,0.00096781,0.677728,42221.1,573.71
2864,23461888,4.12366,0.000967783,0.632336,41116.4,573.909
2865,23470080,4.32029,0.000967756,0.666555,38806.3,574.12
2866,23478272,4.10104,0.000967729,0.668109,39558.5,574.327
2867,23486464,4.02793,0.000967702,0.655561,41697.7,574.523
2868,23494656,4.18117,0.000967675,0.614392,42212,574.718
2869,23502848,4.18933,0.000967648,0.622722,40936.9,574.918
2870,23511040,4.29271,0.000967621,0.641256,39373.2,575.126
2871,23519232,4.21338,0.000967594,0.646208,37483.6,575.344
2872,23527424,4.13499,0.000967567,0.678481,42460.4,575.537
2873,23535616,4.04547,0.00096754,0.650613,42376.2,575.73
2874,23543808,4.30507,0.000967513,0.627028,41345.4,575.929
2875,23552000,4.03671,0.000967486,0.623996,40318.6,576.132
2876,23560192,4.04588,0.000967459,0.606187,42223.3,576.326
2877,23568384,4.16666,0.000967432,0.600167,42640.8,576.518
2878,23576576,4.22916,0.000967405,0.650674,42292.5,576.712
2879,23584768,4.11565,0.000967377,0.636918,41042.3,576.911
2880,23592960,4.08426,0.00096735,0.626233,34474.5,577.149
2881,23601152,4.09359,0.000967323,0.59686,37434.8,577.368
2882,23609344,4.28936,0.000967296,0.613951,42493.5,577.56
2883,23617536,4.26117,0.000967269,0.610877,42493.9,577.753
2884,23625728,4.04663,0.000967242,1.18317,40386.6,577.956
2885,23633920,4.06044,0.000967215,0.629504,36943.5,578.178
2886,23642112,4.33966,0.000967187,0.678361,40057.3,578.382
2887,23650304,4.01765,0.00096716,0.616809,41941.5,578.578
2888,23658496,4.06675,0.000967133,0.62519,41894.2,578.773
2889,23666688,3.88905,0.000967106,0.64874,40519.4,578.975
2890,23674880,4.0406,0.000967079,0.647352,38272.8,579.189
2891,23683072,4.23388,0.000967051,0.620838,38076.5,579.405
2892,23691264,4.16747,0.000967024,0.645964,42255,579.598
2893,23699456,4.14117,0.000966997,0.630931,42006.1,579.793
2894,23707648,4.1525,0.00096697,0.623129,40221.5,579.997
2895,23715840,4.11599,0.000966942,0.611585,38507.7,580.21
2896,23724032,4.27538,0.000966915,0.667758,40786.5,580.411
2897,23732224,4.18857,0.000966888,0.663328,41953.4,580.606
2898,23740416,3.96628,0.000966861,0.637582,41404.3,580.804
2899,23748608,4.11168,0.000966833,0.632191,41038.6,581.003
2900,23756800,4.24208,0.000966806,0.666586,39731.8,581.21
2901,23764992,4.15783,0.000966779,0.644445,40505.1,581.412
2902,23773184,4.07367,0.000966751,0.638277,43084.5,581.602
2903,23781376,4.2192,0.000966724,0.626133,42522.9,581.795
2904,23789568,4.2424,0.000966697,0.655556,41619.6,581.992
2905,23797760,4.1819,0.000966669,0.646864,35372.5,582.223
2906,23805952,4.17398,0.000966642,0.639258,38875.2,582.434
2907,23814144,4.25649,0.000966614,0.639252,42019.5,582.629
2908,23822336,3.98484,0.000966587,0.625677,42543.8,582.821
2909,23830528,4.16745,0.00096656,0.641621,42147.3,583.016
2910,23838720,4.07455,0.000966532,0.652665,37621.2,583.233
2911,23846912,4.1861,0.000966505,0.619038,37711.7,583.451
2912,23855104,4.2807,0.000966477,0.635561,42215,583.645
2913,23863296,3.96569,0.00096645,0.675525,42740.4,583.836
2914,23871488,4.1157,0.000966422,0.661194,41023.2,584.036
2915,23879680,4.20596,0.000966395,0.659988,38697.5,584.248
2916,23887872,4.01947,0.000966367,0.6109,39736,584.454
2917,23896064,4.05128,0.00096634,0.629001,41360.2,584.652
2918,23904256,4.04739,0.000966312,0.639169,42270.7,584.846
2919,23912448,4.01164,0.000966285,0.649822,40987.2,585.046
2920,23920640,4.14741,0.000966257,0.60852,39446.4,585.253
2921,23928832,4.11679,0.00096623,0.610162,36752,585.476
2922,23937024,4.17817,0.000966202,0.616514,42305.7,585.67
2923,23945216,4.11962,0.000966175,0.653474,41788.4,585.866
2924,23953408,4.0594,0.000966147,0.664132,41689,586.062
2925,23961600,4.16694,0.000966119,0.651371,40542.5,586.264
2926,23969792,3.95391,0.000966092,0.610153,42749.6,586.456
2927,23977984,3.8961,0.000966064,0.624021,42321,586.65
2928,23986176,4.1433,0.000966037,0.743047,42141.4,586.844
2929,23994368,4.04814,0.000966009,0.626739,41912.8,587.04
2930,24002560,4.05907,0.000965981,0.607347,34132.9,587.28
2931,24010752,3.94059,0.000965954,0.627849,36540.1,587.504
2932,24018944,4.04904,0.000965926,0.657455,41998.1,587.699
2933,24027136,4.32692,0.000965898,0.669539,42175.1,587.893
2934,24035328,4.09953,0.000965871,0.632562,40776.9,588.094
2935,24043520,4.11975,0.000965843,0.617025,36113.8,588.321
2936,24051712,4.03248,0.000965815,0.650068,39309,588.529
2937,24059904,3.91666,0.000965787,0.607525,41726.4,588.725
2938,24068096,4.03892,0.00096576,0.635844,42102.2,588.92
2939,24076288,4.14727,0.000965732,0.668265,40289.8,589.123
2940,24084480,4.08921,0.000965704,0.634816,37894.1,589.34
2941,24092672,4.24217,0.000965676,0.632143,38037.6,589.555
2942,24100864,3.96932,0.000965649,0.635173,42075,589.75
2943,24109056,3.92567,0.000965621,0.63212,41863,589.945
2944,24117248,3.92473,0.000965593,0.639876,40363.6,590.148
2945,24125440,4.06443,0.000965565,0.638109,38658.9,590.36
2946,24133632,4.04216,0.000965537,0.646879,40097.6,590.564
2947,24141824,3.90031,0.00096551,0.63067,41661,590.761
2948,24150016,4.04251,0.000965482,0.630137,41777.4,590.957
2949,24158208,3.97935,0.000965454,0.631026,41322,591.155
2950,24166400,4.3055,0.000965426,0.650897,40222,591.359
2951,24174592,4.13177,0.000965398,0.658335,39863.5,591.565
2952,24182784,4.04525,0.00096537,0.635371,42602.7,591.757
2953,24190976,3.92241,0.000965342,0.62907,42312.3,591.951
2954,24199168,4.07146,0.000965314,0.609147,41409.5,592.148
2955,24207360,4.0427,0.000965287,0.632959,33998.8,592.389
2956,24215552,4.1766,0.000965259,0.643673,38501.1,592.602
2957,24223744,4.16667,0.000965231,0.629965,41877,592.798
2958,24231936,4.17418,0.000965203,0.687685,42346.1,592.991
2959,24240128,3.96095,0.000965175,0.638959,40625.7,593.193
2960,24248320,4.26555,0.000965147,0.619066,36318.2,593.418
2961,24256512,4.00351,0.000965119,0.602567,37433.8,593.637
2962,24264704,4.03299,0.000965091,0.640693,42244.1,593.831
2963,24272896,4.06114,0.000965063,0.626062,41918.5,594.027
2964,24281088,4.08655,0.000965035,0.614503,40576.4,594.228
2965,24289280,3.96239,0.000965007,0.625847,37819.1,594.445
2966,24297472,4.23198,0.000964979,0.655653,40240.3,594.649
2967,24305664,4.04508,0.000964951,0.608931,41422,594.846
2968,24313856,4.17848,0.000964923,0.611315,42236.7,595.04
2969,24322048,4.22228,0.000964895,0.623289,41062.5,595.24
2970,24330240,4.22827,0.000964867,0.660149,38717.5,595.451
2971,24338432,4.13682,0.000964838,0.625923,38005.5,595.667
2972,24346624,4.196,0.00096481,0.640132,42507,595.86
2973,24354816,4.04154,0.000964782,0.644307,42102.1,596.054
2974,24363008,4.18627,0.000964754,0.599813,41361.1,596.252
2975,24371200,4.00141,0.000964726,0.680489,40107.3,596.457
2976,24379392,3.99659,0.000964698,0.634618,42520.9,596.649
2977,24387584,4.12595,0.00096467,0.635208,42735.1,596.841
2978,24395776,4.30281,0.000964641,0.631365,42553.2,597.033
2979,24403968,4.00149,0.000964613,0.634107,42233.6,597.227
2980,24412160,3.8668,0.000964585,0.647095,35048,597.461
2981,24420352,4.10826,0.000964557,0.639011,36021.8,597.689
2982,24428544,4.16097,0.000964529,0.641579,42932.7,597.879
2983,24436736,3.9682,0.000964501,0.62501,42687.4,598.071
2984,24444928,3.97491,0.000964472,0.608898,40959.1,598.271
2985,24453120,4.19705,0.000964444,0.676588,37004.7,598.493
2986,24461312,4.16385,0.000964416,0.641701,39257.7,598.701
2987,24469504,3.91083,0.000964388,0.624456,42063.4,598.896
2988,24477696,3.99284,0.000964359,0.611825,42184.6,599.09
2989,24485888,4.26001,0.000964331,0.633519,40858.7,599.291
2990,24494080,4.14016,0.000964303,0.64305,37845.7,599.507
2991,24502272,4.05036,0.000964274,0.64139,35628.7,599.737
2992,24510464,3.94366,0.000964246,0.644378,42391,599.93
2993,24518656,4.05478,0.000964218,0.633565,42457.2,600.123
2994,24526848,3.92762,0.000964189,0.629369,40493.3,600.326
2995,24535040,4.10912,0.000964161,0.636469,38410.7,600.539
2996,24543232,3.98059,0.000964133,0.62703,39076.3,600.749
2997,24551424,4.14361,0.000964104,0.632764,42068.3,600.943
2998,24559616,4.21101,0.000964076,0.626028,42366.7,601.137
2999,24567808,3.95821,0.000964048,0.607562,40514.7,601.339
3000,24576000,4.19104,0.000964019,0.665009,39768.1,601.545
