step,tokens,loss,lr,grad_norm,tokens_per_s,train_seconds
1,8192,9.76054,2e-06,6.16261,6962.46,1.1766
2,16384,9.7554,4e-06,6.03615,40290,1.37992
3,24576,9.70058,6e-06,5.81351,42356.8,1.57333
4,32768,9.69465,8e-06,5.70548,42632.2,1.76548
5,40960,9.64894,1e-05,5.87895,41997.3,1.96054
6,49152,9.58924,1.2e-05,5.69237,33736.6,2.20336
7,57344,9.56235,1.4e-05,4.90286,34533.5,2.44058
8,65536,9.51288,1.6e-05,4.66565,39954.6,2.64561
9,73728,9.44331,1.8e-05,4.62166,41347.6,2.84374
10,81920,9.39558,2e-05,4.12184,39013,3.05372
11,90112,9.3629,2.2e-05,3.65983,30504,3.32228
12,98304,9.34256,2.4e-05,3.28919,35284.2,3.55445
13,106496,9.29324,2.6e-05,2.94255,38646.5,3.76642
14,114688,9.24182,2.8e-05,2.8376,38749.7,3.97783
15,122880,9.20203,3e-05,2.50009,34005.3,4.21873
16,131072,9.19911,3.2e-05,2.30223,32399.6,4.47158
17,139264,9.15105,3.4e-05,2.14981,37199.6,4.69179
18,147456,9.13674,3.6e-05,2.17156,39564,4.89885
19,155648,9.133,3.8e-05,2.00247,39604.7,5.10569
20,163840,9.09875,4e-05,1.90371,37333.4,5.32512
21,172032,9.07445,4.2e-05,1.91365,39459.3,5.53273
22,180224,9.08775,4.4e-05,1.79046,41355.6,5.73081
23,188416,9.02466,4.6e-05,1.85168,41506.4,5.92818
24,196608,9.01592,4.8e-05,1.78865,42218,6.12222
25,204800,8.9584,5e-05,1.93184,42925,6.31307
26,212992,8.96126,5.2e-05,1.87158,43698.5,6.50053
27,221184,8.93221,5.4e-05,1.85378,43608.5,6.68839
28,229376,8.94379,5.6e-05,1.75185,43551.7,6.87649
29,237568,8.94897,5.8e-05,1.81283,42624.3,7.06868
30,245760,8.88817,6e-05,1.77409,34449,7.30648
31,253952,8.89803,6.2e-05,1.72281,36104,7.53338
32,262144,8.86319,6.4e-05,1.71463,43717.9,7.72076
33,270336,8.80499,6.6e-05,1.79544,43563.8,7.90881
34,278528,8.79541,6.8e-05,1.76577,42095.1,8.10341
35,286720,8.82068,7e-05,1.61985,36654.9,8.3269
36,294912,8.78234,7.2e-05,1.71164,37445.6,8.54567
37,303104,8.71477,7.4e-05,1.74747,42164,8.73996
38,311296,8.68474,7.6e-05,1.73193,42875.6,8.93103
39,319488,8.69306,7.8e-05,1.67482,41879.6,9.12664
40,327680,8.66602,8e-05,1.70582,39278.2,9.3352
41,335872,8.60894,8.2e-05,1.71099,41364.6,9.53324
42,344064,8.56872,8.4e-05,1.74393,43645.5,9.72094
43,352256,8.54634,8.6e-05,1.69127,42543.1,9.9135
44,360448,8.5524,8.8e-05,1.68453,42543.6,10.1061
45,368640,8.51306,9e-05,1.66606,43255.6,10.2954
46,376832,8.39648,9.2e-05,1.79341,43979.7,10.4817
47,385024,8.4391,9.4e-05,1.66208,44028.5,10.6678
48,393216,8.35311,9.6e-05,1.75812,43497.4,10.8561
49,401408,8.34122,9.8e-05,1.6779,42641.4,11.0482
50,409600,8.25776,0.0001,1.80394,43122.5,11.2382
51,417792,8.21058,0.000102,1.7549,41324.1,11.4364
52,425984,8.20943,0.000104,1.76892,45912.2,11.6148
53,434176,8.14539,0.000106,1.74376,45033.2,11.7968
54,442368,8.07955,0.000108,1.74407,45199.5,11.978
55,450560,8.0582,0.00011,1.71788,38234.4,12.1923
56,458752,8.08391,0.000112,1.54966,37546.3,12.4104
57,466944,8.05951,0.000114,1.5765,43706,12.5979
58,475136,7.95142,0.000116,1.62227,44510,12.7819
59,483328,8.01712,0.000118,1.45675,44704.3,12.9652
60,491520,7.90881,0.00012,1.6683,40475.4,13.1676
61,499712,7.84761,0.000122,1.53325,40467.1,13.37
62,507904,7.86216,0.000124,1.63879,41105.8,13.5693
63,516096,7.8287,0.000126,1.46217,40073.7,13.7737
64,524288,7.74939,0.000128,1.59663,41657.1,13.9704
65,532480,7.82244,0.00013,1.43731,42748.7,14.162
66,540672,7.74676,0.000132,1.75127,43129.1,14.3519
67,548864,7.69919,0.000134,1.40248,41563.6,14.549
68,557056,7.58968,0.000136,1.49511,40972.8,14.749
69,565248,7.65388,0.000138,1.32606,42221.7,14.943
70,573440,7.54537,0.00014,1.36052,43692,15.1305
71,581632,7.54303,0.000142,1.3545,41200.1,15.3293
72,589824,7.55482,0.000144,1.26726,43371.9,15.5182
73,598016,7.59547,0.000146,1.16967,41984.2,15.7133
74,606208,7.46605,0.000148,1.30104,42781,15.9048
75,614400,7.422,0.00015,1.24218,43789.9,16.0919
76,622592,7.49996,0.000152,1.33893,42808.9,16.2833
77,630784,7.33392,0.000154,1.25367,44580.6,16.467
78,638976,7.34642,0.000156,1.1122,44836,16.6497
79,647168,7.34619,0.000158,1.14842,44726.3,16.8329
80,655360,7.33837,0.00016,1.08412,37666,17.0504
81,663552,7.35829,0.000162,0.996156,40037.7,17.255
82,671744,7.3594,0.000164,1.05591,39948.5,17.46
83,679936,7.30694,0.000166,0.946545,39468.5,17.6676
84,688128,7.23128,0.000168,0.957576,41292.2,17.866
85,696320,7.20239,0.00017,0.983273,43109.5,18.056
86,704512,7.02728,0.000172,0.99838,43336.9,18.245
87,712704,7.11651,0.000174,0.90727,41021.3,18.4447
88,720896,7.18069,0.000176,0.886495,40309,18.648
89,729088,7.16622,0.000178,0.78607,41647.5,18.8447
90,737280,7.18963,0.00018,0.712446,43234.2,19.0342
91,745472,7.03973,0.000182,0.773813,40615.5,19.2359
92,753664,7.11866,0.000184,0.73148,41711.6,19.4322
93,761856,7.03851,0.000186,0.748589,40742.2,19.6333
94,770048,7.12005,0.000188,0.696946,41832,19.8291
95,778240,7.05183,0.00019,0.698341,42978,20.0198
96,786432,7.05018,0.000192,0.587569,43415,20.2084
97,794624,7.1334,0.000194,0.575011,42565.8,20.4009
98,802816,6.9986,0.000196,0.683998,41875.1,20.5965
99,811008,6.91354,0.000198,0.692857,42753.7,20.7881
100,819200,7.1513,0.0002,0.590058,42740.6,20.9798
101,827392,6.97123,0.000202,0.624192,41931.6,21.1752
102,835584,6.96031,0.000204,0.573289,45729.4,21.3543
103,843776,6.95839,0.000206,0.595899,46558.7,21.5303
104,851968,7.00328,0.000208,0.558699,46798.7,21.7053
105,860160,6.88065,0.00021,0.617284,40329.7,21.9084
106,868352,6.94016,0.000212,0.546619,37986.8,22.1241
107,876544,6.87382,0.000214,0.575888,43971.2,22.3104
108,884736,6.99385,0.000216,0.620806,44800.1,22.4933
109,892928,6.89654,0.000218,0.643799,45095.3,22.6749
110,901120,6.87012,0.00022,0.660665,41691.5,22.8714
111,909312,6.78315,0.000222,0.576594,36266.8,23.0973
112,917504,6.871,0.000224,0.637455,42757.4,23.2889
113,925696,6.92846,0.000226,0.587183,44201.9,23.4742
114,933888,6.87109,0.000228,0.781315,44744.7,23.6573
115,942080,6.77109,0.00023,0.800302,42928,23.8481
116,950272,6.72819,0.000232,0.612976,38942.4,24.0585
117,958464,6.88968,0.000234,0.632416,41300.7,24.2568
118,966656,6.90041,0.000236,0.722221,43602.5,24.4447
119,974848,6.93198,0.000238,0.861669,44730.6,24.6279
120,983040,6.84599,0.00024,0.645728,44249.5,24.813
121,991232,6.77055,0.000242,0.572325,39178.9,25.0221
122,999424,6.76544,0.000244,0.631135,42608.6,25.2143
123,1007616,6.7294,0.000246,0.601153,43883.1,25.401
124,1015808,6.72199,0.000248,0.64044,44662.5,25.5844
125,1024000,6.80368,0.00025,0.593389,44845.7,25.7671
126,1032192,6.85865,0.000252,0.704827,44714.7,25.9503
127,1040384,6.6986,0.000254,0.948159,45431.8,26.1306
128,1048576,6.78179,0.000256,0.799229,45118.7,26.3122
129,1056768,6.58753,0.000258,0.818695,45172.4,26.4935
130,1064960,6.66258,0.00026,0.757814,39088.3,26.7031
131,1073152,6.74871,0.000262,0.675847,35176,26.936
132,1081344,6.732,0.000264,0.658593,43742,27.1233
133,1089536,6.78635,0.000266,0.743368,44326.3,27.3081
134,1097728,6.80093,0.000268,0.753805,44676.1,27.4915
135,1105920,6.69054,0.00027,0.737019,43059.2,27.6817
136,1114112,6.6378,0.000272,0.5873,38632.3,27.8938
137,1122304,6.56482,0.000274,0.673434,42070.9,28.0885
138,1130496,6.75381,0.000276,0.781252,44083.7,28.2743
139,1138688,6.66117,0.000278,0.938751,44519.9,28.4583
140,1146880,6.60768,0.00028,1.02574,42902.8,28.6493
141,1155072,6.66651,0.000282,0.726555,37577,28.8673
142,1163264,6.52937,0.000284,0.973798,42724.3,29.059
143,1171456,6.63398,0.000286,0.656212,43848.8,29.2458
144,1179648,6.53361,0.000288,0.715301,44341.9,29.4306
145,1187840,6.66004,0.00029,0.645179,43836.4,29.6175
146,1196032,6.5836,0.000292,0.763093,41473.3,29.815
147,1204224,6.53809,0.000294,0.62522,42406.3,30.0082
148,1212416,6.58933,0.000296,0.824656,44114.3,30.1939
149,1220608,6.45548,0.000298,0.639407,44344.9,30.3786
150,1228800,6.63032,0.0003,0.67595,44376.6,30.5632
151,1236992,6.56746,0.000302,0.732196,41967,30.7584
152,1245184,6.5125,0.000304,0.644132,44996.6,30.9405
153,1253376,6.49611,0.000306,0.700969,44392.6,31.125
154,1261568,6.57838,0.000308,0.688064,44365.9,31.3096
155,1269760,6.65853,0.00031,0.699808,36409.3,31.5346
156,1277952,6.3372,0.000312,0.762391,37547.1,31.7528
157,1286144,6.50181,0.000314,0.718622,43896.6,31.9394
158,1294336,6.39058,0.000316,0.687964,44314.5,32.1243
159,1302528,6.43596,0.000318,0.742785,44378.9,32.3089
160,1310720,6.48593,0.00032,0.659443,39277.1,32.5175
161,1318912,6.45251,0.000322,0.755808,34479.8,32.755
162,1327104,6.49759,0.000324,0.735071,42864.3,32.9462
163,1335296,6.66359,0.000326,0.639805,43267.5,33.1355
164,1343488,6.5077,0.000328,0.899006,43241.6,33.3249
165,1351680,6.60129,0.00033,0.963477,39053.7,33.5347
166,1359872,6.55015,0.000332,0.682386,37033.9,33.7559
167,1368064,6.34074,0.000334,0.767652,41558.8,33.953
168,1376256,6.49372,0.000336,0.812702,43028.1,34.1434
169,1384448,6.43176,0.000338,0.744057,43163.8,34.3332
170,1392640,6.37658,0.00034,0.903915,39548,34.5403
171,1400832,6.47649,0.000342,0.764975,36460.4,34.765
172,1409024,6.48116,0.000344,0.821953,42084.3,34.9597
173,1417216,6.37209,0.000346,1.17103,43422.7,35.1483
174,1425408,6.37952,0.000348,0.776876,43522.4,35.3366
175,1433600,6.37253,0.00035,0.901988,39963,35.5415
176,1441792,6.37024,0.000352,0.671908,43845.2,35.7284
177,1449984,6.32397,0.000354,0.806254,43898.5,35.915
178,1458176,6.29616,0.000356,0.674382,43584.4,36.103
179,1466368,6.35115,0.000358,0.780877,43336.5,36.292
180,1474560,6.3477,0.00036,0.822685,36201.8,36.5183
181,1482752,6.48326,0.000362,0.798118,33478.6,36.763
182,1490944,6.47427,0.000364,0.666557,42323.3,36.9565
183,1499136,6.45164,0.000366,0.911456,43410.8,37.1452
184,1507328,6.57053,0.000368,0.923685,44257.8,37.3303
185,1515520,6.22721,0.00037,0.861651,39822.8,37.536
186,1523712,6.44022,0.000372,0.686351,37847.7,37.7525
187,1531904,6.21477,0.000374,0.712301,42481.9,37.9453
188,1540096,6.49015,0.000376,0.810438,43974.9,38.1316
189,1548288,6.32288,0.000378,0.730875,44597.4,38.3153
190,1556480,6.23748,0.00038,0.717646,42626.4,38.5075
191,1564672,6.35111,0.000382,0.701421,37214.6,38.7276
192,1572864,6.40741,0.000384,0.725529,42451.6,38.9206
193,1581056,6.3866,0.000386,0.801701,44151.2,39.1061
194,1589248,6.23345,0.000388,0.673817,44663.2,39.2895
195,1597440,6.32086,0.00039,0.779545,44066.1,39.4754
196,1605632,6.30056,0.000392,0.647868,41763.4,39.6716
197,1613824,6.44127,0.000394,0.632442,42171.7,39.8659
198,1622016,6.43362,0.000396,0.718552,43553.9,40.0539
199,1630208,6.35346,0.000398,0.659986,44794,40.2368
200,1638400,6.30016,0.0004,0.680127,44554.4,40.4207
201,1646592,6.41342,0.000402,0.772361,41649.9,40.6174
202,1654784,6.21794,0.000404,0.731275,45395.9,40.7978
203,1662976,6.16874,0.000406,0.719077,45006.2,40.9799
204,1671168,6.26852,0.000408,0.732601,44896.2,41.1623
205,1679360,6.17239,0.00041,0.942728,38488.8,41.3752
206,1687552,6.18697,0.000412,0.833077,36557.3,41.5992
207,1695744,6.12693,0.000414,0.661419,43253.1,41.7886
208,1703936,6.43092,0.000416,0.855329,43961.5,41.975
209,1712128,6.28461,0.000418,0.724838,44681.2,42.1583
210,1720320,6.3871,0.00042,0.869211,40048.4,42.3629
211,1728512,6.24985,0.000422,0.808075,34130.3,42.6029
212,1736704,6.28902,0.000424,0.77163,42599.3,42.7952
213,1744896,6.28539,0.000426,0.742051,44220,42.9805
214,1753088,6.23511,0.000428,0.676385,44101.5,43.1662
215,1761280,6.45895,0.00043,0.859433,40307.8,43.3695
216,1769472,6.33216,0.000432,0.703789,37936,43.5854
217,1777664,6.36192,0.000434,0.782961,41963.4,43.7806
218,1785856,6.13017,0.000436,0.737839,43671.8,43.9682
219,1794048,6.22663,0.000438,0.648426,44712,44.1514
220,1802240,6.24928,0.00044,0.726876,42529.8,44.344
221,1810432,6.06966,0.000442,0.730178,37193.8,44.5643
222,1818624,6.12813,0.000444,0.678148,41657.1,44.7609
223,1826816,6.22116,0.000446,0.659882,42809.8,44.9523
224,1835008,6.1227,0.000448,0.797607,44504.9,45.1364
225,1843200,6.27913,0.00045,0.703198,43348.4,45.3253
226,1851392,6.36509,0.000452,0.624788,43805.7,45.5124
227,1859584,6.2026,0.000454,0.694849,43552,45.7004
228,1867776,6.13577,0.000456,0.665226,43505.1,45.8887
229,1875968,6.33906,0.000458,0.687203,43587,46.0767
230,1884160,6.38568,0.00046,0.740155,35664.9,46.3064
231,1892352,6.20182,0.000462,0.621134,34431.2,46.5443
232,1900544,6.17758,0.000464,0.62749,43924.1,46.7308
233,1908736,6.19269,0.000466,0.61324,43843.1,46.9177
234,1916928,6.18223,0.000468,0.689517,43747.1,47.1049
235,1925120,6.19664,0.00047,0.646314,37891.9,47.3211
236,1933312,6.17236,0.000472,0.639178,37293.1,47.5408
237,1941504,6.06591,0.000474,0.688233,42494.9,47.7336
238,1949696,6.15286,0.000476,0.723201,43648.8,47.9212
239,1957888,6.28186,0.000478,0.618226,42748.1,48.1129
240,1966080,6.2337,0.00048,0.708028,38753.2,48.3243
241,1974272,6.12505,0.000482,0.697974,35939.4,48.5522
242,1982464,6.26852,0.000484,0.80149,41569.6,48.7493
243,1990656,6.11368,0.000486,0.616872,43514.9,48.9375
244,1998848,6.25542,0.000488,0.631654,43215.8,49.1271
245,2007040,6.06251,0.00049,0.733323,40633.6,49.3287
246,2015232,6.12428,0.000492,0.683539,40082.4,49.5331
247,2023424,6.17715,0.000494,0.747012,42642.5,49.7252
248,2031616,6.16545,0.000496,0.882954,44091.7,49.911
249,2039808,6.19327,0.000498,0.644509,44665.9,50.0944
250,2048000,6.19255,0.0005,0.726147,43195.1,50.284
251,2056192,6.28731,0.000502,0.6872,41455.9,50.4816
252,2064384,6.20151,0.000504,0.73563,45493,50.6617
253,2072576,6.11999,0.000506,0.674557,44604.9,50.8454
254,2080768,6.25977,0.000508,0.637206,44597.9,51.0291
255,2088960,6.25324,0.00051,0.758595,38693.1,51.2408
256,2097152,6.03366,0.000512,0.706521,36790.7,51.4634
257,2105344,6.16825,0.000514,0.693345,43307,51.6526
258,2113536,6.03457,0.000516,0.661307,44276.1,51.8376
259,2121728,6.33423,0.000518,0.61576,44690.3,52.0209
260,2129920,6.25473,0.00052,0.653411,40077.7,52.2253
261,2138112,6.1833,0.000522,0.650805,35790.6,52.4542
262,2146304,6.30615,0.000524,0.683029,42725.2,52.6459
263,2154496,6.23672,0.000526,0.933085,43911.4,52.8325
264,2162688,6.18004,0.000528,0.637079,44327.2,53.0173
265,2170880,6.14225,0.00053,0.719183,40818.6,53.218
266,2179072,6.16728,0.000532,0.736156,38921.3,53.4285
267,2187264,6.05114,0.000534,0.620695,41021,53.6282
268,2195456,6.06546,0.000536,0.654836,43588.8,53.8161
269,2203648,6.21775,0.000538,0.594942,43958.9,54.0025
270,2211840,6.0317,0.00054,0.623304,41069,54.2019
271,2220032,6.06272,0.000542,0.689816,36079.7,54.429
272,2228224,6.04327,0.000544,0.670623,40632.1,54.6306
273,2236416,6.02971,0.000546,0.680998,42942.3,54.8214
274,2244608,5.99627,0.000548,0.700013,43480.7,55.0098
275,2252800,6.03536,0.00055,0.636905,41353.7,55.2079
276,2260992,6.12852,0.000552,0.639372,43765.9,55.3951
277,2269184,5.94283,0.000554,0.649157,42986.3,55.5856
278,2277376,6.09559,0.000556,0.690625,43392.6,55.7744
279,2285568,6.09101,0.000558,0.661567,42574,55.9668
280,2293760,6.05723,0.00056,0.739539,36105.9,56.1937
281,2301952,6.13062,0.000562,0.679029,36102.4,56.4206
282,2310144,6.07598,0.000564,0.67416,42706.1,56.6125
283,2318336,6.0378,0.000566,0.660418,42715.5,56.8042
284,2326528,5.88259,0.000568,0.657393,41935.5,56.9996
285,2334720,5.95403,0.00057,0.605017,37383.5,57.2187
286,2342912,5.86894,0.000572,0.610861,38847.9,57.4296
287,2351104,6.17259,0.000574,0.668977,41961.2,57.6248
288,2359296,5.96025,0.000576,0.637285,42414.1,57.818
289,2367488,6.07816,0.000578,0.63978,43003,58.0085
290,2375680,5.97133,0.00058,0.628091,39153.2,58.2177
291,2383872,6.19895,0.000582,0.678331,37446.7,58.4365
292,2392064,5.95925,0.000584,0.719303,42163.7,58.6307
293,2400256,6.03681,0.000586,0.694693,43135.9,58.8207
294,2408448,5.84036,0.000588,0.696487,42547.5,59.0132
295,2416640,6.11282,0.00059,0.749511,39252.5,59.2219
296,2424832,5.91468,0.000592,0.683955,39857.2,59.4274
297,2433024,6.02178,0.000594,0.713511,41434.1,59.6251
298,2441216,6.0853,0.000596,0.739941,42412.4,59.8183
299,2449408,6.04754,0.000598,0.797063,42253.4,60.0122
300,2457600,5.86617,0.0006,0.713212,39807.8,60.218
301,2465792,6.01133,0.000602,0.957151,38558.7,60.4304
302,2473984,6.20561,0.000604,0.657275,42473.5,60.6233
303,2482176,5.92061,0.000606,0.785108,42134.9,60.8177
304,2490368,6.14615,0.000608,0.637652,42403.5,61.0109
305,2498560,6.13162,0.00061,0.652912,33968.4,61.2521
306,2506752,5.92762,0.000612,0.637864,36644.7,61.4756
307,2514944,6.06033,0.000614,0.688838,41239.1,61.6743
308,2523136,5.92349,0.000616,0.750722,41882.4,61.8699
309,2531328,5.96462,0.000618,0.661417,41273.1,62.0683
310,2539520,5.97105,0.00062,0.693387,37056.1,62.2894
311,2547712,5.96675,0.000622,0.710732,36665.3,62.5128
312,2555904,6.00071,0.000624,0.764245,41870.8,62.7085
313,2564096,6.00101,0.000626,0.649951,42207.8,62.9026
314,2572288,5.85566,0.000628,0.683115,42338.4,63.0961
315,2580480,5.87385,0.00063,0.698022,39078,63.3057
316,2588672,5.95456,0.000632,0.61958,39515,63.513
317,2596864,5.89141,0.000634,0.605461,41972.3,63.7082
318,2605056,6.04803,0.000636,0.638204,43021.2,63.8986
319,2613248,5.93692,0.000638,0.703776,42163,64.0929
320,2621440,6.00039,0.00064,0.669935,39753.2,64.299
321,2629632,5.9963,0.000642,0.60941,37156.6,64.5194
322,2637824,6.01754,0.000644,0.715957,42244.5,64.7134
323,2646016,6.04928,0.000646,0.704227,42069.1,64.9081
324,2654208,6.10545,0.000648,0.661665,42064.2,65.1028
325,2662400,5.90822,0.00065,0.692227,40514.1,65.305
326,2670592,5.96523,0.000652,0.700014,42995.1,65.4956
327,2678784,5.9748,0.000654,0.584342,42078.1,65.6903
328,2686976,6.13011,0.000656,0.694986,42083.3,65.8849
329,2695168,5.94298,0.000658,0.650719,42263.2,66.0788
330,2703360,6.11688,0.00066,0.667243,34700.4,66.3148
331,2711552,6.27094,0.000662,0.675258,34717.1,66.5508
332,2719744,6.04483,0.000664,0.628305,42308.9,66.7444
333,2727936,5.9012,0.000666,0.631778,41869.7,66.9401
334,2736128,5.99668,0.000668,0.696655,42674.2,67.132
335,2744320,5.92478,0.00067,0.758917,38220.5,67.3464
336,2752512,5.96682,0.000672,0.659021,38839,67.5573
337,2760704,5.86381,0.000674,0.681863,41793,67.7533
338,2768896,5.82011,0.000676,0.695352,42333.1,67.9468
339,2777088,5.89713,0.000678,0.724624,42797.5,68.1382
340,2785280,5.95648,0.00068,0.720574,39499,68.3456
341,2793472,5.82309,0.000682,0.607965,37104.4,68.5664
342,2801664,5.97327,0.000684,0.624269,42390.6,68.7597
343,2809856,6.024,0.000686,0.658013,41900.5,68.9552
344,2818048,5.96455,0.000688,0.641504,42849.6,69.1464
345,2826240,5.77808,0.00069,0.580251,40833.3,69.347
346,2834432,5.92259,0.000692,0.634861,39985.2,69.5519
347,2842624,5.8524,0.000694,0.62392,40673,69.7533
348,2850816,6.0142,0.000696,0.64263,42512.1,69.946
349,2859008,6.11481,0.000698,0.594719,43374.6,70.1348
350,2867200,5.93303,0.0007,0.610606,41301.3,70.3332
351,2875392,6.00069,0.000702,0.671549,39840.2,70.5388
352,2883584,5.9072,0.000704,0.613554,43125.4,70.7288
353,2891776,5.76248,0.000706,0.555492,42932,70.9196
354,2899968,5.9454,0.000708,0.682852,42764.8,71.1111
355,2908160,5.92876,0.00071,0.603798,34864.8,71.3461
356,2916352,5.99407,0.000712,0.652547,37719,71.5633
357,2924544,5.79134,0.000714,0.656734,42497.9,71.756
358,2932736,6.07079,0.000716,0.595895,43127.9,71.946
359,2940928,5.73094,0.000718,0.709087,42467.2,72.1389
360,2949120,5.94482,0.00072,0.615491,38363.5,72.3524
361,2957312,5.89291,0.000722,0.634326,36038.3,72.5797
362,2965504,5.85602,0.000724,0.667544,43192.1,72.7694
363,2973696,5.93974,0.000726,0.658704,43299.4,72.9586
364,2981888,5.94205,0.000728,0.600943,42469.9,73.1515
365,2990080,5.77532,0.00073,0.636641,39627.4,73.3582
366,2998272,5.99793,0.000732,0.603574,39345,73.5664
367,3006464,5.76656,0.000734,0.715283,41608.5,73.7633
368,3014656,5.84895,0.000736,0.680388,43188.1,73.953
369,3022848,5.82893,0.000738,0.779224,42882.1,74.144
370,3031040,5.8366,0.00074,0.614971,40763,74.345
371,3039232,5.98771,0.000742,0.659906,37619.1,74.5628
372,3047424,5.92673,0.000744,0.664177,42057.3,74.7575
373,3055616,5.94188,0.000746,0.605999,42500.8,74.9503
374,3063808,6.00424,0.000748,0.65717,42439,75.1433
375,3072000,6.07305,0.00075,0.685662,41538.4,75.3405
376,3080192,5.99818,0.000752,0.703212,41407.1,75.5384
377,3088384,5.96191,0.000754,0.67638,41925.9,75.7338
378,3096576,5.86876,0.000756,0.631937,42404.4,75.927
379,3104768,5.91688,0.000758,0.681124,42083.3,76.1216
380,3112960,5.68042,0.00076,0.669186,35106.8,76.355
381,3121152,5.7925,0.000762,0.630312,35588.7,76.5851
382,3129344,5.74623,0.000764,0.642608,42771.4,76.7767
383,3137536,5.8701,0.000766,0.685948,42537.4,76.9693
384,3145728,5.83056,0.000768,0.682989,42340.4,77.1627
385,3153920,5.78838,0.00077,0.606781,37301.8,77.3824
386,3162112,5.90297,0.000772,0.646199,38978,77.5925
387,3170304,5.82735,0.000774,0.625703,42665.2,77.7845
388,3178496,5.98461,0.000776,0.593749,42738.5,77.9762
389,3186688,5.81588,0.000778,0.608384,41981,78.1713
390,3194880,5.928,0.00078,0.685634,39323.9,78.3797
391,3203072,5.85656,0.000782,0.627302,36860.2,78.6019
392,3211264,5.86524,0.000784,0.663559,42590.8,78.7942
393,3219456,5.77747,0.000786,0.600165,42684.6,78.9862
394,3227648,6.09551,0.000788,0.602072,42158.3,79.1805
395,3235840,5.80483,0.00079,0.700423,40373.1,79.3834
396,3244032,5.79236,0.000792,0.716004,39516.3,79.5907
397,3252224,5.71267,0.000794,0.625543,41971.2,79.7859
398,3260416,5.85469,0.000796,0.638714,42457,79.9788
399,3268608,5.95374,0.000798,0.602564,41564.1,80.1759
400,3276800,5.71259,0.0008,0.669114,40792.2,80.3767
401,3284992,5.90857,0.000802,0.555506,41153.2,80.5758
402,3293184,5.94401,0.000804,0.641359,42494,80.7686
403,3301376,5.99816,0.000806,0.678524,42482,80.9614
404,3309568,5.99723,0.000808,0.636636,42343.4,81.1549
405,3317760,5.81853,0.00081,0.639093,36124,81.3817
406,3325952,6.02533,0.000812,0.609235,39059.3,81.5914
407,3334144,6.06428,0.000814,0.683752,42319.6,81.785
408,3342336,5.76914,0.000816,0.613145,43113.8,81.975
409,3350528,5.8383,0.000818,2.47316,42840.7,82.1662
410,3358720,5.83932,0.00082,0.650246,38113.2,82.3811
411,3366912,5.89665,0.000822,0.552997,37098.3,82.602
412,3375104,5.87982,0.000824,0.654395,42626.6,82.7941
413,3383296,5.83662,0.000826,0.619648,43336.6,82.9832
414,3391488,5.86895,0.000828,0.626639,41954.5,83.1784
415,3399680,5.93239,0.00083,0.593297,39434.6,83.3862
416,3407872,5.872,0.000832,0.63629,39904.5,83.5915
417,3416064,5.94007,0.000834,0.582033,42242.5,83.7854
418,3424256,5.66834,0.000836,0.707019,42625,83.9776
419,3432448,5.9926,0.000838,0.645261,42069.8,84.1723
420,3440640,5.9047,0.00084,1.1959,40646.8,84.3738
421,3448832,5.79937,0.000842,0.680438,37382.7,84.593
422,3457024,5.79778,0.000844,0.824701,42323.4,84.7865
423,3465216,5.94265,0.000846,0.640729,42804.7,84.9779
424,3473408,5.95415,0.000848,0.695778,41759.3,85.1741
425,3481600,5.82625,0.00085,0.72431,40778.7,85.375
426,3489792,5.90073,0.000852,0.690706,42732.8,85.5667
427,3497984,5.92604,0.000854,0.673473,41840.1,85.7625
428,3506176,5.89483,0.000856,0.631621,42513.9,85.9552
429,3514368,5.84092,0.000858,0.572886,43289.3,86.1444
430,3522560,5.6641,0.00086,0.661465,34787,86.3799
431,3530752,5.90833,0.000862,0.664235,36532.1,86.6041
432,3538944,5.82138,0.000864,0.558553,42800.1,86.7955
433,3547136,5.92462,0.000866,0.63201,43168.9,86.9853
434,3555328,5.70136,0.000868,0.657149,42179.5,87.1795
435,3563520,5.82386,0.00087,0.646493,38240.6,87.3937
436,3571712,5.7401,0.000872,0.600546,38941.9,87.6041
437,3579904,5.76015,0.000874,0.626984,42456,87.7971
438,3588096,5.93516,0.000876,0.655872,42772.8,87.9886
439,3596288,5.89769,0.000878,0.715617,42251.3,88.1825
440,3604480,6.00314,0.00088,1.42767,39427.4,88.3902
441,3612672,5.95302,0.000882,0.733076,37102.7,88.611
442,3620864,5.85323,0.000884,0.63145,43164.9,88.8008
443,3629056,5.80785,0.000886,0.659906,42516.3,88.9935
444,3637248,5.7255,0.000888,0.629242,42296.9,89.1872
445,3645440,5.8776,0.00089,1.03407,40117.8,89.3914
446,3653632,5.86504,0.000892,0.54872,39230.2,89.6002
447,3661824,5.72082,0.000894,0.697259,40600.7,89.802
448,3670016,5.83805,0.000896,0.629219,41110,90.0012
449,3678208,5.81822,0.000898,0.582851,41713.3,90.1976
450,3686400,5.70781,0.0009,0.564939,39186.2,90.4067
451,3694592,5.86265,0.000902,0.637554,38849.6,90.6175
452,3702784,5.82208,0.000904,0.56251,41807.1,90.8135
453,3710976,5.76777,0.000906,0.558083,42211.5,91.0075
454,3719168,5.71673,0.000908,0.584728,41994.8,91.2026
455,3727360,5.85946,0.00091,0.595111,33171.2,91.4496
456,3735552,5.84443,0.000912,0.604754,38571.2,91.662
457,3743744,5.67591,0.000914,0.610954,41058.2,91.8615
458,3751936,5.79333,0.000916,0.625558,42082.1,92.0562
459,3760128,5.73591,0.000918,0.58175,39493.7,92.2636
460,3768320,5.73292,0.00092,0.589525,36229.5,92.4897
461,3776512,5.83069,0.000922,0.585242,36225.7,92.7158
462,3784704,5.91025,0.000924,0.645635,40649.8,92.9174
463,3792896,5.80863,0.000926,0.628598,41187.4,93.1163
464,3801088,5.87794,0.000928,0.576391,39344,93.3245
465,3809280,5.88586,0.00093,0.563672,37128.1,93.5451
466,3817472,5.77743,0.000932,0.573038,37747.7,93.7621
467,3825664,6.00296,0.000934,0.557851,39674.6,93.9686
468,3833856,5.65181,0.000936,0.725038,41146.4,94.1677
469,3842048,5.78611,0.000938,0.577178,40325.1,94.3709
470,3850240,5.82256,0.00094,0.61875,38642.8,94.5828
471,3858432,5.82296,0.000942,0.654929,37295.9,94.8025
472,3866624,5.84596,0.000944,0.637705,41473,95
473,3874816,5.72375,0.000946,0.576522,41628.7,95.1968
474,3883008,5.84949,0.000948,0.653484,40835.3,95.3974
475,3891200,5.77672,0.00095,0.595612,39393.4,95.6054
476,3899392,5.81378,0.000952,0.582352,43112.5,95.7954
477,3907584,5.66462,0.000954,0.569118,42102.9,95.99
478,3915776,5.82843,0.000956,0.542279,43115.8,96.18
479,3923968,5.81603,0.000958,0.551191,42447.5,96.373
480,3932160,5.77299,0.00096,0.605545,34493.6,96.6104
481,3940352,5.82778,0.000962,0.595288,36569.2,96.8345
482,3948544,5.78583,0.000964,0.667442,42970.4,97.0251
483,3956736,5.75285,0.000966,0.707183,42854.7,97.2163
484,3964928,5.73135,0.000968,0.581907,41379.9,97.4142
485,3973120,5.7833,0.00097,0.595418,36959.1,97.6359
486,3981312,5.71776,0.000972,0.56117,39356.3,97.844
487,3989504,5.74415,0.000974,0.57447,42716.9,98.0358
488,3997696,5.88202,0.000976,0.592434,42664,98.2278
489,4005888,5.70851,0.000978,0.569978,41254.5,98.4264
490,4014080,5.95764,0.00098,0.621934,38242.9,98.6406
491,4022272,5.5995,0.000982,0.596549,36930.7,98.8624
492,4030464,5.75695,0.000984,0.640881,42876.6,99.0535
493,4038656,5.71133,0.000986,0.56183,42574.4,99.2459
494,4046848,5.77855,0.000988,0.579739,41958.3,99.4411
495,4055040,5.90073,0.00099,0.657273,39489,99.6486
496,4063232,5.75327,0.000992,0.59793,39864.6,99.8541
497,4071424,5.76691,0.000994,0.629201,41804.6,100.05
498,4079616,5.67988,0.000996,0.608345,42463.6,100.243
499,4087808,5.83261,0.000998,0.551502,41949.7,100.438
500,4096000,5.68342,0.001,0.604611,38961.8,100.648
501,4104192,5.64812,0.001,0.655892,39605.5,100.855
502,4112384,5.72609,0.001,0.612895,43514.2,101.044
503,4120576,5.60513,0.001,0.578998,42996.2,101.234
504,4128768,5.85177,0.001,0.551758,42983.5,101.425
505,4136960,5.75954,0.001,0.565904,35766.5,101.654
506,4145152,5.66329,0.001,0.576704,39120.6,101.863
507,4153344,5.64234,0.001,0.585435,42570.2,102.056
508,4161536,5.79513,0.001,0.633076,43244.3,102.245
509,4169728,5.64374,0.001,0.870632,42340,102.439
510,4177920,5.64897,0.001,0.646028,37431,102.657
511,4186112,5.73735,0.000999999,0.600118,34850.9,102.892
512,4194304,5.62731,0.000999999,0.63514,42021.3,103.087
513,4202496,5.59123,0.000999999,0.595188,42121.3,103.282
514,4210688,5.7956,0.000999999,0.621314,42571.3,103.474
515,4218880,5.83149,0.000999999,0.573911,39363.2,103.682
516,4227072,5.82012,0.000999999,0.640417,38928.4,103.893
517,4235264,5.6255,0.000999999,0.536108,41825.9,104.089
518,4243456,5.8692,0.000999998,0.522896,42898.1,104.28
519,4251648,5.5991,0.000999998,0.539399,42219.2,104.474
520,4259840,5.71357,0.000999998,0.595289,40736.5,104.675
521,4268032,5.75346,0.000999998,0.553344,36604.2,104.899
522,4276224,5.74767,0.000999997,0.584873,41964.4,105.094
523,4284416,5.71892,0.000999997,0.601466,42354.4,105.287
524,4292608,5.91015,0.000999997,0.643459,42714.1,105.479
525,4300800,5.71472,0.000999997,0.556926,40622.6,105.681
526,4308992,5.80038,0.000999996,0.669578,43488.9,105.869
527,4317184,5.57264,0.000999996,0.57772,42879.7,106.06
528,4325376,5.66671,0.000999996,0.547188,43292.3,106.249
529,4333568,5.70691,0.000999995,0.685944,43081.1,106.439
530,4341760,5.6568,0.000999995,0.625054,34747,106.675
531,4349952,5.69857,0.000999995,0.608502,36923.8,106.897
532,4358144,5.56289,0.000999994,0.52647,42598.1,107.089
533,4366336,5.60011,0.000999994,0.554746,42708.7,107.281
534,4374528,5.60588,0.000999994,0.560028,41833.5,107.477
535,4382720,5.67926,0.000999993,0.555665,36795.4,107.7
536,4390912,5.79003,0.000999993,0.580707,38978.2,107.91
537,4399104,5.73512,0.000999992,0.540448,42324.2,108.103
538,4407296,5.63593,0.000999992,0.596178,42891.9,108.294
539,4415488,5.73537,0.000999992,0.599258,41761.8,108.491
540,4423680,5.81454,0.000999991,0.566402,38393.3,108.704
541,4431872,5.77592,0.000999991,0.5604,37434.8,108.923
542,4440064,5.69511,0.00099999,0.587904,41981.3,109.118
543,4448256,5.74193,0.00099999,0.579006,42622.7,109.31
544,4456448,5.74462,0.000999989,0.63569,41586.1,109.507
545,4464640,5.80239,0.000999989,0.540038,38950.5,109.717
546,4472832,5.7709,0.000999988,0.537146,39606.3,109.924
547,4481024,5.54604,0.000999988,0.566104,41982,110.119
548,4489216,5.70218,0.000999987,0.53477,42028.3,110.314
549,4497408,5.63743,0.000999987,0.595947,41735,110.511
550,4505600,5.85191,0.000999986,0.630612,39459,110.718
551,4513792,5.59853,0.000999985,0.567799,39116.6,110.928
552,4521984,5.90243,0.000999985,0.691758,42490.5,111.12
553,4530176,5.68997,0.000999984,0.608444,41907.9,111.316
554,4538368,5.61421,0.000999984,0.559571,42498.8,111.509
555,4546560,5.76794,0.000999983,0.627218,35213.8,111.741
556,4554752,5.77557,0.000999982,0.632315,38289.5,111.955
557,4562944,5.60624,0.000999982,0.563641,41732.3,112.152
558,4571136,5.6995,0.000999981,0.599649,42251.8,112.345
559,4579328,5.51986,0.00099998,0.606733,42712.5,112.537
560,4587520,5.74758,0.00099998,0.593454,37360.1,112.756
561,4595712,5.69266,0.000999979,0.615654,37009.4,112.978
562,4603904,5.66192,0.000999978,0.619958,42400.1,113.171
563,4612096,5.8063,0.000999978,0.56413,42651.1,113.363
564,4620288,5.61248,0.000999977,0.623074,41769.4,113.559
565,4628480,5.62621,0.000999976,0.62931,38339.1,113.773
566,4636672,5.84711,0.000999975,0.656564,39655.5,113.979
567,4644864,5.73769,0.000999975,0.644818,41502.8,114.177
568,4653056,5.50375,0.000999974,0.595335,42631.6,114.369
569,4661248,5.68234,0.000999973,0.543576,41479.9,114.566
570,4669440,5.64225,0.000999972,0.59915,38769,114.778
571,4677632,5.59541,0.000999971,0.55053,37834.6,114.994
572,4685824,5.69642,0.000999971,0.569509,42470.7,115.187
573,4694016,5.7134,0.00099997,0.556931,42541.9,115.38
574,4702208,5.61043,0.000999969,0.574933,42171.7,115.574
575,4710400,5.63012,0.000999968,0.5912,39451.7,115.782
576,4718592,5.87585,0.000999967,0.575956,42529.5,115.974
577,4726784,5.54287,0.000999966,0.535374,42023.7,116.169
578,4734976,5.68016,0.000999965,0.55327,41829.6,116.365
579,4743168,5.71155,0.000999964,0.540118,41916,116.561
580,4751360,5.63095,0.000999964,0.499782,34548.4,116.798
581,4759552,5.6027,0.000999963,0.519531,36072.7,117.025
582,4767744,5.62693,0.000999962,0.534544,42793.6,117.216
583,4775936,5.4088,0.000999961,0.536389,42222.8,117.41
584,4784128,5.41825,0.00099996,0.594528,41253.2,117.609
585,4792320,5.72063,0.000999959,0.586272,37606.1,117.827
586,4800512,5.79724,0.000999958,0.56109,39300.9,118.035
587,4808704,5.66094,0.000999957,0.589738,42680.6,118.227
588,4816896,5.58103,0.000999956,0.642233,42798,118.418
589,4825088,5.69113,0.000999955,0.532404,41879.1,118.614
590,4833280,5.78416,0.000999954,0.615131,39095.3,118.824
591,4841472,5.50212,0.000999953,0.568387,37312.1,119.043
592,4849664,5.63137,0.000999952,0.569545,42832.8,119.234
593,4857856,5.76548,0.000999951,0.547373,42984.4,119.425
594,4866048,5.53699,0.000999949,0.53124,41977.1,119.62
595,4874240,5.49668,0.000999948,0.590314,40333.6,119.823
596,4882432,5.69575,0.000999947,0.582923,39937.7,120.028
597,4890624,5.56971,0.000999946,0.588792,42321.9,120.222
598,4898816,5.76896,0.000999945,0.574415,42467.5,120.415
599,4907008,5.5655,0.000999944,0.550069,42020.1,120.61
600,4915200,5.66589,0.000999943,0.699307,40832.7,120.81
601,4923392,5.59063,0.000999942,0.573104,40810.3,121.011
602,4931584,5.73333,0.00099994,0.549567,43258.2,121.2
603,4939776,5.70606,0.000999939,0.573573,42908.4,121.391
604,4947968,5.44995,0.000999938,0.610028,42635.5,121.583
605,4956160,5.70592,0.000999937,0.566303,35214.2,121.816
606,4964352,5.60809,0.000999936,0.600505,38324.2,122.03
607,4972544,5.49221,0.000999934,0.561047,42384.1,122.223
608,4980736,5.68761,0.000999933,0.587131,43013.2,122.414
609,4988928,5.657,0.000999932,0.546841,42768.6,122.605
610,4997120,5.6015,0.000999931,0.587954,38036,122.821
611,5005312,5.71446,0.000999929,0.62293,36879,123.043
612,5013504,5.55883,0.000999928,0.543188,42754.1,123.234
613,5021696,5.72579,0.000999927,0.633415,43078.9,123.424
614,5029888,5.60098,0.000999925,0.573359,42389.9,123.618
615,5038080,5.47752,0.000999924,0.639548,39348.1,123.826
616,5046272,5.71887,0.000999923,0.593042,39530.8,124.033
617,5054464,5.54299,0.000999921,0.569557,41730.1,124.229
618,5062656,5.55509,0.00099992,0.59372,42667.6,124.421
619,5070848,5.76338,0.000999919,0.58543,42876.2,124.612
620,5079040,5.50136,0.000999917,0.536024,40333.1,124.816
621,5087232,5.67801,0.000999916,0.571308,37354,125.035
622,5095424,5.59736,0.000999914,0.528208,42679.6,125.227
623,5103616,5.68762,0.000999913,0.570131,42338.2,125.42
624,5111808,5.52242,0.000999912,0.614546,42516.2,125.613
625,5120000,5.52873,0.00099991,0.577553,40676.9,125.814
626,5128192,5.63366,0.000999909,0.565483,42314.2,126.008
627,5136384,5.40427,0.000999907,0.596431,42777.8,126.2
628,5144576,5.63176,0.000999906,0.554805,42394.5,126.393
629,5152768,5.59491,0.000999904,0.540809,42593.4,126.585
630,5160960,5.59758,0.000999903,0.558908,34889,126.82
631,5169152,5.51212,0.000999901,0.552281,36830.7,127.042
632,5177344,5.49971,0.0009999,0.555551,42831.6,127.234
633,5185536,5.68118,0.000999898,0.658432,42736.1,127.425
634,5193728,5.52325,0.000999897,0.513514,42591.4,127.618
635,5201920,5.56186,0.000999895,0.554855,38315.2,127.831
636,5210112,5.59146,0.000999894,0.597983,38961.7,128.042
637,5218304,5.36525,0.000999892,0.533052,42189.1,128.236
638,5226496,5.52929,0.00099989,0.618432,43245.7,128.425
639,5234688,5.57955,0.000999889,0.517673,42634.7,128.617
640,5242880,5.56158,0.000999887,0.551491,39471.3,128.825
641,5251072,5.50604,0.000999886,0.564577,37545.7,129.043
642,5259264,5.62522,0.000999884,0.559948,42594.5,129.235
643,5267456,5.56164,0.000999882,0.561996,42436.3,129.428
644,5275648,5.52141,0.000999881,0.55791,42624.3,129.621
645,5283840,5.53948,0.000999879,0.554002,40445.9,129.823
646,5292032,5.48111,0.000999877,0.601063,39579.7,130.03
647,5300224,5.42182,0.000999876,0.539604,41562.2,130.227
648,5308416,5.55167,0.000999874,0.563698,42791.9,130.419
649,5316608,5.54656,0.000999872,0.602939,42047.5,130.614
650,5324800,5.53911,0.00099987,0.636616,41196.2,130.812
651,5332992,5.56639,0.000999869,0.560387,40213.5,131.016
652,5341184,5.43695,0.000999867,0.544059,43383.8,131.205
653,5349376,5.50865,0.000999865,0.594876,42785.6,131.396
654,5357568,5.59833,0.000999863,0.623821,42265.8,131.59
655,5365760,5.51456,0.000999862,0.54572,34625.7,131.827
656,5373952,5.52357,0.00099986,0.691254,38735.9,132.038
657,5382144,5.57802,0.000999858,0.551726,42747.2,132.23
658,5390336,5.54162,0.000999856,0.567471,42686.8,132.422
659,5398528,5.57405,0.000999854,0.554527,41641,132.619
660,5406720,5.39735,0.000999852,0.58099,37424.9,132.837
661,5414912,5.52423,0.000999851,0.543639,36604.6,133.061
662,5423104,5.61584,0.000999849,0.60088,43147.4,133.251
663,5431296,5.58968,0.000999847,0.631962,43304.9,133.44
664,5439488,5.58267,0.000999845,0.58687,42097.6,133.635
665,5447680,5.4782,0.000999843,0.589242,39343.8,133.843
666,5455872,5.64136,0.000999841,0.560777,39251.2,134.052
667,5464064,5.66714,0.000999839,0.682858,42095.3,134.246
668,5472256,5.39275,0.000999837,0.600075,42815.9,134.438
669,5480448,5.43918,0.000999835,0.569171,43014.5,134.628
670,5488640,5.5669,0.000999833,0.519796,40815.1,134.829
671,5496832,5.79542,0.000999831,0.584862,36926.8,135.051
672,5505024,5.60045,0.000999829,0.550201,42518.5,135.243
673,5513216,5.54055,0.000999827,0.647328,42727.9,135.435
674,5521408,5.60753,0.000999825,0.570313,42619.4,135.627
675,5529600,5.55972,0.000999823,0.533692,40932.3,135.828
676,5537792,5.51049,0.000999821,0.55804,43121,136.017
677,5545984,5.38693,0.000999819,0.546332,42583.2,136.21
678,5554176,5.3823,0.000999817,0.582696,42609.3,136.402
679,5562368,5.57761,0.000999815,0.595801,42804.5,136.594
680,5570560,5.59719,0.000999813,0.584593,36318,136.819
681,5578752,5.59047,0.000999811,0.566059,35713.3,137.048
682,5586944,5.39904,0.000999809,0.531324,42955.2,137.239
683,5595136,5.43984,0.000999807,0.559043,42914,137.43
684,5603328,5.5081,0.000999804,0.526891,42842.4,137.621
685,5611520,5.50492,0.000999802,0.571156,38045.7,137.837
686,5619712,5.56381,0.0009998,0.645121,38356.7,138.05
687,5627904,5.56379,0.000999798,0.572252,42241.6,138.244
688,5636096,5.48285,0.000999796,0.515967,42802.9,138.435
689,5644288,5.68266,0.000999794,0.590982,42680.7,138.627
690,5652480,5.61498,0.000999791,0.570045,39924.8,138.833
691,5660672,5.47076,0.000999789,0.527214,36850.6,139.055
692,5668864,5.47782,0.000999787,0.546159,42055.7,139.25
693,5677056,5.50092,0.000999785,0.55637,43051.3,139.44
694,5685248,5.49832,0.000999782,0.620501,42261.6,139.634
695,5693440,5.43777,0.00099978,0.579953,40464.3,139.836
696,5701632,5.31102,0.000999778,0.598913,38602.9,140.048
697,5709824,5.5254,0.000999776,0.581569,41147.3,140.248
698,5718016,5.28992,0.000999773,0.579222,41958.2,140.443
699,5726208,5.57673,0.000999771,0.64664,41617.3,140.64
700,5734400,5.54552,0.000999769,0.586603,39869.1,140.845
701,5742592,5.44826,0.000999766,0.695311,38479.2,141.058
702,5750784,5.40863,0.000999764,0.598521,42586,141.25
703,5758976,5.55849,0.000999762,0.579993,41964,141.446
704,5767168,5.50947,0.000999759,0.580648,41264,141.644
705,5775360,5.43654,0.000999757,0.576337,33201.6,141.891
706,5783552,5.61206,0.000999755,0.607385,38655.2,142.103
707,5791744,5.58304,0.000999752,0.575065,41800.2,142.299
708,5799936,5.52522,0.00099975,0.576152,42122.1,142.493
709,5808128,5.56114,0.000999747,0.605098,39183.3,142.702
710,5816320,5.48651,0.000999745,0.530667,35477.7,142.933
711,5824512,5.58132,0.000999742,0.577536,37282.5,143.153
712,5832704,5.68147,0.00099974,0.562677,42122.7,143.347
713,5840896,5.59437,0.000999738,0.561623,42643.1,143.54
714,5849088,5.40399,0.000999735,0.543862,40091.3,143.744
715,5857280,5.53786,0.000999733,0.57422,37650.3,143.961
716,5865472,5.55124,0.00099973,0.744053,39484.3,144.169
717,5873664,5.3822,0.000999728,0.569427,42156.2,144.363
718,5881856,5.57727,0.000999725,1.96866,42821.1,144.555
719,5890048,5.31285,0.000999722,0.646306,41405.4,144.752
720,5898240,5.37104,0.00099972,0.643464,38276.3,144.966
721,5906432,5.5004,0.000999717,0.629805,37669.5,145.184
722,5914624,5.47089,0.000999715,0.578077,42910.6,145.375
723,5922816,5.66849,0.000999712,0.643497,42406.8,145.568
724,5931008,5.4801,0.00099971,0.627015,41047.2,145.768
725,5939200,5.52552,0.000999707,0.742093,38785.7,145.979
726,5947392,5.48737,0.000999704,0.60922,42466.3,146.172
727,5955584,5.45535,0.000999702,0.650097,41437.7,146.369
728,5963776,5.39562,0.000999699,0.571186,42136.8,146.564
729,5971968,5.50571,0.000999696,0.583451,42483.1,146.757
730,5980160,5.39297,0.000999694,0.604232,35212.8,146.989
731,5988352,5.42123,0.000999691,0.595663,35912.9,147.217
732,5996544,5.46367,0.000999688,0.667323,42503.1,147.41
733,6004736,5.57092,0.000999686,0.570674,43042.9,147.6
734,6012928,5.60019,0.000999683,0.680692,42459.9,147.793
735,6021120,5.39845,0.00099968,0.616571,37333.9,148.013
736,6029312,5.41818,0.000999678,0.593803,38163.9,148.227
737,6037504,5.45273,0.000999675,0.546503,41896,148.423
738,6045696,5.42879,0.000999672,0.587522,42500.8,148.616
739,6053888,5.47521,0.000999669,0.658681,42689.9,148.808
740,6062080,5.37792,0.000999666,0.572913,39231,149.016
741,6070272,5.31324,0.000999664,0.602836,36999.6,149.238
742,6078464,5.54727,0.000999661,0.591552,42525.2,149.43
743,6086656,5.4329,0.000999658,0.61843,42789.4,149.622
744,6094848,5.57912,0.000999655,0.572195,42882.9,149.813
745,6103040,5.54504,0.000999652,0.657046,40548.9,150.015
746,6111232,5.47569,0.000999649,0.630089,39707.3,150.221
747,6119424,5.5692,0.000999647,0.58419,42309,150.415
748,6127616,5.38214,0.000999644,0.585937,43012.7,150.605
749,6135808,5.29949,0.000999641,0.682987,43213.7,150.795
750,6144000,5.39801,0.000999638,0.609676,42121.4,150.989
751,6152192,5.44347,0.000999635,0.523621,40735.4,151.191
752,6160384,5.51126,0.000999632,0.557927,43597.1,151.378
753,6168576,5.57869,0.000999629,0.577931,43499.4,151.567
754,6176768,5.58921,0.000999626,0.547832,42810.8,151.758
755,6184960,5.57478,0.000999623,0.581536,36806.2,151.981
756,6193152,5.55723,0.00099962,0.551465,38249.5,152.195
757,6201344,5.45684,0.000999617,0.527867,43383.4,152.384
758,6209536,5.25187,0.000999614,0.592851,43433.3,152.572
759,6217728,5.5663,0.000999611,0.548676,43186.5,152.762
760,6225920,5.27696,0.000999608,0.558543,37989.1,152.978
761,6234112,5.46132,0.000999605,0.562144,36657.6,153.201
762,6242304,5.27343,0.000999602,0.563348,43021.4,153.392
763,6250496,5.45822,0.000999599,0.63303,43483.8,153.58
764,6258688,5.46472,0.000999596,0.583949,42643.1,153.772
765,6266880,5.37836,0.000999593,0.512648,40367.8,153.975
766,6275072,5.40985,0.00099959,0.55571,39496,154.182
767,6283264,5.40413,0.000999587,0.552626,42455.5,154.375
768,6291456,5.38571,0.000999584,0.536633,43056.3,154.566
769,6299648,5.46356,0.000999581,0.52077,42871.6,154.757
770,6307840,5.61491,0.000999577,0.608016,40735.5,154.958
771,6316032,5.31893,0.000999574,0.567894,36576.7,155.182
772,6324224,5.54724,0.000999571,0.597757,43163.5,155.372
773,6332416,5.36264,0.000999568,0.619281,43392.7,155.56
774,6340608,5.3469,0.000999565,0.562648,43773.3,155.747
775,6348800,5.51046,0.000999562,0.579114,41353.9,155.946
776,6356992,5.47611,0.000999558,0.569779,42418,156.139
777,6365184,5.39102,0.000999555,0.567221,42123.8,156.333
778,6373376,5.52734,0.000999552,0.578999,42598.2,156.525
779,6381568,5.49208,0.000999549,0.660365,43425.5,156.714
780,6389760,5.39218,0.000999545,0.583482,35787.3,156.943
781,6397952,5.37777,0.000999542,0.609879,35999.9,157.171
782,6406144,5.37893,0.000999539,0.592696,42591.4,157.363
783,6414336,5.38853,0.000999536,0.551311,43864,157.55
784,6422528,5.31902,0.000999532,0.634896,42841.3,157.741
785,6430720,5.35108,0.000999529,0.63283,38390.7,157.954
786,6438912,5.41363,0.000999526,0.529213,38860.8,158.165
787,6447104,5.39028,0.000999522,0.640758,42065.9,158.36
788,6455296,5.39785,0.000999519,0.572246,44081.2,158.546
789,6463488,5.46012,0.000999516,0.634412,43048.2,158.736
790,6471680,5.47302,0.000999512,0.58519,40086.2,158.94
791,6479872,5.41704,0.000999509,0.579877,37491.8,159.159
792,6488064,5.40479,0.000999506,0.600689,42607.7,159.351
793,6496256,5.50419,0.000999502,0.544076,43391.6,159.54
794,6504448,5.4331,0.000999499,0.579246,42973.3,159.73
795,6512640,5.5852,0.000999495,0.612707,41183.4,159.929
796,6520832,5.39764,0.000999492,0.605734,39209.2,160.138
797,6529024,5.4516,0.000999488,0.555894,41934.4,160.334
798,6537216,5.09106,0.000999485,0.625661,42945.9,160.524
799,6545408,5.32482,0.000999481,0.56773,43077.1,160.715
800,6553600,5.32964,0.000999478,0.626301,41909.7,160.91
801,6561792,5.3051,0.000999475,0.673262,41548.6,161.107
802,6569984,5.34223,0.000999471,0.599517,44433,161.292
803,6578176,5.38549,0.000999467,0.578816,43933.4,161.478
804,6586368,5.35535,0.000999464,0.643484,43240.7,161.668
805,6594560,5.36001,0.00099946,0.580902,38009.7,161.883
806,6602752,5.31767,0.000999457,0.5547,35870.1,162.111
807,6610944,5.42483,0.000999453,0.553538,42532.4,162.304
808,6619136,5.34049,0.00099945,0.587303,43439.7,162.493
809,6627328,5.45845,0.000999446,0.580839,43131.4,162.683
810,6635520,5.48972,0.000999443,0.561694,39281.8,162.891
811,6643712,5.26486,0.000999439,0.60735,36062.1,163.118
812,6651904,5.30169,0.000999435,0.582929,42691.1,163.31
813,6660096,5.27342,0.000999432,0.567595,43017,163.501
814,6668288,5.29712,0.000999428,0.595831,43656.1,163.688
815,6676480,5.18389,0.000999424,0.549338,40068.9,163.893
816,6684672,5.38332,0.000999421,0.617457,38608.3,164.105
817,6692864,5.37952,0.000999417,0.727082,42076.3,164.3
818,6701056,5.36678,0.000999413,0.574241,43028.6,164.49
819,6709248,5.39248,0.00099941,0.574196,42885.8,164.681
820,6717440,5.37051,0.000999406,0.610106,41149.6,164.88
821,6725632,5.24193,0.000999402,0.573862,37497,165.099
822,6733824,5.37382,0.000999398,0.570376,42879.2,165.29
823,6742016,5.28864,0.000999395,0.555535,41943.3,165.485
824,6750208,5.26575,0.000999391,0.588772,43053.8,165.675
825,6758400,5.31368,0.000999387,0.588434,41722.9,165.871
826,6766592,5.30323,0.000999383,0.576143,42698.1,166.063
827,6774784,5.39163,0.000999379,0.584378,42580.8,166.256
828,6782976,5.58805,0.000999376,0.596743,42364.3,166.449
829,6791168,5.49336,0.000999372,0.604509,42366.9,166.642
830,6799360,5.38581,0.000999368,0.598363,35918.6,166.871
831,6807552,5.46949,0.000999364,0.579462,35820.3,167.099
832,6815744,5.17597,0.00099936,0.621472,43198.8,167.289
833,6823936,5.19996,0.000999356,0.567128,43511,167.477
834,6832128,5.35926,0.000999353,0.603085,42538.8,167.67
835,6840320,5.41644,0.000999349,0.567534,38135.4,167.885
836,6848512,5.3962,0.000999345,0.593151,38832.7,168.095
837,6856704,5.44535,0.000999341,0.580253,42140.8,168.29
838,6864896,5.07529,0.000999337,0.573879,42482.4,168.483
839,6873088,5.2995,0.000999333,0.586722,42771.5,168.674
840,6881280,5.23531,0.000999329,0.590533,39901.9,168.88
841,6889472,5.4059,0.000999325,0.562988,37466.3,169.098
842,6897664,5.19869,0.000999321,0.562308,42494,169.291
843,6905856,5.30791,0.000999317,0.553216,43179.7,169.481
844,6914048,5.24994,0.000999313,0.588132,42916.8,169.672
845,6922240,5.39328,0.000999309,0.57921,41325.3,169.87
846,6930432,5.3328,0.000999305,0.64322,40046.4,170.074
847,6938624,5.41023,0.000999301,0.533067,41814.5,170.27
848,6946816,5.36822,0.000999297,0.579715,42927.9,170.461
849,6955008,5.17348,0.000999293,0.55294,42869.7,170.652
850,6963200,5.27206,0.000999289,0.525374,42195.4,170.846
851,6971392,5.40612,0.000999285,0.592968,39746.3,171.052
852,6979584,5.26987,0.000999281,0.574417,43762.5,171.24
853,6987776,5.2411,0.000999277,0.604773,43138.3,171.43
854,6995968,5.3733,0.000999272,0.628424,43059.8,171.62
855,7004160,5.39016,0.000999268,0.58967,35362.2,171.851
856,7012352,5.14236,0.000999264,0.59691,38253,172.066
857,7020544,5.41256,0.00099926,0.584248,42773.9,172.257
858,7028736,5.39202,0.000999256,0.566114,43142.3,172.447
859,7036928,5.41362,0.000999252,0.582264,42884.7,172.638
860,7045120,5.4316,0.000999248,1.13965,37983,172.854
861,7053312,5.23742,0.000999243,0.675705,36698.1,173.077
862,7061504,5.30776,0.000999239,0.568882,42983.7,173.268
863,7069696,5.32874,0.000999235,0.586429,43315.4,173.457
864,7077888,5.37041,0.000999231,0.626828,42505.1,173.649
865,7086080,5.37027,0.000999226,0.644825,39398.7,173.857
866,7094272,5.37565,0.000999222,0.619273,39660.9,174.064
867,7102464,5.19058,0.000999218,0.573667,41953.8,174.259
868,7110656,5.34734,0.000999214,0.614321,43072.6,174.449
869,7118848,5.20663,0.000999209,0.562858,42828.1,174.641
870,7127040,5.37201,0.000999205,0.597876,40678.4,174.842
871,7135232,5.04145,0.000999201,0.625791,38211.8,175.056
872,7143424,5.1233,0.000999196,0.603214,42660.3,175.248
873,7151616,5.36771,0.000999192,0.578281,43277.6,175.438
874,7159808,5.36821,0.000999188,0.595959,42677.7,175.63
875,7168000,5.28413,0.000999183,0.548504,41579.7,175.827
876,7176192,4.98746,0.000999179,0.54815,42300.7,176.02
877,7184384,5.19622,0.000999175,0.581079,42788.7,176.212
878,7192576,5.31075,0.00099917,0.602118,42244,176.406
879,7200768,5.266,0.000999166,0.595251,42087.5,176.6
880,7208960,5.22555,0.000999161,0.618855,34991.2,176.834
881,7217152,5.27674,0.000999157,0.565662,36315.5,177.06
882,7225344,5.30905,0.000999153,0.599816,42602.1,177.252
883,7233536,5.31453,0.000999148,0.581025,42630.9,177.444
884,7241728,5.26474,0.000999144,0.550683,42394.7,177.638
885,7249920,5.26656,0.000999139,0.564847,37695.1,177.855
886,7258112,5.32635,0.000999135,0.587013,39267.1,178.064
887,7266304,5.34331,0.00099913,0.606047,42439.4,178.257
888,7274496,5.31995,0.000999126,0.684173,42685.9,178.449
889,7282688,5.26579,0.000999121,0.641433,41587.2,178.646
890,7290880,5.45755,0.000999117,0.592815,39107.7,178.855
891,7299072,5.34159,0.000999112,0.578762,37774.5,179.072
892,7307264,5.23862,0.000999107,0.624189,41973.5,179.267
893,7315456,5.24706,0.000999103,0.604173,42956,179.458
894,7323648,5.30718,0.000999098,0.589896,41501.4,179.655
895,7331840,5.21153,0.000999094,0.597454,39891.7,179.861
896,7340032,5.17335,0.000999089,0.598595,39956.5,180.066
897,7348224,5.43613,0.000999085,0.600038,41647.6,180.262
898,7356416,5.40616,0.00099908,0.54545,42907.3,180.453
899,7364608,5.17231,0.000999075,0.54968,41909.8,180.649
900,7372800,5.32396,0.000999071,0.603042,40362.9,180.852
901,7380992,5.37827,0.000999066,0.584548,40687.4,181.053
902,7389184,5.36309,0.000999061,0.599436,43990,181.239
903,7397376,5.22761,0.000999057,0.584072,43187.2,181.429
904,7405568,5.15527,0.000999052,0.569252,43255.1,181.618
905,7413760,5.22029,0.000999047,0.642273,35005.8,181.852
906,7421952,5.19383,0.000999042,0.621786,39094,182.062
907,7430144,5.2072,0.000999038,0.581145,43381.8,182.251
908,7438336,5.41807,0.000999033,0.647221,42861.9,182.442
909,7446528,5.07412,0.000999028,0.63307,42373.6,182.635
910,7454720,5.38925,0.000999023,0.602948,37914.4,182.851
911,7462912,5.33015,0.000999019,0.582178,37041,183.072
912,7471104,5.26505,0.000999014,0.681317,42598,183.265
913,7479296,5.29756,0.000999009,0.667047,43039.1,183.455
914,7487488,5.02984,0.000999004,0.574166,42139.3,183.649
915,7495680,5.16122,0.000998999,0.599262,39063.8,183.859
916,7503872,5.28557,0.000998995,0.54629,38982.1,184.069
917,7512064,5.13727,0.00099899,0.576587,42087.4,184.264
918,7520256,5.14152,0.000998985,0.574032,42293.4,184.458
919,7528448,5.20943,0.00099898,0.594938,42753.7,184.649
920,7536640,5.21406,0.000998975,0.600356,40363.2,184.852
921,7544832,5.5367,0.00099897,0.627357,37121.9,185.073
922,7553024,5.28815,0.000998965,0.641248,42500.1,185.266
923,7561216,5.23699,0.00099896,0.583447,42719.8,185.457
924,7569408,5.23135,0.000998955,0.647459,43673.8,185.645
925,7577600,5.17669,0.000998951,0.633945,42187.2,185.839
926,7585792,5.25109,0.000998946,0.673996,44161.1,186.025
927,7593984,5.22411,0.000998941,0.609178,43673.9,186.212
928,7602176,5.19508,0.000998936,0.590585,43286.4,186.401
929,7610368,5.41456,0.000998931,0.670507,43784.8,186.589
930,7618560,5.31331,0.000998926,0.582056,36032.8,186.816
931,7626752,5.2834,0.000998921,0.621117,35509.5,187.047
932,7634944,5.10875,0.000998916,0.614199,43402.3,187.235
933,7643136,5.25002,0.000998911,0.609003,43169.8,187.425
934,7651328,5.14706,0.000998906,0.612407,42851.5,187.616
935,7659520,5.28952,0.0009989,0.579899,37726.3,187.833
936,7667712,5.01536,0.000998895,0.733941,38371.7,188.047
937,7675904,5.21452,0.00099889,0.600169,42125.7,188.241
938,7684096,5.44141,0.000998885,0.591961,43500.8,188.43
939,7692288,5.30321,0.00099888,0.598434,42678.6,188.622
940,7700480,5.37706,0.000998875,0.600367,38805.4,188.833
941,7708672,5.30423,0.00099887,0.557486,37042.7,189.054
942,7716864,5.30564,0.000998865,0.624119,42714.3,189.246
943,7725056,5.14956,0.00099886,0.586015,43001.9,189.436
944,7733248,5.25848,0.000998854,0.533482,41897.9,189.632
945,7741440,5.25381,0.000998849,0.62735,38887.8,189.842
946,7749632,5.37518,0.000998844,0.634316,39022.1,190.052
947,7757824,5.17938,0.000998839,0.607825,42074.1,190.247
948,7766016,5.35997,0.000998834,0.617836,43100,190.437
949,7774208,5.30136,0.000998828,0.590025,42394.9,190.63
950,7782400,5.06316,0.000998823,0.638574,39801.6,190.836
951,7790592,5.18865,0.000998818,0.612046,39586,191.043
952,7798784,5.36255,0.000998813,0.58732,44169.6,191.228
953,7806976,5.11991,0.000998807,0.619005,43007,191.419
954,7815168,5.15961,0.000998802,0.60703,43748.2,191.606
955,7823360,5.13945,0.000998797,0.597537,36052.8,191.833
956,7831552,5.30029,0.000998792,0.590086,37726.5,192.051
957,7839744,5.15197,0.000998786,0.601291,42343.7,192.244
958,7847936,5.18569,0.000998781,0.580861,42282.8,192.438
959,7856128,5.21486,0.000998776,0.589635,43300.2,192.627
960,7864320,5.2902,0.00099877,0.619577,38218.6,192.841
961,7872512,5.13925,0.000998765,0.599949,35928,193.069
962,7880704,5.36291,0.000998759,0.608016,42372.7,193.263
963,7888896,5.19966,0.000998754,0.580645,42353.7,193.456
964,7897088,5.32745,0.000998749,0.612462,42527.5,193.649
965,7905280,5.15239,0.000998743,0.597257,38951.8,193.859
966,7913472,5.31186,0.000998738,0.613844,39107.5,194.069
967,7921664,5.02778,0.000998732,0.6445,42173,194.263
968,7929856,5.24814,0.000998727,0.592076,42789.4,194.454
969,7938048,5.14858,0.000998722,0.615284,42626.7,194.646
970,7946240,5.26685,0.000998716,0.595084,40198.9,194.85
971,7954432,5.17249,0.000998711,0.571183,36846.7,195.072
972,7962624,5.20526,0.000998705,0.59068,42321.8,195.266
973,7970816,5.08977,0.0009987,0.589513,42296.6,195.46
974,7979008,5.29931,0.000998694,0.5947,42052.7,195.655
975,7987200,5.08582,0.000998689,0.656011,40561.6,195.857
976,7995392,5.05789,0.000998683,0.658457,42638.6,196.049
977,8003584,5.20713,0.000998677,0.640673,42622,196.241
978,8011776,5.15131,0.000998672,0.646474,42610.9,196.433
979,8019968,5.37235,0.000998666,0.637968,42834.1,196.624
980,8028160,5.18712,0.000998661,0.757435,35632.9,196.854
981,8036352,5.0827,0.000998655,0.579752,35999.8,197.082
982,8044544,5.18999,0.00099865,0.614265,42891.7,197.273
983,8052736,5.23396,0.000998644,0.557332,42503.1,197.466
984,8060928,5.2588,0.000998638,0.591797,43150.6,197.655
985,8069120,5.18062,0.000998633,0.637193,38843.6,197.866
986,8077312,5.24464,0.000998627,0.607692,38251.5,198.08
987,8085504,5.23192,0.000998621,0.651325,42429.6,198.274
988,8093696,5.06614,0.000998616,0.610829,42497.9,198.466
989,8101888,5.35207,0.00099861,0.600451,42490.5,198.659
990,8110080,5.20465,0.000998604,0.600425,39603.8,198.866
991,8118272,5.13568,0.000998599,0.590962,36569.4,199.09
992,8126464,5.1864,0.000998593,0.655198,42384,199.283
993,8134656,5.13038,0.000998587,0.635101,42175.6,199.477
994,8142848,5.16973,0.000998581,0.596405,42717.2,199.669
995,8151040,5.1806,0.000998576,0.637119,40626.3,199.871
996,8159232,5.30797,0.00099857,0.587711,39247.6,200.08
997,8167424,5.1242,0.000998564,0.5955,41589.5,200.277
998,8175616,5.32671,0.000998558,0.633754,42284,200.47
999,8183808,4.971,0.000998552,0.622086,42613.2,200.663
1000,8192000,5.08884,0.000998547,0.604076,40647.6,200.864
1001,8200192,5.23337,0.000998541,0.600805,40086.3,201.068
1002,8208384,5.13774,0.000998535,0.659392,42838.7,201.26
1003,8216576,5.2346,0.000998529,0.624821,42385.7,201.453
1004,8224768,5.10866,0.000998523,0.633108,42307.6,201.647
1005,8232960,5.12204,0.000998517,0.652206,35049.4,201.88
1006,8241152,5.21821,0.000998511,0.65683,39514,202.088
1007,8249344,5.12546,0.000998506,0.588392,42924.4,202.278
1008,8257536,5.1405,0.0009985,0.637184,43357.3,202.467
1009,8265728,5.25873,0.000998494,0.608488,42536.7,202.66
1010,8273920,5.13655,0.000998488,0.596167,38652.3,202.872
1011,8282112,5.23326,0.000998482,0.607002,37756.9,203.089
1012,8290304,5.06748,0.000998476,0.64099,43171.3,203.279
1013,8298496,5.12591,0.00099847,0.670768,43400.4,203.467
1014,8306688,5.13801,0.000998464,0.560011,42933.5,203.658
1015,8314880,5.04724,0.000998458,0.664199,39800,203.864
1016,8323072,5.13744,0.000998452,0.653323,40127.7,204.068
1017,8331264,5.21891,0.000998446,0.585825,42252.4,204.262
1018,8339456,5.07616,0.00099844,0.668398,43361.8,204.451
1019,8347648,5.08572,0.000998434,0.628898,42962.9,204.642
1020,8355840,5.19478,0.000998428,0.597836,40924.6,204.842
1021,8364032,5.14289,0.000998422,0.640101,38618.6,205.054
1022,8372224,5.15696,0.000998416,0.616539,42510.2,205.247
1023,8380416,5.25068,0.00099841,0.631715,43399.4,205.435
1024,8388608,5.27086,0.000998404,0.643309,42946.1,205.626
1025,8396800,5.05106,0.000998397,0.700771,41257.3,205.825
1026,8404992,5.2527,0.000998391,0.68907,43312.4,206.014
1027,8413184,5.20133,0.000998385,0.595642,42902.8,206.205
1028,8421376,5.09389,0.000998379,0.616898,42695.2,206.397
1029,8429568,5.01722,0.000998373,0.619612,41933.4,206.592
1030,8437760,5.15709,0.000998367,0.589223,34573.2,206.829
1031,8445952,5.01666,0.000998361,0.605753,36199.3,207.055
1032,8454144,5.27141,0.000998354,0.57533,42190.9,207.249
1033,8462336,5.24639,0.000998348,0.614459,42996.1,207.44
1034,8470528,5.3673,0.000998342,0.608192,41862.3,207.636
1035,8478720,5.21366,0.000998336,0.629844,37288.1,207.855
1036,8486912,5.09516,0.000998329,0.648166,38923.2,208.066
1037,8495104,5.21941,0.000998323,0.614692,42430.1,208.259
1038,8503296,5.10887,0.000998317,0.601352,43141,208.449
1039,8511488,5.12102,0.000998311,0.578031,42408.3,208.642
1040,8519680,5.22154,0.000998304,0.616947,39015.6,208.852
1041,8527872,5.16046,0.000998298,0.631448,37158.6,209.072
1042,8536064,5.11221,0.000998292,0.593358,42758.9,209.264
1043,8544256,5.12548,0.000998286,0.656931,43013.1,209.454
1044,8552448,5.0485,0.000998279,0.654056,42218.1,209.648
1045,8560640,5.15484,0.000998273,0.624751,39960.8,209.853
1046,8568832,5.14353,0.000998266,0.602393,39455.7,210.061
1047,8577024,5.18506,0.00099826,0.660837,41934.4,210.256
1048,8585216,5.17378,0.000998254,0.644935,43017.4,210.447
1049,8593408,5.04174,0.000998247,0.632293,43162,210.637
1050,8601600,5.092,0.000998241,0.637879,41718.4,210.833
1051,8609792,5.02305,0.000998235,0.621129,41206.8,211.032
1052,8617984,5.30509,0.000998228,0.666853,43769.2,211.219
1053,8626176,5.10169,0.000998222,0.643812,43623,211.407
1054,8634368,5.14476,0.000998215,0.622054,43450.2,211.595
1055,8642560,5.28045,0.000998209,0.632241,35495.2,211.826
1056,8650752,5.04479,0.000998202,0.619314,38314.4,212.04
1057,8658944,5.1269,0.000998196,0.631179,42965.4,212.231
1058,8667136,5.03799,0.000998189,0.620068,43201.5,212.42
1059,8675328,4.70244,0.000998183,0.613544,42581.3,212.613
1060,8683520,5.10132,0.000998176,0.576024,37153,212.833
1061,8691712,5.02842,0.00099817,0.622604,36672.4,213.056
1062,8699904,5.19681,0.000998163,0.629996,42631.5,213.249
1063,8708096,5.21783,0.000998157,0.62091,42924.8,213.44
1064,8716288,5.14429,0.00099815,0.613008,41713.9,213.636
1065,8724480,5.21504,0.000998144,0.664596,38736.3,213.847
1066,8732672,4.88994,0.000998137,0.71288,39258.6,214.056
1067,8740864,5.09452,0.00099813,0.6474,41907.5,214.252
1068,8749056,5.16285,0.000998124,0.69571,43219.4,214.441
1069,8757248,4.87805,0.000998117,0.660701,42082.6,214.636
1070,8765440,5.13209,0.000998111,0.631684,39312.6,214.844
1071,8773632,5.27378,0.000998104,0.654347,36891.4,215.066
1072,8781824,5.07967,0.000998097,0.655049,42581.4,215.259
1073,8790016,4.97491,0.000998091,0.620155,43503.5,215.447
1074,8798208,5.17256,0.000998084,0.607153,42205,215.641
1075,8806400,5.16874,0.000998077,0.647189,40092.7,215.845
1076,8814592,5.04037,0.000998071,0.630854,43090.6,216.035
1077,8822784,5.20683,0.000998064,0.666969,42699.3,216.227
1078,8830976,5.03135,0.000998057,0.644492,42503.4,216.42
1079,8839168,5.04715,0.00099805,0.626459,42416.7,216.613
1080,8847360,5.06656,0.000998044,0.637043,36058.8,216.84
1081,8855552,5.15405,0.000998037,0.600856,34877.3,217.075
1082,8863744,4.91263,0.00099803,0.620123,42139.4,217.27
1083,8871936,5.04961,0.000998023,0.670321,42919.9,217.46
1084,8880128,5.22544,0.000998017,0.6227,42595.1,217.653
1085,8888320,5.14228,0.00099801,0.67137,38180.9,217.867
1086,8896512,5.06459,0.000998003,0.633042,37916.1,218.083
1087,8904704,5.2109,0.000997996,0.64899,42147.7,218.278
1088,8912896,4.94663,0.000997989,0.610485,42464.8,218.471
1089,8921088,5.01042,0.000997982,0.681166,42864.9,218.662
1090,8929280,5.05139,0.000997976,0.590143,39156.3,218.871
1091,8937472,5.03712,0.000997969,0.636248,36497.1,219.095
1092,8945664,5.04897,0.000997962,0.620585,42411.8,219.289
1093,8953856,4.94768,0.000997955,0.629681,42615.3,219.481
1094,8962048,5.15717,0.000997948,0.644065,42907,219.672
1095,8970240,4.92852,0.000997941,0.643809,40297.4,219.875
1096,8978432,5.07865,0.000997934,0.676122,39619.9,220.082
1097,8986624,5.00656,0.000997927,0.643131,41652.6,220.278
1098,8994816,5.11125,0.00099792,0.635502,42260.4,220.472
1099,9003008,5.17913,0.000997913,0.641627,42667.7,220.664
1100,9011200,5.03574,0.000997906,0.644667,39810.7,220.87
1101,9019392,5.12347,0.000997899,0.619676,40950,221.07
1102,9027584,5.03594,0.000997892,0.638538,43971.9,221.256
1103,9035776,5.05821,0.000997885,0.57148,43624.1,221.444
1104,9043968,4.93339,0.000997878,0.651604,43823.4,221.631
1105,9052160,5.09062,0.000997871,0.669299,36104.6,221.858
1106,9060352,5.06002,0.000997864,0.627313,37581,222.076
1107,9068544,5.04748,0.000997857,0.61118,43311.8,222.265
1108,9076736,5.14189,0.00099785,0.627412,44093,222.451
1109,9084928,4.93779,0.000997843,0.613155,43878.8,222.638
1110,9093120,5.16367,0.000997836,0.659261,39173.1,222.847
1111,9101312,5.13368,0.000997829,0.670943,35186.7,223.08
1112,9109504,5.10627,0.000997822,0.609138,43738.6,223.267
1113,9117696,5.05807,0.000997814,0.600753,43631,223.455
1114,9125888,4.89538,0.000997807,0.669293,43472.5,223.643
1115,9134080,4.88262,0.0009978,0.625223,40036,223.848
1116,9142272,4.91382,0.000997793,0.613035,38428.6,224.061
1117,9150464,4.96259,0.000997786,0.624965,42321.9,224.254
1118,9158656,4.86532,0.000997779,0.671056,43322.2,224.444
1119,9166848,5.10598,0.000997771,0.66975,42833.3,224.635
1120,9175040,5.03615,0.000997764,0.644359,40593.4,224.837
1121,9183232,5.08405,0.000997757,0.609486,37416.1,225.056
1122,9191424,5.01212,0.00099775,0.6428,42301.1,225.249
1123,9199616,5.1202,0.000997742,0.611213,42776.2,225.441
1124,9207808,5.01556,0.000997735,0.614714,43094.8,225.631
1125,9216000,5.14947,0.000997728,0.662161,40834.5,225.831
1126,9224192,4.98935,0.000997721,0.632176,42362.3,226.025
1127,9232384,5.07443,0.000997713,0.655172,42413.6,226.218
1128,9240576,5.11993,0.000997706,0.608698,42698.8,226.41
1129,9248768,4.92115,0.000997699,0.621666,41446.9,226.607
1130,9256960,5.10378,0.000997691,0.666442,33820.5,226.85
1131,9265152,5.28186,0.000997684,0.629944,36713,227.073
1132,9273344,4.81854,0.000997677,0.60993,42718.9,227.265
1133,9281536,5.01095,0.000997669,0.612945,42171.3,227.459
1134,9289728,5.10391,0.000997662,0.608004,40984.4,227.659
1135,9297920,4.96386,0.000997655,0.663742,37101.5,227.88
1136,9306112,5.17926,0.000997647,0.60601,39952.9,228.085
1137,9314304,4.94696,0.00099764,0.603352,41661.9,228.281
1138,9322496,4.96079,0.000997632,0.734565,42881.7,228.472
1139,9330688,4.85196,0.000997625,0.615867,41367.9,228.67
1140,9338880,5.04479,0.000997618,0.66785,38311.8,228.884
1141,9347072,5.17313,0.00099761,0.621527,37849.9,229.101
1142,9355264,5.04934,0.000997603,0.622706,42028,229.295
1143,9363456,5.08095,0.000997595,0.626528,42995,229.486
1144,9371648,5.07756,0.000997588,0.648111,41051.2,229.686
1145,9379840,5.16039,0.00099758,0.610538,38903.2,229.896
1146,9388032,5.12619,0.000997573,0.666255,39978.5,230.101
1147,9396224,5.06334,0.000997565,0.722093,42116.8,230.296
1148,9404416,5.265,0.000997558,0.644785,42631.3,230.488
1149,9412608,5.13926,0.00099755,0.636747,41113.3,230.687
1150,9420800,5.15407,0.000997542,0.659729,39632.8,230.894
1151,9428992,4.9808,0.000997535,0.630122,40744.5,231.095
1152,9437184,5.01742,0.000997527,0.625237,43056.1,231.285
1153,9445376,5.15742,0.00099752,0.5905,42723.3,231.477
1154,9453568,4.88814,0.000997512,0.65416,42475.9,231.67
1155,9461760,5.0533,0.000997504,0.685474,35263.1,231.902
1156,9469952,5.03232,0.000997497,0.684008,37780.2,232.119
1157,9478144,4.88665,0.000997489,0.661471,42620.9,232.311
1158,9486336,5.0124,0.000997482,0.652234,42884,232.502
1159,9494528,5.2674,0.000997474,0.681093,42878.3,232.693
1160,9502720,5.08962,0.000997466,0.653959,37899.4,232.909
1161,9510912,5.0425,0.000997458,0.69638,35314.9,233.141
1162,9519104,4.9481,0.000997451,0.652631,42819.1,233.332
1163,9527296,4.99498,0.000997443,0.650816,43194.3,233.522
1164,9535488,5.13476,0.000997435,0.640231,42976,233.713
1165,9543680,5.08317,0.000997428,0.612992,39234.5,233.921
1166,9551872,4.87874,0.00099742,0.666524,38597.9,234.134
1167,9560064,4.86876,0.000997412,0.633484,41501.3,234.331
1168,9568256,4.91351,0.000997404,0.592273,43173,234.521
1169,9576448,4.9891,0.000997397,0.635915,43063.1,234.711
1170,9584640,5.0156,0.000997389,0.603096,40921,234.911
1171,9592832,4.9097,0.000997381,0.616958,37141.8,235.132
1172,9601024,5.11719,0.000997373,0.61539,42094.8,235.326
1173,9609216,4.87764,0.000997365,0.633569,43307.7,235.516
1174,9617408,4.95489,0.000997357,0.622428,43070.2,235.706
1175,9625600,4.93124,0.00099735,0.645741,42046,235.901
1176,9633792,5.17564,0.000997342,0.613081,42553.1,236.093
1177,9641984,4.98927,0.000997334,0.607653,42762.8,236.285
1178,9650176,4.90152,0.000997326,0.608435,43202,236.474
1179,9658368,5.12195,0.000997318,0.593719,43128.1,236.664
1180,9666560,4.88881,0.00099731,0.664081,36067.4,236.891
1181,9674752,4.96367,0.000997302,0.612402,36520.7,237.116
1182,9682944,4.91807,0.000997294,0.646035,42594.2,237.308
1183,9691136,4.96782,0.000997286,0.618384,42959.7,237.499
1184,9699328,4.96534,0.000997278,0.635365,42788,237.69
1185,9707520,5.02214,0.00099727,0.682355,38271.6,237.904
1186,9715712,5.1259,0.000997263,0.669584,38413.9,238.118
1187,9723904,5.03666,0.000997255,0.666637,42571.1,238.31
1188,9732096,5.04813,0.000997247,0.638086,43613.7,238.498
1189,9740288,5.11818,0.000997238,0.682107,42869.7,238.689
1190,9748480,4.88328,0.00099723,0.676234,40123.3,238.893
1191,9756672,4.79188,0.000997222,0.639799,37338.2,239.112
1192,9764864,4.95349,0.000997214,0.630429,42726.6,239.304
1193,9773056,5.01214,0.000997206,0.610306,43451.7,239.493
1194,9781248,5.2081,0.000997198,0.620802,43571.2,239.681
1195,9789440,4.96567,0.00099719,0.707651,40227.5,239.884
1196,9797632,5.00619,0.000997182,0.666211,39530.3,240.092
1197,9805824,4.79256,0.000997174,0.694648,41871.3,240.287
1198,9814016,5.13051,0.000997166,0.59539,43007.9,240.478
1199,9822208,4.90715,0.000997158,0.837409,43083.2,240.668
1200,9830400,4.97279,0.00099715,0.649479,41317.9,240.866
1201,9838592,4.98193,0.000997141,0.599601,40568.5,241.068
1202,9846784,5.13461,0.000997133,0.607021,43072.4,241.258
1203,9854976,4.73876,0.000997125,0.673786,42507.8,241.451
1204,9863168,5.07455,0.000997117,0.656648,42482.1,241.644
1205,9871360,5.06626,0.000997109,0.614495,34098.8,241.884
1206,9879552,4.89126,0.0009971,0.653298,37364.5,242.103
1207,9887744,4.99692,0.000997092,0.663099,42760.1,242.295
1208,9895936,4.97354,0.000997084,0.638303,43245.8,242.484
1209,9904128,5.0832,0.000997076,0.627904,41968.3,242.679
1210,9912320,4.86413,0.000997068,0.673278,37034.9,242.901
1211,9920512,4.94996,0.000997059,0.708546,36622.3,243.124
1212,9928704,5.10913,0.000997051,0.863163,42412.8,243.318
1213,9936896,4.95811,0.000997043,0.65391,43192.8,243.507
1214,9945088,5.05815,0.000997034,0.613871,42053.5,243.702
1215,9953280,5.02157,0.000997026,0.61872,38962,243.912
1216,9961472,5.01737,0.000997018,0.692489,39817.2,244.118
1217,9969664,5.03373,0.000997009,0.618604,42095.1,244.313
1218,9977856,5.07468,0.000997001,0.72603,42996.9,244.503
1219,9986048,4.91387,0.000996993,0.659153,42252.4,244.697
1220,9994240,5.03994,0.000996984,0.584002,39993,244.902
1221,10002432,4.98037,0.000996976,0.620729,37887.9,245.118
1222,10010624,5.14797,0.000996968,0.607888,42685.8,245.31
1223,10018816,4.79492,0.000996959,0.612097,42807.6,245.501
1224,10027008,4.91301,0.000996951,0.600209,42713.3,245.693
1225,10035200,4.89241,0.000996942,0.628315,40784.5,245.894
1226,10043392,5.00581,0.000996934,0.617562,43174.9,246.084
1227,10051584,4.85659,0.000996925,0.648562,43542.8,246.272
1228,10059776,4.91008,0.000996917,0.662206,43197.1,246.461
1229,10067968,5.06145,0.000996908,0.679133,43861.8,246.648
1230,10076160,4.96234,0.0009969,0.626678,37866,246.865
1231,10084352,5.08449,0.000996891,0.683393,35733.8,247.094
1232,10092544,4.93386,0.000996883,0.633267,43746,247.281
1233,10100736,5.03352,0.000996874,0.732246,43257.9,247.47
1234,10108928,5.08507,0.000996866,0.709102,44205.5,247.656
1235,10117120,4.96829,0.000996857,0.619994,40177.1,247.86
1236,10125312,4.93468,0.000996849,0.618058,38198.6,248.074
1237,10133504,4.84988,0.00099684,0.733536,41603.1,248.271
1238,10141696,4.98682,0.000996832,0.684537,43450.5,248.46
1239,10149888,5.05249,0.000996823,0.659655,44182.9,248.645
1240,10158080,5.0676,0.000996814,0.655038,41836.4,248.841
1241,10166272,5.02812,0.000996806,0.64157,37562.7,249.059
1242,10174464,4.87971,0.000996797,0.655577,43042.2,249.249
1243,10182656,5.03849,0.000996789,0.602163,43387.6,249.438
1244,10190848,4.95226,0.00099678,0.686872,44120.4,249.624
1245,10199040,5.06099,0.000996771,0.645041,43131.1,249.814
1246,10207232,4.83332,0.000996763,0.63179,41059,250.013
1247,10215424,4.91787,0.000996754,0.667811,41942.9,250.208
1248,10223616,4.82015,0.000996745,0.668163,43201.9,250.398
1249,10231808,5.02766,0.000996736,0.628599,44223.7,250.583
1250,10240000,4.85157,0.000996728,0.641077,43593.7,250.771
1251,10248192,5.18005,0.000996719,0.628689,41466.2,250.969
1252,10256384,4.84901,0.00099671,0.618915,44802.2,251.152
1253,10264576,4.85768,0.000996701,0.6115,44172.4,251.337
1254,10272768,4.99805,0.000996693,0.655402,43994.4,251.523
1255,10280960,5.18739,0.000996684,0.624527,38692.3,251.735
1256,10289152,4.86602,0.000996675,0.694553,37457.7,251.954
1257,10297344,5.11253,0.000996666,0.644018,42945.7,252.145
1258,10305536,5.0153,0.000996658,0.640472,44231.3,252.33
1259,10313728,4.96465,0.000996649,0.603189,43720.9,252.517
1260,10321920,4.81546,0.00099664,0.694655,40348.7,252.72
1261,10330112,4.94926,0.000996631,0.674507,36557,252.944
1262,10338304,5.00855,0.000996622,0.846556,43026.6,253.135
1263,10346496,4.85881,0.000996613,0.628941,43926.9,253.321
1264,10354688,4.85948,0.000996604,0.63216,43798,253.508
1265,10362880,4.98358,0.000996596,0.70191,41076.6,253.708
1266,10371072,5.21583,0.000996587,0.650159,39357.6,253.916
1267,10379264,4.9868,0.000996578,0.646002,41474.4,254.113
1268,10387456,5.01029,0.000996569,0.650031,43550.8,254.301
1269,10395648,5.01577,0.00099656,0.669729,43570.1,254.489
1270,10403840,4.99017,0.000996551,0.652851,42218.1,254.683
1271,10412032,4.96978,0.000996542,0.634072,37668.8,254.901
1272,10420224,4.97269,0.000996533,0.629333,43137.9,255.091
1273,10428416,4.85037,0.000996524,0.661575,43809.7,255.278
1274,10436608,5.07096,0.000996515,0.640189,44010.6,255.464
1275,10444800,4.85082,0.000996506,0.678498,43263.4,255.653
1276,10452992,4.95526,0.000996497,0.698261,44868.1,255.836
1277,10461184,4.8003,0.000996488,0.659156,44782.6,256.019
1278,10469376,4.79819,0.000996479,0.640055,44228.7,256.204
1279,10477568,4.93218,0.00099647,0.652732,44187.8,256.389
1280,10485760,4.72449,0.000996461,0.640376,36438.7,256.614
1281,10493952,5.0951,0.000996452,0.703751,36785.7,256.837
1282,10502144,4.87065,0.000996443,0.618673,44202.3,257.022
1283,10510336,4.80058,0.000996433,0.614649,44212.3,257.207
1284,10518528,4.83365,0.000996424,0.650584,43494.7,257.396
1285,10526720,4.8241,0.000996415,0.685148,38626.3,257.608
1286,10534912,4.9389,0.000996406,0.612413,38414,257.821
1287,10543104,4.9176,0.000996397,0.72746,43413.6,258.01
1288,10551296,4.91244,0.000996388,0.679731,43542.6,258.198
1289,10559488,5.08964,0.000996379,0.685379,43267.1,258.387
1290,10567680,4.7953,0.000996369,0.660652,39820.7,258.593
1291,10575872,5.05962,0.00099636,0.672104,36543.9,258.817
1292,10584064,4.93995,0.000996351,0.7222,43206,259.007
1293,10592256,5.03663,0.000996342,0.820136,43293.2,259.196
1294,10600448,4.99716,0.000996333,0.702319,43013.5,259.387
1295,10608640,4.99167,0.000996323,0.662673,40914.4,259.587
1296,10616832,4.93236,0.000996314,0.667205,40002.2,259.792
1297,10625024,4.87924,0.000996305,0.607634,42490.1,259.984
1298,10633216,4.93921,0.000996295,0.668379,43752.8,260.172
1299,10641408,5.01393,0.000996286,0.60375,43790.4,260.359
1300,10649600,4.90796,0.000996277,0.599446,42616.3,260.551
1301,10657792,4.7562,0.000996268,0.687544,41268,260.749
1302,10665984,4.97203,0.000996258,0.678285,43745.6,260.937
1303,10674176,4.87312,0.000996249,0.645784,43963.5,261.123
1304,10682368,4.96109,0.00099624,0.699181,44095,261.309
1305,10690560,4.84433,0.00099623,0.671133,36067.1,261.536
1306,10698752,5.00936,0.000996221,0.629511,39460,261.743
1307,10706944,4.69261,0.000996211,0.726305,43508.5,261.932
1308,10715136,4.93914,0.000996202,0.644186,43985,262.118
1309,10723328,4.95708,0.000996193,0.645055,43147,262.308
1310,10731520,4.93439,0.000996183,0.67649,38453,262.521
1311,10739712,4.8587,0.000996174,0.641909,37118.4,262.742
1312,10747904,4.93201,0.000996164,0.635985,43845,262.928
1313,10756096,5.02313,0.000996155,0.735447,43811.1,263.115
1314,10764288,4.95138,0.000996145,0.65053,43475.7,263.304
1315,10772480,4.95522,0.000996136,0.77986,39507.8,263.511
1316,10780672,5.0266,0.000996126,0.631833,39496.2,263.719
1317,10788864,5.08112,0.000996117,0.664927,43137,263.909
1318,10797056,4.88256,0.000996107,0.644591,43370.2,264.097
1319,10805248,5.02258,0.000996098,0.672863,43366.1,264.286
1320,10813440,4.68697,0.000996088,0.641211,41653.2,264.483
1321,10821632,4.7581,0.000996079,0.665461,37688.1,264.7
1322,10829824,4.94525,0.000996069,0.663086,43563.5,264.888
1323,10838016,4.88164,0.00099606,0.636041,44147,265.074
1324,10846208,4.97152,0.00099605,0.647428,43634.4,265.262
1325,10854400,4.68176,0.000996041,0.659163,43653.3,265.449
1326,10862592,4.86737,0.000996031,0.6427,44060.4,265.635
1327,10870784,4.92917,0.000996021,0.615851,44010.5,265.821
1328,10878976,4.89951,0.000996012,0.712177,43914.3,266.008
1329,10887168,5.01133,0.000996002,0.684243,44073.4,266.194
1330,10895360,4.84529,0.000995992,0.65659,36822.8,266.416
1331,10903552,4.86688,0.000995983,0.688318,36149.4,266.643
1332,10911744,4.95864,0.000995973,0.695759,43608.2,266.831
1333,10919936,4.89043,0.000995963,0.653554,43896.7,267.017
1334,10928128,4.90239,0.000995954,0.652988,43588.1,267.205
1335,10936320,5.01233,0.000995944,0.64378,37907.3,267.421
1336,10944512,4.87718,0.000995934,0.695657,38647.9,267.633
1337,10952704,5.06516,0.000995925,0.656085,42280.6,267.827
1338,10960896,4.94879,0.000995915,0.651962,43027.3,268.018
1339,10969088,5.0029,0.000995905,0.662281,43053.7,268.208
1340,10977280,5.02416,0.000995895,0.648865,39229.4,268.417
1341,10985472,5.0056,0.000995886,0.705281,37058.3,268.638
1342,10993664,4.75463,0.000995876,0.680925,42580.1,268.83
1343,11001856,4.99535,0.000995866,0.639433,42869.9,269.021
1344,11010048,4.97518,0.000995856,0.668207,42527.1,269.214
1345,11018240,4.7972,0.000995846,0.633254,39538.9,269.421
1346,11026432,4.90405,0.000995837,0.639088,39655,269.628
1347,11034624,4.9389,0.000995827,0.613538,41824.2,269.823
1348,11042816,5.13663,0.000995817,0.668622,43234.8,270.013
1349,11051008,4.79337,0.000995807,0.678227,43057.9,270.203
1350,11059200,4.98762,0.000995797,0.646987,41445.9,270.401
1351,11067392,4.95176,0.000995787,0.658655,41800.2,270.597
1352,11075584,4.87439,0.000995777,0.633067,44223.6,270.782
1353,11083776,4.73486,0.000995767,0.670894,44193.9,270.967
1354,11091968,5.02749,0.000995757,0.614616,44097.5,271.153
1355,11100160,4.79747,0.000995748,0.628794,36616.2,271.377
1356,11108352,4.97094,0.000995738,0.665788,38058.1,271.592
1357,11116544,4.85011,0.000995728,0.631054,43866.6,271.779
1358,11124736,4.98003,0.000995718,0.654624,43903.4,271.966
1359,11132928,4.84164,0.000995708,0.640346,44184.2,272.151
1360,11141120,5.14548,0.000995698,0.660865,38720.5,272.363
1361,11149312,4.75885,0.000995688,0.660865,35691.8,272.592
1362,11157504,4.73187,0.000995678,0.693482,43277,272.781
1363,11165696,4.9889,0.000995668,0.676133,43707.3,272.969
1364,11173888,4.87749,0.000995658,0.773316,43516.6,273.157
1365,11182080,4.83075,0.000995647,0.667861,39532.8,273.364
1366,11190272,4.93727,0.000995637,0.647463,38546.8,273.577
1367,11198464,5.01483,0.000995627,0.722704,42192.5,273.771
1368,11206656,5.04878,0.000995617,0.665609,43303.6,273.96
1369,11214848,4.84591,0.000995607,0.679121,42922.6,274.151
1370,11223040,5.03591,0.000995597,0.669248,40237.7,274.355
1371,11231232,5.02099,0.000995587,0.638056,37535.2,274.573
1372,11239424,4.90318,0.000995577,0.705277,42196.2,274.767
1373,11247616,4.8613,0.000995567,0.628327,43539,274.955
1374,11255808,4.72314,0.000995556,0.669973,43454.8,275.144
1375,11264000,4.95014,0.000995546,0.661693,42231.8,275.338
1376,11272192,4.86599,0.000995536,0.669028,43943.5,275.524
1377,11280384,4.92552,0.000995526,0.667312,44063.7,275.71
1378,11288576,4.91822,0.000995516,0.62536,44289.8,275.895
1379,11296768,4.93395,0.000995506,0.647032,43988.8,276.081
1380,11304960,4.93636,0.000995495,0.631509,36872,276.303
1381,11313152,4.93398,0.000995485,0.676181,35559.4,276.534
1382,11321344,4.899,0.000995475,0.678998,43894,276.72
1383,11329536,4.87359,0.000995465,0.678283,43487.6,276.909
1384,11337728,4.87434,0.000995454,0.651839,43527.1,277.097
1385,11345920,4.79748,0.000995444,0.651254,37960.2,277.313
1386,11354112,4.8255,0.000995434,0.65033,38214.5,277.527
1387,11362304,5.02785,0.000995423,0.684913,42138.2,277.721
1388,11370496,4.68528,0.000995413,0.728269,43552.1,277.91
1389,11378688,4.96865,0.000995403,0.690549,43064.9,278.1
1390,11386880,4.84491,0.000995392,0.70777,39186.4,278.309
1391,11395072,4.7337,0.000995382,0.636062,36850.5,278.531
1392,11403264,4.91916,0.000995372,0.669451,42799.6,278.723
1393,11411456,5.05931,0.000995361,0.691244,43403.7,278.911
1394,11419648,4.77603,0.000995351,0.66713,42807.8,279.103
1395,11427840,4.78842,0.000995341,0.64233,40315.3,279.306
1396,11436032,4.94207,0.00099533,0.678358,39794.5,279.512
1397,11444224,4.89449,0.00099532,0.631939,42527.8,279.704
1398,11452416,4.8691,0.000995309,0.686187,43579.4,279.892
1399,11460608,4.83036,0.000995299,0.654496,43597.4,280.08
1400,11468800,4.94345,0.000995288,0.639108,42129.9,280.275
1401,11476992,4.76461,0.000995278,0.757665,41709.9,280.471
1402,11485184,4.92324,0.000995267,0.613811,44539.1,280.655
1403,11493376,4.76537,0.000995257,0.695432,44855,280.838
1404,11501568,4.71651,0.000995246,0.653441,44903.3,281.02
1405,11509760,4.91153,0.000995236,0.640205,37633.4,281.238
1406,11517952,4.92072,0.000995225,0.717537,36716.3,281.461
1407,11526144,4.8775,0.000995215,0.671507,42939,281.652
1408,11534336,4.85785,0.000995204,0.642621,43325.9,281.841
1409,11542528,4.97571,0.000995194,0.672332,44061.3,282.027
1410,11550720,4.81958,0.000995183,0.649386,39123.7,282.236
1411,11558912,4.768,0.000995173,0.670962,35560.1,282.466
1412,11567104,4.98708,0.000995162,0.769766,42580.9,282.659
1413,11575296,4.89349,0.000995151,0.675215,43282.4,282.848
1414,11583488,4.78288,0.000995141,0.632449,43823,283.035
1415,11591680,4.90063,0.00099513,0.629841,39780.4,283.241
1416,11599872,4.95891,0.000995119,0.702013,38954.3,283.451
1417,11608064,4.7572,0.000995109,0.672506,41030.2,283.651
1418,11616256,4.91811,0.000995098,0.643857,42952.4,283.842
1419,11624448,4.98926,0.000995087,0.671204,43031.4,284.032
1420,11632640,4.948,0.000995077,0.719778,39287,284.24
1421,11640832,4.65293,0.000995066,0.630972,36491.5,284.465
1422,11649024,5.07713,0.000995055,0.63397,40672.6,284.666
1423,11657216,4.74298,0.000995045,0.663691,42509.8,284.859
1424,11665408,4.83638,0.000995034,0.643131,42898.2,285.05
1425,11673600,4.69761,0.000995023,0.684444,40208.9,285.254
1426,11681792,4.9368,0.000995012,0.653286,43048.9,285.444
1427,11689984,4.86648,0.000995002,0.620803,43643.4,285.632
1428,11698176,4.75997,0.000994991,0.699917,43769.1,285.819
1429,11706368,4.71983,0.00099498,0.667682,43904.1,286.006
1430,11714560,4.8409,0.000994969,0.665796,36801.8,286.228
1431,11722752,4.78161,0.000994958,0.617171,34918.3,286.463
1432,11730944,4.73703,0.000994948,0.694777,42757.7,286.654
1433,11739136,4.9246,0.000994937,0.656387,43095.4,286.844
1434,11747328,4.87735,0.000994926,0.684579,42709.8,287.036
1435,11755520,4.93411,0.000994915,0.651558,36461.6,287.261
1436,11763712,4.87874,0.000994904,0.719211,36567.6,287.485
1437,11771904,4.97583,0.000994893,0.66164,41031.3,287.685
1438,11780096,4.75299,0.000994882,0.639234,42222.9,287.879
1439,11788288,5.02208,0.000994871,0.664594,41665.5,288.075
1440,11796480,4.83196,0.000994861,0.63558,37665.8,288.293
1441,11804672,4.66311,0.00099485,0.6598,35825.9,288.521
1442,11812864,5.12589,0.000994839,0.685194,40413.1,288.724
1443,11821056,4.86528,0.000994828,0.652775,42852.1,288.915
1444,11829248,4.76243,0.000994817,0.720787,41894.8,289.111
1445,11837440,4.89654,0.000994806,0.70751,36873.1,289.333
1446,11845632,4.69734,0.000994795,0.649303,34422.7,289.571
1447,11853824,4.8272,0.000994784,0.67819,36976.7,289.792
1448,11862016,4.88985,0.000994773,0.67013,39595.5,289.999
1449,11870208,4.81077,0.000994762,0.67233,40302.1,290.203
1450,11878400,4.77469,0.000994751,0.696417,38942.8,290.413
1451,11886592,4.89568,0.00099474,0.666521,39682.5,290.619
1452,11894784,5.05494,0.000994729,0.68636,43222,290.809
1453,11902976,4.80409,0.000994718,0.587787,42768.1,291
1454,11911168,4.82025,0.000994706,0.67472,42814,291.192
1455,11919360,4.89086,0.000994695,0.67002,34594.3,291.429
1456,11927552,4.9479,0.000994684,0.613375,37932.1,291.645
1457,11935744,4.95664,0.000994673,0.621318,42538.5,291.837
1458,11943936,4.92972,0.000994662,0.639,43233.5,292.027
1459,11952128,4.74065,0.000994651,0.668997,43833.5,292.214
1460,11960320,5.06614,0.00099464,0.688515,38288,292.427
1461,11968512,4.88415,0.000994629,0.647606,35819.6,292.656
1462,11976704,5.03581,0.000994617,0.930382,42239,292.85
1463,11984896,4.92853,0.000994606,0.624559,43612.4,293.038
1464,11993088,4.53594,0.000994595,2.04758,43227,293.227
1465,12001280,4.81288,0.000994584,0.702293,40131.6,293.432
1466,12009472,4.89593,0.000994573,0.647934,38293.2,293.646
1467,12017664,4.91989,0.000994561,0.64361,41756.5,293.842
1468,12025856,4.80328,0.00099455,0.662928,43346.5,294.031
1469,12034048,4.88222,0.000994539,0.615945,43318.4,294.22
1470,12042240,4.83777,0.000994528,0.720853,41137.5,294.419
1471,12050432,4.89642,0.000994516,0.700057,37212.9,294.639
1472,12058624,4.76067,0.000994505,0.656231,41641.1,294.836
1473,12066816,4.90622,0.000994494,0.662739,43183.9,295.026
1474,12075008,4.81966,0.000994482,0.631034,43810.5,295.213
1475,12083200,5.00695,0.000994471,0.666302,42486.4,295.405
1476,12091392,4.83934,0.00099446,0.654813,44721,295.589
1477,12099584,4.72092,0.000994448,0.640899,44049.1,295.774
1478,12107776,4.92211,0.000994437,0.660679,44482.9,295.959
1479,12115968,4.78628,0.000994426,0.674408,44222.9,296.144
1480,12124160,4.83895,0.000994414,0.619581,37059.9,296.365
1481,12132352,4.8546,0.000994403,0.671437,35894.6,296.593
1482,12140544,4.92849,0.000994391,0.63458,43965.5,296.779
1483,12148736,4.73206,0.00099438,0.670075,44408.2,296.964
1484,12156928,4.81311,0.000994369,0.639421,43530.4,297.152
1485,12165120,4.94452,0.000994357,0.653885,39634.2,297.359
1486,12173312,4.87015,0.000994346,0.703276,38678,297.571
1487,12181504,4.63042,0.000994334,0.68675,43264.6,297.76
1488,12189696,5.0111,0.000994323,0.645153,43659.6,297.948
1489,12197888,4.82857,0.000994311,0.728059,43739.7,298.135
1490,12206080,4.83536,0.0009943,0.735112,40519.4,298.337
1491,12214272,5.10816,0.000994288,0.721318,37588,298.555
1492,12222464,4.90244,0.000994277,0.734147,43852.7,298.742
1493,12230656,4.86803,0.000994265,0.746517,44407.9,298.926
1494,12238848,4.51791,0.000994254,0.726819,43844.6,299.113
1495,12247040,4.76778,0.000994242,0.685662,42240.2,299.307
1496,12255232,4.73558,0.000994231,0.660299,40942.3,299.507
1497,12263424,4.9569,0.000994219,0.678905,42700.7,299.699
1498,12271616,4.78219,0.000994207,0.675954,44410.4,299.883
1499,12279808,4.78814,0.000994196,0.662702,44377,300.068
1500,12288000,4.88697,0.000994184,0.672215,43365,300.257
1501,12296192,4.84395,0.000994173,0.68006,42061,300.452
1502,12304384,4.82094,0.000994161,0.668591,45125.3,300.633
1503,12312576,4.69147,0.000994149,0.676717,44841.7,300.816
1504,12320768,4.97084,0.000994138,0.647446,44898.6,300.998
1505,12328960,4.87836,0.000994126,0.696122,37927.1,301.214
1506,12337152,5.02356,0.000994114,0.680743,38522.9,301.427
1507,12345344,4.89461,0.000994103,0.65277,43895.4,301.614
1508,12353536,4.74393,0.000994091,0.641673,44392.3,301.798
1509,12361728,4.79119,0.000994079,0.665793,44578.4,301.982
1510,12369920,4.89726,0.000994067,0.629514,39734.2,302.188
1511,12378112,4.7708,0.000994056,0.589115,36868.6,302.41
1512,12386304,4.73017,0.000994044,0.767141,44198.2,302.596
1513,12394496,4.76286,0.000994032,0.638925,44349.2,302.78
1514,12402688,4.92748,0.00099402,0.69731,44792.4,302.963
1515,12410880,4.64813,0.000994009,0.669536,42239.9,303.157
1516,12419072,4.82648,0.000993997,0.655538,40056.6,303.362
1517,12427264,4.79845,0.000993985,0.68886,42456.3,303.555
1518,12435456,4.73256,0.000993973,0.697768,44549.7,303.739
1519,12443648,4.50422,0.000993961,0.611963,45017.7,303.921
1520,12451840,4.69628,0.00099395,0.697976,44159.2,304.106
1521,12460032,4.93776,0.000993938,0.717962,39387.9,304.314
1522,12468224,4.98368,0.000993926,0.653627,42529.8,304.507
1523,12476416,4.95426,0.000993914,0.648506,43837,304.694
1524,12484608,4.60768,0.000993902,0.657431,44756.8,304.877
1525,12492800,4.84754,0.00099389,0.636962,44728.7,305.06
1526,12500992,4.92944,0.000993878,0.621491,44550.5,305.244
1527,12509184,4.90557,0.000993866,0.670164,45277.7,305.425
1528,12517376,4.84494,0.000993854,0.69841,44872.8,305.607
1529,12525568,4.82184,0.000993842,0.814742,44293.9,305.792
1530,12533760,4.94278,0.000993831,0.767505,38761.6,306.003
1531,12541952,4.78746,0.000993819,0.684788,36040.6,306.231
1532,12550144,4.68171,0.000993807,0.674076,44776.5,306.414
1533,12558336,4.89133,0.000993795,0.683336,44932.9,306.596
1534,12566528,4.56115,0.000993783,0.667437,44420.9,306.78
1535,12574720,4.65329,0.000993771,0.646997,40913.1,306.981
1536,12582912,4.58828,0.000993759,0.780879,37930.3,307.197
1537,12591104,4.86118,0.000993746,0.771833,42998.7,307.387
1538,12599296,4.61046,0.000993734,0.633529,43798.2,307.574
1539,12607488,4.79218,0.000993722,0.707825,44004.4,307.76
1540,12615680,4.80057,0.00099371,0.667353,41170.4,307.959
1541,12623872,4.91479,0.000993698,0.685031,36476.6,308.184
1542,12632064,4.97473,0.000993686,0.710508,41949.8,308.379
1543,12640256,4.96987,0.000993674,0.674397,43845.6,308.566
1544,12648448,4.95773,0.000993662,0.677759,43640.8,308.754
1545,12656640,4.81664,0.00099365,0.670604,41477.9,308.951
1546,12664832,4.82729,0.000993638,0.652979,39943.6,309.156
1547,12673024,4.8945,0.000993625,0.646733,41959,309.352
1548,12681216,4.86404,0.000993613,0.627522,43699.2,309.539
1549,12689408,4.8124,0.000993601,0.661431,44568.2,309.723
1550,12697600,4.78849,0.000993589,0.685696,43689.5,309.91
1551,12705792,4.84307,0.000993577,0.673689,41908.5,310.106
1552,12713984,4.95528,0.000993565,0.712262,45247.7,310.287
1553,12722176,4.86777,0.000993552,0.699585,45061.3,310.469
1554,12730368,4.84844,0.00099354,0.690609,44948.3,310.651
1555,12738560,4.65626,0.000993528,0.656578,37932.3,310.867
1556,12746752,4.85578,0.000993516,0.68702,37357.5,311.086
1557,12754944,4.9034,0.000993503,0.631492,43431.5,311.275
1558,12763136,4.78849,0.000993491,0.665296,43854.8,311.462
1559,12771328,4.77259,0.000993479,0.624482,44233.6,311.647
1560,12779520,4.82176,0.000993466,0.628983,39726.9,311.853
1561,12787712,4.78664,0.000993454,0.702211,35557.1,312.083
1562,12795904,4.74664,0.000993442,0.667573,43238.8,312.273
1563,12804096,4.77359,0.000993429,0.697841,43673.1,312.46
1564,12812288,4.83323,0.000993417,0.700554,43796.6,312.647
1565,12820480,4.82983,0.000993405,0.668505,40631.7,312.849
1566,12828672,4.6206,0.000993392,0.69104,38853.5,313.06
1567,12836864,4.8447,0.00099338,0.706708,41599.4,313.257
1568,12845056,4.84299,0.000993368,0.711833,43499.3,313.445
1569,12853248,4.73561,0.000993355,0.687099,43024.8,313.636
1570,12861440,4.93627,0.000993343,0.715536,42102.2,313.83
1571,12869632,4.74318,0.00099333,0.634639,37592.1,314.048
1572,12877824,4.77604,0.000993318,0.701057,41794.1,314.244
1573,12886016,4.78077,0.000993305,0.605478,43517.1,314.432
1574,12894208,4.7626,0.000993293,0.682622,44329.7,314.617
1575,12902400,4.83079,0.00099328,0.660715,44040,314.803
1576,12910592,4.92388,0.000993268,0.72644,44413.6,314.988
1577,12918784,4.68371,0.000993256,0.687639,45519.4,315.168
1578,12926976,4.58775,0.000993243,0.668614,45331,315.348
1579,12935168,4.85497,0.00099323,0.668376,45479.4,315.528
1580,12943360,4.78086,0.000993218,0.659597,39917.4,315.734
1581,12951552,4.93819,0.000993205,0.725258,36017.6,315.961
1582,12959744,4.84212,0.000993193,0.644895,44135.4,316.147
1583,12967936,4.91157,0.00099318,0.639268,44883,316.329
1584,12976128,4.6641,0.000993168,0.63989,44820.8,316.512
1585,12984320,4.9206,0.000993155,0.637617,41893.7,316.707
1586,12992512,4.6726,0.000993142,0.658293,39065.4,316.917
1587,13000704,4.78681,0.00099313,0.631646,42646.9,317.109
1588,13008896,4.70407,0.000993117,0.639832,44589,317.293
1589,13017088,4.61728,0.000993105,0.656312,44566.3,317.477
1590,13025280,4.75443,0.000993092,0.65475,42825.7,317.668
1591,13033472,4.98215,0.000993079,0.713748,37731.1,317.885
1592,13041664,4.89575,0.000993067,0.734502,41654,318.082
1593,13049856,4.65575,0.000993054,0.766676,43261.3,318.271
1594,13058048,4.76735,0.000993041,0.673234,44288.6,318.456
1595,13066240,4.71872,0.000993029,0.599762,43887.4,318.643
1596,13074432,4.61854,0.000993016,0.709991,42246.9,318.837
1597,13082624,4.69969,0.000993003,0.680409,42472.7,319.03
1598,13090816,4.60849,0.00099299,0.695738,43706.7,319.217
1599,13099008,4.83571,0.000992978,0.660205,44524.6,319.401
1600,13107200,4.95234,0.000992965,0.672112,44848.2,319.584
1601,13115392,4.68213,0.000992952,0.683601,42578.6,319.776
1602,13123584,4.77849,0.000992939,0.718425,46289.1,319.953
1603,13131776,4.79028,0.000992926,0.715284,45632,320.133
1604,13139968,4.71145,0.000992914,0.718726,45766,320.312
1605,13148160,4.64171,0.000992901,0.681371,39566.4,320.519
1606,13156352,4.69922,0.000992888,0.759065,37620.2,320.736
1607,13164544,4.87736,0.000992875,0.676716,44057.2,320.922
1608,13172736,4.81392,0.000992862,0.788842,44788.3,321.105
1609,13180928,4.8035,0.000992849,0.668702,45236.1,321.286
1610,13189120,4.86519,0.000992837,0.631566,41344.6,321.484
1611,13197312,4.74025,0.000992824,0.712751,36694.5,321.708
1612,13205504,4.6557,0.000992811,0.669472,43108.5,321.898
1613,13213696,4.81677,0.000992798,0.649792,43837.7,322.085
1614,13221888,4.82024,0.000992785,0.690582,44501,322.269
1615,13230080,4.85337,0.000992772,0.644183,42402.1,322.462
1616,13238272,4.83867,0.000992759,0.676141,39378.3,322.67
1617,13246464,4.8503,0.000992746,0.642242,42066.9,322.865
1618,13254656,4.86608,0.000992733,0.635219,43566.4,323.053
1619,13262848,4.70606,0.00099272,0.704896,44599.8,323.236
1620,13271040,4.90287,0.000992707,0.669534,43229.4,323.426
1621,13279232,4.82505,0.000992694,0.725138,38314.1,323.64
1622,13287424,4.56123,0.000992681,0.684935,42462.5,323.833
1623,13295616,4.872,0.000992668,0.691787,43656.3,324.02
1624,13303808,4.78888,0.000992655,0.67871,44727.7,324.203
1625,13312000,4.6544,0.000992642,0.749303,44364.6,324.388
1626,13320192,4.79752,0.000992629,0.627976,44627.3,324.572
1627,13328384,4.85433,0.000992616,0.766569,45549.5,324.752
1628,13336576,4.74465,0.000992603,0.680591,45107,324.933
1629,13344768,4.80142,0.00099259,0.650505,44904.8,325.116
1630,13352960,4.67442,0.000992577,0.722879,38819.7,325.327
1631,13361152,4.75914,0.000992563,0.64992,35301.6,325.559
1632,13369344,4.54932,0.00099255,0.7244,44457.7,325.743
1633,13377536,4.67384,0.000992537,0.712973,44573.9,325.927
1634,13385728,4.70947,0.000992524,0.657671,44284.1,326.112
1635,13393920,4.81853,0.000992511,0.658899,40972.4,326.312
1636,13402112,4.78784,0.000992498,0.636253,38239.4,326.526
1637,13410304,4.73421,0.000992485,0.678189,42769.2,326.717
1638,13418496,4.76441,0.000992471,0.639321,44284.1,326.902
1639,13426688,4.65377,0.000992458,0.657394,44812.1,327.085
1640,13434880,5.05718,0.000992445,0.700316,41718.7,327.282
1641,13443072,4.83261,0.000992432,0.649346,37336.9,327.501
1642,13451264,4.75358,0.000992418,0.663088,42876.5,327.692
1643,13459456,4.60483,0.000992405,0.699701,44169.7,327.877
1644,13467648,4.75142,0.000992392,0.612785,44229.9,328.063
1645,13475840,4.8467,0.000992379,0.696545,42518.8,328.255
1646,13484032,4.86936,0.000992365,0.67854,40327.4,328.459
1647,13492224,5.00601,0.000992352,0.696672,42003.9,328.654
1648,13500416,4.78592,0.000992339,0.665751,44134.9,328.839
1649,13508608,4.87904,0.000992325,0.657893,44842.9,329.022
1650,13516800,4.76437,0.000992312,0.654367,44445,329.206
1651,13524992,5.00696,0.000992299,0.659511,42011.2,329.401
1652,13533184,4.89827,0.000992285,0.664335,45074.3,329.583
1653,13541376,4.78228,0.000992272,0.636114,44803.5,329.766
1654,13549568,4.68975,0.000992259,0.654816,44692,329.949
1655,13557760,4.75582,0.000992245,0.685686,37586.8,330.167
1656,13565952,4.85664,0.000992232,0.655182,38509.2,330.38
1657,13574144,4.80188,0.000992218,0.712732,44357.1,330.564
1658,13582336,4.76736,0.000992205,0.633626,44212.7,330.75
1659,13590528,4.61363,0.000992191,0.679577,44262,330.935
1660,13598720,4.71304,0.000992178,0.664305,39522.1,331.142
1661,13606912,4.45646,0.000992165,0.669971,36805.2,331.365
1662,13615104,4.8254,0.000992151,0.703569,44125.9,331.55
1663,13623296,4.83574,0.000992138,0.6828,44218.9,331.736
1664,13631488,4.95092,0.000992124,0.647011,43897.3,331.922
1665,13639680,4.70357,0.000992111,0.660685,40847.9,332.123
1666,13647872,4.70343,0.000992097,0.650414,38989.1,332.333
1667,13656064,4.71297,0.000992084,0.63869,43268.9,332.522
1668,13664256,4.80425,0.00099207,0.686507,44297.8,332.707
1669,13672448,4.89071,0.000992056,0.660303,44102.9,332.893
1670,13680640,4.6445,0.000992043,0.664073,43092.7,333.083
1671,13688832,4.95201,0.000992029,0.654763,38056,333.298
1672,13697024,4.73705,0.000992016,0.693475,43360.9,333.487
1673,13705216,4.73004,0.000992002,0.628105,44052.1,333.673
1674,13713408,4.64353,0.000991988,0.7072,44199.8,333.858
1675,13721600,4.78175,0.000991975,0.625445,43618.2,334.046
1676,13729792,4.739,0.000991961,0.634858,43909.9,334.233
1677,13737984,4.8177,0.000991948,0.638366,45207.2,334.414
1678,13746176,4.86506,0.000991934,0.640828,44613.1,334.598
1679,13754368,4.81117,0.00099192,0.661069,44462.1,334.782
1680,13762560,4.70554,0.000991907,0.640797,37340.3,335.001
1681,13770752,4.74454,0.000991893,0.686933,35209.4,335.234
1682,13778944,4.76647,0.000991879,0.67502,43679.3,335.421
1683,13787136,4.73733,0.000991865,0.692279,44305.7,335.606
1684,13795328,4.61077,0.000991852,0.654974,44432,335.791
1685,13803520,4.84789,0.000991838,0.65891,40110.7,335.995
1686,13811712,4.80206,0.000991824,0.652593,38674.7,336.207
1687,13819904,4.67049,0.00099181,0.688052,42832.4,336.398
1688,13828096,4.86003,0.000991797,0.654278,44308.8,336.583
1689,13836288,4.79855,0.000991783,0.633096,44449.6,336.767
1690,13844480,4.94524,0.000991769,0.702984,42108.7,336.962
1691,13852672,4.73904,0.000991755,0.66023,37303.9,337.181
1692,13860864,4.77334,0.000991741,0.696432,42089.2,337.376
1693,13869056,4.78761,0.000991728,0.682068,43974,337.562
1694,13877248,4.64922,0.000991714,0.670093,44757.5,337.745
1695,13885440,4.8258,0.0009917,0.689978,43621.2,337.933
1696,13893632,4.60088,0.000991686,0.656146,41791.6,338.129
1697,13901824,4.81901,0.000991672,0.71631,42193.6,338.323
1698,13910016,4.73668,0.000991658,0.694179,43589.9,338.511
1699,13918208,4.82423,0.000991644,0.643027,44435,338.696
1700,13926400,4.82871,0.00099163,0.685784,44326,338.88
1701,13934592,4.68895,0.000991617,0.679229,40746,339.081
1702,13942784,4.71286,0.000991603,0.666108,44164.6,339.267
1703,13950976,4.68997,0.000991589,0.705703,44270,339.452
1704,13959168,4.69152,0.000991575,0.720094,43932.2,339.638
1705,13967360,4.77088,0.000991561,0.64529,35528.3,339.869
1706,13975552,4.62148,0.000991547,0.681112,36611.3,340.093
1707,13983744,4.64203,0.000991533,0.680213,42180.8,340.287
1708,13991936,4.79883,0.000991519,0.61533,43700.4,340.474
1709,14000128,4.5831,0.000991505,0.665193,43133.5,340.664
1710,14008320,4.64795,0.000991491,0.643444,38326.3,340.878
1711,14016512,4.82456,0.000991477,0.646248,36128.6,341.105
1712,14024704,4.90477,0.000991463,0.698195,42814.5,341.296
1713,14032896,4.92554,0.000991449,0.687753,43910.7,341.483
1714,14041088,4.5841,0.000991435,0.696242,43887.4,341.669
1715,14049280,4.729,0.00099142,0.648487,41348.6,341.868
1716,14057472,4.72756,0.000991406,0.663434,39122.8,342.077
1717,14065664,4.68805,0.000991392,0.715303,42279.4,342.271
1718,14073856,4.69023,0.000991378,0.647924,43599.7,342.459
1719,14082048,4.66013,0.000991364,0.660214,44036.4,342.645
1720,14090240,4.7598,0.00099135,0.692827,42563.5,342.837
1721,14098432,4.56588,0.000991336,0.682303,37674.6,343.055
1722,14106624,4.48103,0.000991322,0.725529,42357.8,343.248
1723,14114816,4.87249,0.000991307,0.70269,43560.1,343.436
1724,14123008,4.76807,0.000991293,0.646615,43680,343.624
1725,14131200,4.45683,0.000991279,0.67504,43078.6,343.814
1726,14139392,4.80944,0.000991265,0.68921,43593.4,344.002
1727,14147584,4.74392,0.000991251,0.674948,44900.6,344.184
1728,14155776,4.884,0.000991236,0.634866,44539.9,344.368
1729,14163968,4.76437,0.000991222,0.658589,44628.6,344.552
1730,14172160,4.91792,0.000991208,0.638662,37475.9,344.77
1731,14180352,4.72709,0.000991194,0.664969,35494,345.001
1732,14188544,4.80955,0.000991179,0.660661,44201.2,345.186
1733,14196736,4.80233,0.000991165,0.68968,44521,345.37
1734,14204928,4.73564,0.000991151,0.654413,44158.9,345.556
1735,14213120,4.62932,0.000991136,0.692213,38889.3,345.766
1736,14221312,4.55056,0.000991122,0.631553,37346.4,345.986
1737,14229504,4.5867,0.000991108,0.639682,43187.4,346.175
1738,14237696,4.89825,0.000991093,0.687665,43597.6,346.363
1739,14245888,4.78712,0.000991079,0.671608,42983.8,346.554
1740,14254080,4.98526,0.000991065,0.704267,38856,346.765
1741,14262272,4.84591,0.00099105,0.657759,35769.3,346.994
1742,14270464,4.68946,0.000991036,0.713378,42818.5,347.185
1743,14278656,4.64088,0.000991021,0.64524,43632.7,347.373
1744,14286848,4.57259,0.000991007,0.631073,43672.3,347.56
1745,14295040,4.76399,0.000990993,0.653112,41809,347.756
1746,14303232,4.64694,0.000990978,0.690114,40285.9,347.96
1747,14311424,4.57291,0.000990964,0.709382,42665.1,348.152
1748,14319616,4.58641,0.000990949,0.681555,44307.5,348.337
1749,14327808,4.76238,0.000990935,0.676913,44103.3,348.522
1750,14336000,4.61979,0.00099092,0.690184,42872.5,348.713
1751,14344192,4.75227,0.000990906,0.711457,41426.1,348.911
1752,14352384,4.64203,0.000990891,0.650748,44732.5,349.094
1753,14360576,4.57438,0.000990877,0.646314,44540.7,349.278
1754,14368768,4.56856,0.000990862,0.716642,44741.9,349.461
1755,14376960,4.793,0.000990848,0.693203,37677.2,349.679
1756,14385152,4.93003,0.000990833,0.677083,37745.8,349.896
1757,14393344,4.74571,0.000990819,0.686534,43287.2,350.085
1758,14401536,4.62707,0.000990804,0.675106,44104.4,350.271
1759,14409728,4.88062,0.000990789,0.691506,44290.7,350.456
1760,14417920,4.7149,0.000990775,0.65775,39116.6,350.665
1761,14426112,4.56195,0.00099076,0.70887,35670.5,350.895
1762,14434304,4.58805,0.000990746,0.627343,42923.8,351.086
1763,14442496,4.59418,0.000990731,0.677927,43432.1,351.274
1764,14450688,4.88871,0.000990716,0.690895,43797.1,351.461
1765,14458880,4.71009,0.000990702,0.668206,40228.6,351.665
1766,14467072,4.75571,0.000990687,0.668403,38695.5,351.877
1767,14475264,4.7793,0.000990672,0.75316,42135,352.071
1768,14483456,4.78578,0.000990658,0.653846,43586.5,352.259
1769,14491648,4.70753,0.000990643,0.675362,43972.4,352.445
1770,14499840,4.71948,0.000990628,0.728878,41821.9,352.641
1771,14508032,4.65506,0.000990613,0.706094,37658.3,352.859
1772,14516224,4.70206,0.000990599,0.680282,43119.6,353.049
1773,14524416,4.64718,0.000990584,0.658017,43847.5,353.236
1774,14532608,4.79726,0.000990569,0.733107,44144.9,353.421
1775,14540800,4.7578,0.000990554,0.677201,42794.2,353.613
1776,14548992,4.83514,0.00099054,0.660566,44010.3,353.799
1777,14557184,4.66848,0.000990525,0.702137,44768.6,353.982
1778,14565376,4.80184,0.00099051,0.671295,44651.3,354.165
1779,14573568,4.77271,0.000990495,0.632728,44447,354.349
1780,14581760,4.65604,0.00099048,0.67154,37276.2,354.569
1781,14589952,4.63629,0.000990466,0.662727,35908.7,354.797
1782,14598144,4.53413,0.000990451,0.704045,44315.2,354.982
1783,14606336,4.50846,0.000990436,0.672285,44261.1,355.167
1784,14614528,4.763,0.000990421,0.666845,43649.3,355.355
1785,14622720,4.81173,0.000990406,0.721932,38353,355.569
1786,14630912,4.87413,0.000990391,0.65432,38705.4,355.78
1787,14639104,4.73749,0.000990376,0.662456,43151.7,355.97
1788,14647296,4.67717,0.000990361,0.670975,43769,356.157
1789,14655488,4.70753,0.000990346,0.66547,43729.4,356.345
1790,14663680,4.64509,0.000990332,0.638048,39346.1,356.553
1791,14671872,4.71451,0.000990317,0.654586,36651.8,356.776
1792,14680064,4.8405,0.000990302,0.668386,43020.5,356.967
1793,14688256,4.56801,0.000990287,0.672651,43557,357.155
1794,14696448,4.7037,0.000990272,0.726637,43965.7,357.341
1795,14704640,4.80128,0.000990257,0.756738,42595.7,357.533
1796,14712832,4.64397,0.000990242,0.662183,41228.5,357.732
1797,14721024,4.78556,0.000990227,0.74556,42511.8,357.925
1798,14729216,4.63052,0.000990212,0.666321,43615.6,358.113
1799,14737408,4.71087,0.000990197,0.655621,44464.3,358.297
1800,14745600,4.71426,0.000990181,0.704583,43575.8,358.485
1801,14753792,4.67969,0.000990166,0.652102,42620.2,358.677
1802,14761984,4.68402,0.000990151,0.677693,45174.8,358.858
1803,14770176,4.69737,0.000990136,0.684044,44772.2,359.041
1804,14778368,4.78281,0.000990121,0.643541,44598.7,359.225
1805,14786560,4.56865,0.000990106,0.693115,37614.7,359.443
1806,14794752,4.76532,0.000990091,0.65589,38208.9,359.657
1807,14802944,4.73365,0.000990076,0.73196,43784.4,359.844
1808,14811136,4.75819,0.000990061,0.684628,44609.5,360.028
1809,14819328,4.71816,0.000990045,0.685894,44329.2,360.213
1810,14827520,4.77482,0.00099003,0.712625,41059.5,360.412
1811,14835712,4.77376,0.000990015,0.676342,35799.3,360.641
1812,14843904,4.72002,0.00099,0.685373,43337.9,360.83
1813,14852096,4.55284,0.000989985,0.683039,44192.6,361.016
1814,14860288,4.46558,0.00098997,0.721483,44292.2,361.201
1815,14868480,4.74678,0.000989954,0.666913,41868.9,361.396
1816,14876672,4.62938,0.000989939,0.695422,38979.8,361.606
1817,14884864,4.73425,0.000989924,0.658575,42666.6,361.798
1818,14893056,4.70549,0.000989909,0.695651,43396.6,361.987
1819,14901248,4.63802,0.000989893,0.626853,43889.8,362.174
1820,14909440,4.74327,0.000989878,0.750821,42546,362.366
1821,14917632,4.62868,0.000989863,0.678822,37364.1,362.586
1822,14925824,4.77634,0.000989847,0.712505,42433.7,362.779
1823,14934016,4.47614,0.000989832,0.645157,43594.4,362.967
1824,14942208,4.75544,0.000989817,0.675556,43885.1,363.153
1825,14950400,4.53943,0.000989801,0.621073,43431.3,363.342
1826,14958592,4.74043,0.000989786,0.685397,43260.2,363.531
1827,14966784,4.66215,0.000989771,0.6795,43893.7,363.718
1828,14974976,4.5079,0.000989755,0.644449,44010.9,363.904
1829,14983168,4.64732,0.00098974,0.67976,43767.7,364.091
1830,14991360,4.65542,0.000989724,0.641025,36787.3,364.314
1831,14999552,4.81839,0.000989709,0.665032,35393.6,364.545
1832,15007744,4.68352,0.000989694,0.66526,43595.2,364.733
1833,15015936,4.53662,0.000989678,0.644765,44144.4,364.919
1834,15024128,4.73393,0.000989663,0.682869,43820,365.106
1835,15032320,4.5329,0.000989647,0.622329,38411.9,365.319
1836,15040512,4.61072,0.000989632,0.676055,38219.6,365.533
1837,15048704,4.29526,0.000989616,0.620836,43038.5,365.724
1838,15056896,4.91603,0.000989601,0.671257,43916,365.91
1839,15065088,4.43175,0.000989585,0.660809,43668,366.098
1840,15073280,4.60819,0.00098957,0.683538,40311.1,366.301
1841,15081472,4.60219,0.000989554,0.704597,37044.5,366.522
1842,15089664,4.69121,0.000989539,0.682255,43609.8,366.71
1843,15097856,4.66297,0.000989523,0.634379,44482.3,366.894
1844,15106048,4.64867,0.000989508,0.672559,44476.4,367.078
1845,15114240,4.56498,0.000989492,0.713904,42190.2,367.272
1846,15122432,4.71171,0.000989477,0.656686,40506,367.475
1847,15130624,4.8384,0.000989461,0.641719,42223.6,367.669
1848,15138816,4.74379,0.000989445,0.708865,44308.6,367.854
1849,15147008,4.63991,0.00098943,0.646336,44503.7,368.038
1850,15155200,4.74906,0.000989414,0.730926,43921.4,368.224
1851,15163392,4.6181,0.000989398,0.701828,42446.9,368.417
1852,15171584,4.70103,0.000989383,0.72278,45331.2,368.598
1853,15179776,4.66013,0.000989367,0.653894,45069.4,368.78
1854,15187968,4.64006,0.000989352,0.713462,44826.4,368.962
1855,15196160,4.69928,0.000989336,0.655822,38803.1,369.174
1856,15204352,4.57245,0.00098932,0.645521,37874.4,369.39
1857,15212544,4.68246,0.000989304,0.693245,44017.6,369.576
1858,15220736,4.79691,0.000989289,0.686831,44790.2,369.759
1859,15228928,4.60396,0.000989273,0.691643,44575.9,369.943
1860,15237120,4.6981,0.000989257,0.76292,40601.8,370.144
1861,15245312,4.63815,0.000989241,0.715529,35998.8,370.372
1862,15253504,4.72314,0.000989226,0.695736,42710.8,370.564
1863,15261696,4.69096,0.00098921,0.656518,44535.8,370.748
1864,15269888,4.46923,0.000989194,0.687819,43942.1,370.934
1865,15278080,4.79034,0.000989178,0.764966,42015.9,371.129
1866,15286272,4.71174,0.000989163,0.72675,39159.5,371.338
1867,15294464,4.63556,0.000989147,0.75241,41569.4,371.535
1868,15302656,4.79771,0.000989131,0.711704,43742.6,371.723
1869,15310848,4.7272,0.000989115,0.671167,44831.1,371.905
1870,15319040,4.7795,0.000989099,0.677294,43622.2,372.093
1871,15327232,4.63093,0.000989083,0.686713,37943.5,372.309
1872,15335424,4.67452,0.000989067,0.680383,42350,372.503
1873,15343616,4.39937,0.000989052,0.665477,43851.2,372.689
1874,15351808,4.5592,0.000989036,0.649271,44541.9,372.873
1875,15360000,4.68313,0.00098902,0.7084,44412.2,373.058
1876,15368192,4.6103,0.000989004,0.678962,43979.9,373.244
1877,15376384,4.78146,0.000988988,0.686849,44869.7,373.427
1878,15384576,4.55907,0.000988972,0.693191,44748.7,373.61
1879,15392768,4.73575,0.000988956,0.658031,44895.9,373.792
1880,15400960,4.8641,0.00098894,0.704174,38311.7,374.006
1881,15409152,4.56891,0.000988924,0.641995,35507.5,374.237
1882,15417344,4.84559,0.000988908,0.660897,44533.6,374.421
1883,15425536,4.75595,0.000988892,0.703332,44430.9,374.605
1884,15433728,4.64413,0.000988876,0.684694,44689,374.788
1885,15441920,4.79757,0.00098886,0.665414,40270.9,374.992
1886,15450112,4.67948,0.000988844,0.663394,38082.7,375.207
1887,15458304,4.4897,0.000988828,0.663284,43034.4,375.397
1888,15466496,4.70709,0.000988812,0.676071,44001.4,375.583
1889,15474688,4.69624,0.000988796,0.67898,44648.2,375.767
1890,15482880,4.58175,0.00098878,0.644344,41497.1,375.964
1891,15491072,4.68475,0.000988764,0.67648,37019.4,376.185
1892,15499264,4.79729,0.000988748,0.658816,42894.2,376.376
1893,15507456,4.64,0.000988731,0.663238,44383.8,376.561
1894,15515648,4.46733,0.000988715,0.65305,44313.3,376.746
1895,15523840,4.68939,0.000988699,0.673492,42068.7,376.941
1896,15532032,4.83967,0.000988683,0.721694,40319.8,377.144
1897,15540224,4.80079,0.000988667,0.653025,42609.3,377.336
1898,15548416,4.60396,0.000988651,0.697025,44216.9,377.521
1899,15556608,4.52656,0.000988634,0.716781,44900.6,377.704
1900,15564800,4.7203,0.000988618,0.667265,44156.7,377.889
1901,15572992,4.61706,0.000988602,0.667197,41380.4,378.087
1902,15581184,4.61574,0.000988586,0.694254,44613.1,378.271
1903,15589376,4.71093,0.00098857,0.670173,44211,378.456
1904,15597568,4.60599,0.000988553,0.655051,44130.8,378.642
1905,15605760,4.77474,0.000988537,0.705596,36197.3,378.868
1906,15613952,4.66996,0.000988521,0.763849,38007,379.084
1907,15622144,4.69635,0.000988505,0.708303,43245.8,379.273
1908,15630336,4.83971,0.000988488,0.680865,44347.4,379.458
1909,15638528,4.66137,0.000988472,0.699776,44042,379.644
1910,15646720,4.75526,0.000988456,0.7081,39192.9,379.853
1911,15654912,4.6883,0.000988439,0.703131,36983.3,380.074
1912,15663104,4.70526,0.000988423,0.707877,43478.6,380.263
1913,15671296,4.8277,0.000988407,0.662605,43919.2,380.449
1914,15679488,4.67959,0.00098839,0.711342,44001.9,380.635
1915,15687680,4.72531,0.000988374,0.659401,41058.4,380.835
1916,15695872,4.70509,0.000988358,0.695811,39335.5,381.043
1917,15704064,4.58337,0.000988341,0.704906,42519.1,381.236
1918,15712256,4.63816,0.000988325,0.694355,44021,381.422
1919,15720448,4.59657,0.000988308,0.734369,44319.8,381.607
1920,15728640,4.56983,0.000988292,0.648023,42696.7,381.799
1921,15736832,4.6676,0.000988275,0.64617,38194,382.013
1922,15745024,4.8512,0.000988259,0.661282,42317.1,382.207
1923,15753216,4.77119,0.000988243,0.663405,44145.6,382.392
1924,15761408,4.71329,0.000988226,0.733699,44329.9,382.577
1925,15769600,4.54879,0.00098821,0.667202,44721.4,382.76
1926,15777792,4.45434,0.000988193,0.663033,45408.4,382.941
1927,15785984,4.6633,0.000988177,0.706466,44564.8,383.125
1928,15794176,4.68602,0.00098816,0.636999,45138.5,383.306
1929,15802368,4.69642,0.000988144,0.638287,45119.4,383.488
1930,15810560,4.5101,0.000988127,0.678552,37826.6,383.704
1931,15818752,4.41135,0.000988111,0.668841,36499.6,383.929
1932,15826944,4.62001,0.000988094,0.651641,44270.1,384.114
1933,15835136,4.71221,0.000988077,0.689601,44696.8,384.297
1934,15843328,4.6355,0.000988061,0.668296,44658.5,384.48
1935,15851520,4.85459,0.000988044,0.68936,39860.5,384.686
1936,15859712,4.67954,0.000988028,0.658142,38512.7,384.899
1937,15867904,4.71792,0.000988011,0.639681,43423.7,385.087
1938,15876096,4.66016,0.000987994,0.707907,44585.4,385.271
1939,15884288,4.63384,0.000987978,0.647239,44536.1,385.455
1940,15892480,4.60719,0.000987961,0.674827,41816.3,385.651
1941,15900672,4.68258,0.000987944,0.698082,37366.9,385.87
1942,15908864,4.73416,0.000987928,0.700812,43050.6,386.06
1943,15917056,4.45918,0.000987911,0.692738,44102.3,386.246
1944,15925248,4.70475,0.000987894,0.687184,44945.5,386.428
1945,15933440,4.59321,0.000987878,0.679899,43559.8,386.616
1946,15941632,4.58514,0.000987861,0.734335,41568.5,386.814
1947,15949824,4.59141,0.000987844,0.756937,41625.7,387.01
1948,15958016,4.62316,0.000987827,0.650769,43832.6,387.197
1949,15966208,4.52682,0.000987811,0.746613,44828.9,387.38
1950,15974400,4.73849,0.000987794,0.688678,44524.7,387.564
1951,15982592,4.7519,0.000987777,0.707385,41440.7,387.762
1952,15990784,4.45567,0.00098776,0.659764,45037.7,387.943
1953,15998976,4.56791,0.000987744,0.703215,45069.6,388.125
1954,16007168,4.66774,0.000987727,0.656506,44384.1,388.31
1955,16015360,4.59485,0.00098771,0.656919,37009,388.531
1956,16023552,4.44505,0.000987693,0.653142,38921.9,388.742
1957,16031744,4.64238,0.000987676,0.683107,44218,388.927
1958,16039936,4.49397,0.000987659,0.662607,44404,389.111
1959,16048128,4.43531,0.000987643,0.664619,44528.2,389.295
1960,16056320,4.78089,0.000987626,0.68069,39354.4,389.504
1961,16064512,4.36839,0.000987609,0.707089,37085.6,389.724
1962,16072704,4.63969,0.000987592,0.653581,44084.4,389.91
1963,16080896,4.85966,0.000987575,0.690391,44451.6,390.095
1964,16089088,4.63374,0.000987558,0.686799,44050.8,390.281
1965,16097280,4.54965,0.000987541,0.665686,40407,390.483
1966,16105472,4.63177,0.000987524,0.672468,39061.4,390.693
1967,16113664,4.60255,0.000987507,0.660926,43028.6,390.883
1968,16121856,4.68863,0.00098749,0.684076,44359.5,391.068
1969,16130048,4.62058,0.000987473,0.676337,44175,391.253
1970,16138240,4.73811,0.000987456,0.726797,42340.9,391.447
1971,16146432,4.76432,0.000987439,0.844006,37995.4,391.663
1972,16154624,4.56319,0.000987422,0.708836,43631.2,391.85
1973,16162816,4.70155,0.000987405,0.667396,44397,392.035
1974,16171008,4.64719,0.000987388,0.674184,44711.2,392.218
1975,16179200,4.75902,0.000987371,0.684833,44229.3,392.403
1976,16187392,4.65761,0.000987354,0.6916,45264.3,392.584
1977,16195584,4.58382,0.000987337,0.662225,44732.7,392.767
1978,16203776,4.62479,0.00098732,0.734319,45113.1,392.949
1979,16211968,4.62754,0.000987303,0.675015,45226.6,393.13
1980,16220160,4.79477,0.000987286,0.685911,39019.7,393.34
1981,16228352,4.52288,0.000987269,0.679763,36425.8,393.565
1982,16236544,4.62451,0.000987251,0.675452,44538.7,393.749
1983,16244736,4.65648,0.000987234,0.637111,44942.4,393.931
1984,16252928,4.6112,0.000987217,0.653933,45316.1,394.112
1985,16261120,4.66107,0.0009872,0.677957,40563.9,394.314
1986,16269312,4.49644,0.000987183,0.634928,39056.9,394.524
1987,16277504,4.6509,0.000987166,0.666189,42853,394.715
1988,16285696,4.66591,0.000987148,0.710629,43960.2,394.901
1989,16293888,4.50976,0.000987131,0.66526,44579.2,395.085
1990,16302080,4.46943,0.000987114,0.739114,42090.6,395.28
1991,16310272,4.71871,0.000987097,0.689712,36983.7,395.501
1992,16318464,4.67646,0.00098708,0.691936,42830.4,395.692
1993,16326656,4.63151,0.000987062,0.719608,43470.7,395.881
1994,16334848,4.6428,0.000987045,0.671822,44663.4,396.064
1995,16343040,4.56509,0.000987028,0.727313,41531.7,396.261
1996,16351232,4.76089,0.00098701,0.803875,39357.5,396.47
1997,16359424,4.50013,0.000986993,0.683105,41683.4,396.666
1998,16367616,4.54019,0.000986976,0.721448,43595.7,396.854
1999,16375808,4.69208,0.000986958,0.736338,44199.8,397.039
2000,16384000,4.75665,0.000986941,0.709239,43946.9,397.226
2001,16392192,4.68393,0.000986924,0.716686,41104.7,397.425
2002,16400384,4.63053,0.000986906,0.691398,44171.6,397.61
2003,16408576,4.56308,0.000986889,0.690605,44072.9,397.796
2004,16416768,4.61851,0.000986872,0.635294,43742,397.984
2005,16424960,4.6404,0.000986854,0.659065,36010.3,398.211
2006,16433152,4.66436,0.000986837,0.753298,37285.9,398.431
2007,16441344,4.49363,0.00098682,0.635893,43328.5,398.62
2008,16449536,4.56184,0.000986802,0.728839,44134.8,398.806
2009,16457728,4.69373,0.000986785,0.762344,44448.8,398.99
2010,16465920,4.67345,0.000986767,0.666841,40044.1,399.194
2011,16474112,4.57715,0.00098675,0.680513,36353.6,399.42
2012,16482304,4.82668,0.000986732,0.724391,43099.8,399.61
2013,16490496,4.54445,0.000986715,0.699919,44403.8,399.794
2014,16498688,4.61915,0.000986697,0.669723,44227.4,399.98
2015,16506880,4.77739,0.00098668,0.708541,40990.3,400.179
2016,16515072,4.83859,0.000986662,0.758406,38894.8,400.39
2017,16523264,4.68945,0.000986645,0.742661,42198.4,400.584
2018,16531456,4.48505,0.000986627,0.686962,43990.2,400.77
2019,16539648,4.41627,0.00098661,0.634548,44041.3,400.956
2020,16547840,4.73469,0.000986592,0.700759,42145.9,401.151
2021,16556032,4.80056,0.000986575,0.72068,37634.1,401.368
2022,16564224,4.6255,0.000986557,0.694103,42683.2,401.56
2023,16572416,4.4406,0.000986539,0.673408,44302.6,401.745
2024,16580608,4.59945,0.000986522,0.702655,44362.8,401.93
2025,16588800,4.58895,0.000986504,0.652471,43872.3,402.117
2026,16596992,4.62032,0.000986487,0.6983,44478.9,402.301
2027,16605184,4.66536,0.000986469,0.675638,44490.7,402.485
2028,16613376,4.6861,0.000986451,0.668071,44931.4,402.667
2029,16621568,4.78655,0.000986434,0.749656,44718.8,402.85
2030,16629760,4.73454,0.000986416,0.742578,38852.5,403.061
2031,16637952,4.71334,0.000986398,0.75661,35416.6,403.293
2032,16646144,4.61818,0.000986381,0.683182,44286.3,403.478
2033,16654336,4.71143,0.000986363,0.649384,44718.2,403.661
2034,16662528,4.53034,0.000986345,0.669583,44708.5,403.844
2035,16670720,4.83243,0.000986327,0.706162,42140.6,404.038
2036,16678912,4.6732,0.00098631,0.721437,38307.4,404.252
2037,16687104,4.7618,0.000986292,0.715249,42842.2,404.443
2038,16695296,4.5516,0.000986274,0.712607,44424.6,404.628
2039,16703488,4.75764,0.000986256,0.694807,44586,404.812
2040,16711680,4.50656,0.000986239,0.664317,42827.7,405.003
2041,16719872,4.69962,0.000986221,0.667183,36381.5,405.228
2042,16728064,4.67786,0.000986203,0.711227,42295.6,405.422
2043,16736256,4.52501,0.000986185,0.687673,44016.4,405.608
2044,16744448,4.78117,0.000986167,0.716197,44525.6,405.792
2045,16752640,4.3514,0.000986149,0.663214,44084.7,405.978
2046,16760832,4.52867,0.000986132,0.680763,42050.1,406.172
2047,16769024,4.47554,0.000986114,0.674271,42140.2,406.367
2048,16777216,4.83426,0.000986096,0.679693,43727.6,406.554
2049,16785408,4.45994,0.000986078,0.681169,45281.8,406.735
2050,16793600,4.70563,0.00098606,0.663144,45059.3,406.917
2051,16801792,4.62299,0.000986042,0.661647,42903.1,407.108
2052,16809984,4.61612,0.000986024,0.676101,45671.5,407.287
2053,16818176,4.61221,0.000986006,0.682549,45223.2,407.468
2054,16826368,4.59649,0.000985988,0.666207,45320.2,407.649
2055,16834560,4.54324,0.00098597,0.699204,38587.6,407.861
2056,16842752,4.48746,0.000985952,0.712969,37533.5,408.08
2057,16850944,4.63722,0.000985934,0.706351,43333.9,408.269
2058,16859136,4.62216,0.000985916,0.697078,44703,408.452
2059,16867328,4.83614,0.000985898,0.751521,45088,408.634
2060,16875520,4.50979,0.00098588,0.683812,41439.7,408.831
2061,16883712,4.51849,0.000985862,0.695349,35837.3,409.06
2062,16891904,4.71475,0.000985844,0.715174,43320.5,409.249
2063,16900096,4.63207,0.000985826,0.6881,44084.1,409.435
2064,16908288,4.72368,0.000985808,0.696329,44527.9,409.619
2065,16916480,4.64115,0.00098579,0.728035,42322.4,409.812
2066,16924672,4.75171,0.000985772,0.711771,38840.2,410.023
2067,16932864,4.81198,0.000985754,0.677175,41639.5,410.22
2068,16941056,4.48866,0.000985736,0.727527,43804.5,410.407
2069,16949248,4.4975,0.000985718,0.701065,44622.3,410.591
2070,16957440,4.63326,0.0009857,0.660487,42331.5,410.784
2071,16965632,4.63792,0.000985682,0.672207,37942.1,411
2072,16973824,4.6782,0.000985663,0.681456,42647.6,411.192
2073,16982016,4.59428,0.000985645,0.782857,43523.7,411.38
2074,16990208,4.61151,0.000985627,0.69842,44568.8,411.564
2075,16998400,4.73887,0.000985609,0.711856,43452.7,411.753
2076,17006592,4.52924,0.000985591,0.729481,44208.1,411.938
2077,17014784,4.68892,0.000985573,0.683459,43524,412.126
2078,17022976,4.67647,0.000985554,0.701636,44134.8,412.312
2079,17031168,4.66082,0.000985536,0.698307,43502,412.5
2080,17039360,4.48932,0.000985518,0.718219,36394.2,412.725
2081,17047552,4.62406,0.0009855,0.650439,36111.6,412.952
2082,17055744,4.47134,0.000985481,0.7403,44027,413.138
2083,17063936,4.61473,0.000985463,0.678128,44335.6,413.323
2084,17072128,4.54895,0.000985445,0.697664,44374.8,413.508
2085,17080320,4.69316,0.000985426,0.69075,40045.3,413.712
2086,17088512,4.68415,0.000985408,0.714248,39031.7,413.922
2087,17096704,4.59424,0.00098539,0.715677,43045.1,414.112
2088,17104896,4.84248,0.000985372,0.763407,44295.4,414.297
2089,17113088,4.70938,0.000985353,0.679068,44580.2,414.481
2090,17121280,4.6627,0.000985335,0.691256,41841.7,414.677
2091,17129472,4.63746,0.000985316,0.673326,37400.9,414.896
2092,17137664,4.42874,0.000985298,0.672232,42708,415.088
2093,17145856,4.66271,0.00098528,0.660726,44339.6,415.272
2094,17154048,4.5849,0.000985261,0.683474,44797.8,415.455
2095,17162240,4.61203,0.000985243,0.710092,43682.8,415.643
2096,17170432,4.61654,0.000985224,0.716128,42197.4,415.837
2097,17178624,4.44887,0.000985206,0.626833,42791.4,416.028
2098,17186816,4.69151,0.000985188,0.71475,44183.4,416.214
2099,17195008,4.57411,0.000985169,0.723734,45038.5,416.396
2100,17203200,4.56489,0.000985151,0.688586,44801.6,416.579
2101,17211392,4.6733,0.000985132,0.70336,42705.4,416.77
2102,17219584,4.77256,0.000985114,0.719335,45223.7,416.952
2103,17227776,4.34203,0.000985095,0.66175,45016.2,417.133
2104,17235968,4.60523,0.000985077,0.663765,45162.4,417.315
2105,17244160,4.18711,0.000985058,0.666282,38568.6,417.527
2106,17252352,4.61876,0.00098504,0.672298,38064.7,417.742
2107,17260544,4.59712,0.000985021,0.695945,44257.7,417.928
2108,17268736,4.65536,0.000985003,0.670043,45017.8,418.11
2109,17276928,4.61978,0.000984984,0.714497,44742.5,418.293
2110,17285120,4.58387,0.000984965,0.72433,39977.8,418.498
2111,17293312,4.70163,0.000984947,0.730453,36287.8,418.723
2112,17301504,4.58098,0.000984928,0.685465,44581,418.907
2113,17309696,4.50268,0.00098491,0.688809,44446.3,419.091
2114,17317888,4.44847,0.000984891,0.695457,45241.4,419.272
2115,17326080,4.80308,0.000984872,0.712256,42730.9,419.464
2116,17334272,4.70901,0.000984854,0.692916,40790.9,419.665
2117,17342464,4.67153,0.000984835,0.709217,42887.1,419.856
2118,17350656,4.75352,0.000984816,0.755373,44766.8,420.039
2119,17358848,4.76303,0.000984798,0.709717,45494,420.219
2120,17367040,4.53523,0.000984779,0.715816,44964.3,420.401
2121,17375232,4.45819,0.00098476,0.697138,40114.7,420.605
2122,17383424,4.59109,0.000984742,0.703013,42930.7,420.796
2123,17391616,4.64026,0.000984723,0.739053,44573,420.98
2124,17399808,4.44676,0.000984704,0.653653,45216.4,421.161
2125,17408000,4.36559,0.000984685,0.713683,45192.8,421.343
2126,17416192,4.70262,0.000984667,0.696113,45424.1,421.523
2127,17424384,4.58055,0.000984648,0.709453,45656.7,421.702
2128,17432576,4.45134,0.000984629,0.793751,45686.6,421.882
2129,17440768,4.54367,0.00098461,0.69364,45703.5,422.061
2130,17448960,4.65489,0.000984591,0.717115,41105.2,422.26
2131,17457152,4.76881,0.000984573,0.701216,34994.5,422.494
2132,17465344,4.49357,0.000984554,0.713788,42129.7,422.689
2133,17473536,4.48295,0.000984535,0.673886,44676.5,422.872
2134,17481728,4.63162,0.000984516,0.689236,44668,423.055
2135,17489920,4.30584,0.000984497,0.668615,43488.3,423.244
2136,17498112,4.64694,0.000984478,0.690181,38104.8,423.459
2137,17506304,4.63598,0.00098446,0.717699,40278,423.662
2138,17514496,4.52586,0.000984441,0.666037,43894.9,423.849
2139,17522688,4.53605,0.000984422,0.679369,44366.4,424.033
2140,17530880,4.57626,0.000984403,0.665305,43747.9,424.221
2141,17539072,4.64787,0.000984384,0.705586,37609.5,424.439
2142,17547264,4.47685,0.000984365,0.64732,41387.9,424.636
2143,17555456,4.61114,0.000984346,0.710749,43160.9,424.826
2144,17563648,4.66107,0.000984327,0.709685,44259.8,425.011
2145,17571840,4.27693,0.000984308,0.702208,43836.5,425.198
2146,17580032,4.53966,0.000984289,0.687693,40663.1,425.4
2147,17588224,4.7332,0.00098427,0.676634,41214.2,425.598
2148,17596416,4.51344,0.000984251,0.70785,42990.9,425.789
2149,17604608,4.57429,0.000984232,0.698317,44549.6,425.973
2150,17612800,4.45658,0.000984213,0.706689,44363.9,426.158
2151,17620992,4.67177,0.000984194,0.655539,42000.4,426.353
2152,17629184,4.57762,0.000984175,0.666717,45433.9,426.533
2153,17637376,4.71101,0.000984156,0.666483,44942.5,426.715
2154,17645568,4.5985,0.000984137,0.688722,45110.7,426.897
2155,17653760,4.65997,0.000984118,0.682875,38748.5,427.108
2156,17661952,4.80288,0.000984099,0.721841,39095.1,427.318
2157,17670144,4.47379,0.00098408,0.789641,44114.6,427.503
2158,17678336,4.61459,0.00098406,0.754789,44949.5,427.686
2159,17686528,4.63241,0.000984041,0.737612,45187.6,427.867
2160,17694720,4.47668,0.000984022,0.656204,41085.4,428.066
2161,17702912,4.71921,0.000984003,0.678965,37875.8,428.283
2162,17711104,4.49449,0.000983984,0.646282,43829.7,428.47
2163,17719296,4.56812,0.000983965,0.722416,44596.2,428.653
2164,17727488,4.66182,0.000983945,0.719069,44756,428.836
2165,17735680,4.62954,0.000983926,0.695099,41837.1,429.032
2166,17743872,4.56492,0.000983907,0.730355,39706.3,429.238
2167,17752064,4.54527,0.000983888,0.715348,42793.8,429.43
2168,17760256,4.64704,0.000983869,0.71433,44133.5,429.615
2169,17768448,4.68917,0.000983849,0.719655,44549.8,429.799
2170,17776640,4.62572,0.00098383,0.721028,43879.5,429.986
2171,17784832,4.42971,0.000983811,0.704214,38822.8,430.197
2172,17793024,4.72553,0.000983792,0.722021,42808.3,430.388
2173,17801216,4.54565,0.000983772,0.661125,43640.8,430.576
2174,17809408,4.62265,0.000983753,0.731284,44962.2,430.758
2175,17817600,4.54591,0.000983734,0.694663,44600.9,430.942
2176,17825792,4.64207,0.000983714,0.694753,44993.3,431.124
2177,17833984,4.68279,0.000983695,0.708269,44970.1,431.306
2178,17842176,4.6724,0.000983676,0.672501,44962.6,431.488
2179,17850368,4.59367,0.000983656,0.687999,44796.7,431.671
2180,17858560,4.5944,0.000983637,0.740723,38320.1,431.885
2181,17866752,4.52685,0.000983618,0.657334,35842.4,432.114
2182,17874944,4.77996,0.000983598,0.74521,44684.2,432.297
2183,17883136,4.55765,0.000983579,0.765629,44797.1,432.48
2184,17891328,4.53344,0.000983559,0.703167,44641.3,432.663
2185,17899520,4.52999,0.00098354,0.736367,40071.6,432.868
2186,17907712,4.72458,0.00098352,0.741055,38718.6,433.079
2187,17915904,4.3392,0.000983501,0.745144,43480,433.268
2188,17924096,4.6298,0.000983482,0.689181,44508.6,433.452
2189,17932288,4.38632,0.000983462,0.679226,44633.9,433.635
2190,17940480,4.37294,0.000983443,0.706866,40728.6,433.836
2191,17948672,4.48597,0.000983423,0.726784,37259.6,434.056
2192,17956864,4.54511,0.000983404,0.738603,43398.9,434.245
2193,17965056,4.78587,0.000983384,0.707902,44090.3,434.431
2194,17973248,4.59224,0.000983365,0.711099,44613.9,434.615
2195,17981440,4.70238,0.000983345,0.691122,42746.1,434.806
2196,17989632,4.63665,0.000983326,0.691287,40187.5,435.01
2197,17997824,4.5938,0.000983306,0.724181,43059.7,435.2
2198,18006016,4.61347,0.000983286,0.725053,44562,435.384
2199,18014208,4.35103,0.000983267,0.713866,44945.8,435.566
2200,18022400,4.31422,0.000983247,0.685514,44024.5,435.752
2201,18030592,4.47705,0.000983228,0.713777,41827.5,435.948
2202,18038784,4.77829,0.000983208,0.775733,45893.9,436.127
2203,18046976,4.61596,0.000983188,0.692878,45627.4,436.306
2204,18055168,4.56001,0.000983169,0.773142,45256.5,436.487
2205,18063360,4.53446,0.000983149,0.673018,38477.7,436.7
2206,18071552,4.5342,0.000983129,0.705984,37537.6,436.918
2207,18079744,4.8119,0.00098311,0.720766,43791.2,437.106
2208,18087936,4.44491,0.00098309,0.750906,44954.5,437.288
2209,18096128,4.61517,0.00098307,0.678066,44921.3,437.47
2210,18104320,4.46572,0.000983051,0.703342,41215.1,437.669
2211,18112512,4.7709,0.000983031,0.670964,36570.8,437.893
2212,18120704,4.65526,0.000983011,0.676266,43690.5,438.08
2213,18128896,4.69999,0.000982992,0.652995,44690.5,438.264
2214,18137088,4.48035,0.000982972,0.646368,44563.3,438.448
2215,18145280,4.66699,0.000982952,0.70337,42109.1,438.642
2216,18153472,4.68763,0.000982932,0.834785,39319.3,438.85
2217,18161664,4.4366,0.000982912,0.711476,42525.4,439.043
2218,18169856,4.56937,0.000982893,0.690599,43951.1,439.229
2219,18178048,4.60522,0.000982873,0.683175,44507.5,439.414
2220,18186240,4.69375,0.000982853,0.738714,42973.8,439.604
2221,18194432,4.44322,0.000982833,0.724037,38155.5,439.819
2222,18202624,4.57229,0.000982813,0.710088,42474.9,440.012
2223,18210816,4.48718,0.000982794,0.691731,43948.5,440.198
2224,18219008,4.46563,0.000982774,0.737343,45105.5,440.38
2225,18227200,4.68998,0.000982754,0.692767,44536.4,440.564
2226,18235392,4.57671,0.000982734,0.709063,45300.8,440.744
2227,18243584,4.44368,0.000982714,0.67818,45321.5,440.925
2228,18251776,4.35195,0.000982694,0.683455,45211.1,441.106
2229,18259968,4.55677,0.000982674,0.6898,45499,441.286
2230,18268160,4.49753,0.000982654,0.691947,37911.8,441.503
2231,18276352,4.65329,0.000982634,0.715141,36882.1,441.725
2232,18284544,4.52812,0.000982614,0.698549,44895.8,441.907
2233,18292736,4.41929,0.000982594,0.692936,44957.2,442.089
2234,18300928,4.54683,0.000982574,0.712868,44991.3,442.271
2235,18309120,4.47009,0.000982554,0.732224,40702.7,442.473
2236,18317312,4.75913,0.000982534,0.75447,38910.8,442.683
2237,18325504,4.65174,0.000982514,0.710401,43309.1,442.872
2238,18333696,4.64584,0.000982494,0.717384,44672.9,443.056
2239,18341888,4.57239,0.000982474,0.719302,45282.8,443.237
2240,18350080,4.4655,0.000982454,0.720306,43251.8,443.426
2241,18358272,4.70556,0.000982434,0.743513,37559.9,443.644
2242,18366464,4.52606,0.000982414,0.681794,42363.7,443.838
2243,18374656,4.59348,0.000982394,0.711089,44352.5,444.022
2244,18382848,4.64542,0.000982374,0.734523,45218.4,444.203
2245,18391040,4.41818,0.000982354,0.681209,44657.5,444.387
2246,18399232,4.5868,0.000982334,0.724686,42781.4,444.578
2247,18407424,4.71335,0.000982314,0.728738,42093.3,444.773
2248,18415616,4.49904,0.000982294,0.691647,43645.3,444.961
2249,18423808,4.57189,0.000982273,0.771452,44966.6,445.143
2250,18432000,4.50179,0.000982253,0.681207,45126.6,445.324
2251,18440192,4.66134,0.000982233,0.76001,43248.5,445.514
2252,18448384,4.51765,0.000982213,0.718738,45746.1,445.693
2253,18456576,4.45945,0.000982193,0.691167,45315.8,445.874
2254,18464768,4.43005,0.000982173,0.726425,45383.9,446.054
2255,18472960,4.63653,0.000982152,0.741482,38153.1,446.269
2256,18481152,4.55038,0.000982132,0.690801,38134.4,446.484
2257,18489344,4.3853,0.000982112,0.720034,44369.3,446.668
2258,18497536,4.684,0.000982092,0.708756,44792.9,446.851
2259,18505728,4.49515,0.000982071,0.763778,44975.6,447.033
2260,18513920,4.62116,0.000982051,0.688111,40854.9,447.234
2261,18522112,4.6514,0.000982031,0.672253,36794.6,447.457
2262,18530304,4.43929,0.000982011,0.769894,43715.4,447.644
2263,18538496,4.38732,0.00098199,0.669574,44449,447.828
2264,18546688,4.77062,0.00098197,0.735849,45015,448.01
2265,18554880,4.75105,0.00098195,0.785104,42527.1,448.203
2266,18563072,4.63153,0.000981929,0.738382,39466.9,448.41
2267,18571264,4.37199,0.000981909,0.660344,42356.2,448.604
2268,18579456,4.6788,0.000981889,0.689335,44193.9,448.789
2269,18587648,4.46305,0.000981868,0.702517,44704.8,448.972
2270,18595840,4.51604,0.000981848,0.709501,43213,449.162
2271,18604032,4.46877,0.000981828,0.740407,38544.5,449.375
2272,18612224,4.40267,0.000981807,0.667058,43179.1,449.564
2273,18620416,4.56961,0.000981787,0.72532,43865.8,449.751
2274,18628608,4.64726,0.000981766,0.775912,44638.6,449.934
2275,18636800,4.48881,0.000981746,0.656266,44380.7,450.119
2276,18644992,4.53909,0.000981725,0.685914,45046.9,450.301
2277,18653184,4.4748,0.000981705,0.718052,45262.5,450.482
2278,18661376,4.66252,0.000981684,0.713939,45213.4,450.663
2279,18669568,4.39946,0.000981664,0.736975,45112.3,450.845
2280,18677760,4.53539,0.000981643,0.720524,38045.4,451.06
2281,18685952,4.48815,0.000981623,0.718671,36792.9,451.283
2282,18694144,4.46512,0.000981602,0.762584,44585.7,451.466
2283,18702336,4.53994,0.000981582,0.706594,44632.1,451.65
2284,18710528,4.37872,0.000981561,0.734771,44788.8,451.833
2285,18718720,4.69546,0.000981541,0.747055,41385.8,452.031
2286,18726912,4.74634,0.00098152,0.701301,39226.1,452.24
2287,18735104,4.48863,0.0009815,0.66284,43125.9,452.43
2288,18743296,4.66425,0.000981479,0.687978,44695.2,452.613
2289,18751488,4.66184,0.000981459,0.697734,44895.5,452.795
2290,18759680,4.5915,0.000981438,0.690348,42987,452.986
2291,18767872,4.53301,0.000981417,0.758739,37882.4,453.202
2292,18776064,4.58938,0.000981397,0.700733,42886.5,453.393
2293,18784256,4.71613,0.000981376,0.718139,43999.4,453.579
2294,18792448,4.51344,0.000981355,0.716151,44770.2,453.762
2295,18800640,4.6354,0.000981335,0.722958,44103.7,453.948
2296,18808832,4.50772,0.000981314,0.713693,41728.9,454.144
2297,18817024,4.40887,0.000981293,0.742957,42495.6,454.337
2298,18825216,4.47618,0.000981273,0.709586,44177.3,454.523
2299,18833408,4.59424,0.000981252,0.745271,44263.1,454.708
2300,18841600,4.4824,0.000981231,0.711666,44944.5,454.89
2301,18849792,4.55748,0.000981211,0.708791,42481.4,455.083
2302,18857984,4.26775,0.00098119,0.684776,45856.9,455.261
2303,18866176,4.55951,0.000981169,0.72875,45406.7,455.442
2304,18874368,4.51365,0.000981148,0.722329,44858,455.624
2305,18882560,4.50944,0.000981128,0.693111,39763.8,455.83
2306,18890752,4.4875,0.000981107,0.685593,37438.7,456.049
2307,18898944,4.40512,0.000981086,0.686588,43328.7,456.238
2308,18907136,4.41988,0.000981065,0.678934,44811,456.421
2309,18915328,4.54412,0.000981044,0.710783,45175.6,456.603
2310,18923520,4.65419,0.000981024,0.743671,41847,456.798
2311,18931712,4.62667,0.000981003,0.730624,36269.5,457.024
2312,18939904,4.63702,0.000980982,0.70191,43134.6,457.214
2313,18948096,4.58369,0.000980961,0.74635,44122,457.4
2314,18956288,4.65746,0.00098094,0.694892,44722.6,457.583
2315,18964480,4.4581,0.000980919,0.697779,42503.7,457.776
2316,18972672,4.72142,0.000980898,0.70579,39255.6,457.984
2317,18980864,4.30672,0.000980878,0.767783,42034.6,458.179
2318,18989056,4.47033,0.000980857,0.706023,43642.9,458.367
2319,18997248,4.65178,0.000980836,0.744111,44463.4,458.551
2320,19005440,4.51049,0.000980815,0.710072,43531.4,458.739
2321,19013632,4.58324,0.000980794,0.706675,39004.5,458.949
2322,19021824,4.49474,0.000980773,0.723476,42922.2,459.14
2323,19030016,4.43448,0.000980752,0.741966,43862.5,459.327
2324,19038208,4.55101,0.000980731,0.76449,44747.9,459.51
2325,19046400,4.62652,0.00098071,0.764251,44473.9,459.694
2326,19054592,4.41095,0.000980689,0.703223,45666.1,459.874
2327,19062784,4.74023,0.000980668,0.762323,45045.7,460.056
2328,19070976,4.63165,0.000980647,0.722454,45484.8,460.236
2329,19079168,4.5708,0.000980626,0.710948,45219,460.417
2330,19087360,4.51745,0.000980605,0.710223,38824.7,460.628
2331,19095552,4.6158,0.000980584,0.678694,36659.1,460.851
2332,19103744,4.60236,0.000980563,0.729378,44520.4,461.035
2333,19111936,4.49644,0.000980542,0.717115,44928.4,461.218
2334,19120128,4.77031,0.00098052,0.824045,45116.9,461.399
2335,19128320,4.67092,0.000980499,0.786167,41513.2,461.596
2336,19136512,4.34653,0.000980478,0.745158,39261.7,461.805
2337,19144704,4.43829,0.000980457,0.700428,42684.5,461.997
2338,19152896,4.26032,0.000980436,0.678241,44346.2,462.182
2339,19161088,4.44652,0.000980415,0.747002,45171.5,462.363
2340,19169280,4.59489,0.000980394,0.697763,43317.3,462.552
2341,19177472,4.50105,0.000980372,0.739906,37329.3,462.772
2342,19185664,4.62526,0.000980351,0.813776,42268.6,462.966
2343,19193856,4.62539,0.00098033,0.703591,44229.5,463.151
2344,19202048,4.03436,0.000980309,0.687579,45006.3,463.333
2345,19210240,4.53681,0.000980288,0.735881,44217.9,463.518
2346,19218432,4.41043,0.000980266,0.792205,41669.5,463.715
2347,19226624,4.50507,0.000980245,0.726968,41957.2,463.91
2348,19234816,4.61745,0.000980224,0.684579,43829.5,464.097
2349,19243008,4.58674,0.000980203,0.705084,44655.3,464.28
2350,19251200,4.6074,0.000980181,0.725273,44549.6,464.464
2351,19259392,4.72356,0.00098016,0.715888,40336,464.667
2352,19267584,4.30333,0.000980139,0.776883,45065.3,464.849
2353,19275776,4.60767,0.000980118,0.757271,44569.4,465.033
2354,19283968,4.27989,0.000980096,0.749955,44877.8,465.215
2355,19292160,4.54025,0.000980075,0.723706,37393.8,465.434
2356,19300352,4.55381,0.000980054,0.707724,37722.7,465.652
2357,19308544,4.46706,0.000980032,0.707776,43454.9,465.84
2358,19316736,4.50187,0.000980011,0.762668,44781.8,466.023
2359,19324928,4.57992,0.000979989,0.69658,44553.6,466.207
2360,19333120,4.43235,0.000979968,0.748556,39750.7,466.413
2361,19341312,4.52317,0.000979947,0.721572,36532.6,466.637
2362,19349504,4.53194,0.000979925,0.72003,43305.7,466.826
2363,19357696,4.33094,0.000979904,0.75472,44547.4,467.01
2364,19365888,4.52502,0.000979882,0.774704,44731.1,467.193
2365,19374080,4.62118,0.000979861,0.715409,41866.6,467.389
2366,19382272,4.5298,0.00097984,0.692217,39167.5,467.598
2367,19390464,4.61103,0.000979818,0.719964,42060.9,467.793
2368,19398656,4.34369,0.000979797,0.68829,43628.6,467.981
2369,19406848,4.46414,0.000979775,0.717525,44561.6,468.165
2370,19415040,4.58478,0.000979754,0.705144,43964.6,468.351
2371,19423232,4.48388,0.000979732,0.754106,40057.4,468.555
2372,19431424,4.63573,0.000979711,0.681706,43325.4,468.744
2373,19439616,4.34233,0.000979689,0.736176,44131.6,468.93
2374,19447808,4.48288,0.000979668,0.722993,44792.4,469.113
2375,19456000,4.76953,0.000979646,0.733627,44781.2,469.296
2376,19464192,4.42937,0.000979624,0.71533,45036.3,469.478
2377,19472384,4.50618,0.000979603,0.708152,45194.6,469.659
2378,19480576,4.5256,0.000979581,0.765071,45355.7,469.84
2379,19488768,4.39727,0.00097956,0.700501,45153.1,470.021
2380,19496960,4.63653,0.000979538,0.709197,38861.2,470.232
2381,19505152,4.40198,0.000979516,0.686517,34965.3,470.466
2382,19513344,4.55664,0.000979495,0.729022,44539.2,470.65
2383,19521536,4.58853,0.000979473,0.780057,44950.5,470.832
2384,19529728,4.32638,0.000979451,0.694363,45058.9,471.014
2385,19537920,4.62962,0.00097943,0.721171,41748.9,471.21
2386,19546112,4.47553,0.000979408,0.690345,38518.8,471.423
2387,19554304,4.4188,0.000979386,0.709666,42967,471.614
2388,19562496,4.52629,0.000979365,0.763049,44318.6,471.799
2389,19570688,4.64817,0.000979343,0.748793,44749.6,471.982
2390,19578880,4.45416,0.000979321,0.717472,42985.2,472.172
2391,19587072,4.5842,0.0009793,0.700827,37489,472.391
2392,19595264,4.44543,0.000979278,0.736468,42530.8,472.583
2393,19603456,4.56331,0.000979256,0.744935,44591.9,472.767
2394,19611648,4.44336,0.000979234,0.713731,44550.4,472.951
2395,19619840,4.61717,0.000979213,0.723194,43710.2,473.138
2396,19628032,4.53841,0.000979191,0.743901,41619.4,473.335
2397,19636224,4.5661,0.000979169,1.20291,42115.6,473.53
2398,19644416,4.61802,0.000979147,0.75168,43951,473.716
2399,19652608,4.47055,0.000979125,0.686691,45075.8,473.898
2400,19660800,4.42346,0.000979104,0.77756,44270.8,474.083
2401,19668992,4.57627,0.000979082,0.759655,42991.4,474.273
2402,19677184,4.3516,0.00097906,0.738995,46014.6,474.451
2403,19685376,4.44126,0.000979038,0.799306,45407.4,474.632
2404,19693568,4.51535,0.000979016,0.722997,45195.7,474.813
2405,19701760,4.74544,0.000978994,0.77043,39606.9,475.02
2406,19709952,4.42073,0.000978972,0.686507,37598.2,475.238
2407,19718144,4.58451,0.00097895,0.754576,43339.4,475.427
2408,19726336,4.61121,0.000978928,0.714405,44978.1,475.609
2409,19734528,4.42211,0.000978907,0.686041,45306.6,475.79
2410,19742720,4.43421,0.000978885,0.716644,42218.2,475.984
2411,19750912,4.35116,0.000978863,0.694686,36317.7,476.209
2412,19759104,4.47785,0.000978841,0.695613,43042.9,476.4
2413,19767296,4.31848,0.000978819,0.710295,44227.5,476.585
2414,19775488,4.79599,0.000978797,0.752534,44856.7,476.768
2415,19783680,4.62915,0.000978775,0.704274,42558,476.96
2416,19791872,4.59847,0.000978753,0.735786,39566.4,477.167
2417,19800064,4.65664,0.000978731,0.708493,41962.5,477.362
2418,19808256,4.48865,0.000978709,0.699611,44047.3,477.548
2419,19816448,4.59265,0.000978687,0.715853,44575.2,477.732
2420,19824640,4.39278,0.000978665,0.751291,43648.4,477.92
2421,19832832,4.63957,0.000978643,0.779836,39247.5,478.129
2422,19841024,4.2603,0.00097862,0.710397,42104.1,478.323
2423,19849216,4.40851,0.000978598,0.707205,44122.7,478.509
2424,19857408,4.35646,0.000978576,0.763635,44987.9,478.691
2425,19865600,4.58003,0.000978554,0.770048,45058.5,478.873
2426,19873792,4.53485,0.000978532,0.678012,44843,479.055
2427,19881984,4.38083,0.00097851,0.712003,45377.3,479.236
2428,19890176,4.47787,0.000978488,0.767746,45084.2,479.418
2429,19898368,4.32507,0.000978466,0.751825,45571.8,479.597
2430,19906560,4.52117,0.000978443,0.735276,39004.4,479.807
2431,19914752,4.53138,0.000978421,0.730122,36126.5,480.034
2432,19922944,4.62677,0.000978399,0.707231,44740.3,480.217
2433,19931136,4.54237,0.000978377,0.710781,45070.2,480.399
2434,19939328,4.32991,0.000978355,0.696214,45620.9,480.579
2435,19947520,4.66245,0.000978332,0.742581,41347.9,480.777
2436,19955712,4.45857,0.00097831,0.739674,39208.8,480.986
2437,19963904,4.51326,0.000978288,0.790701,43228.8,481.175
2438,19972096,4.48383,0.000978266,0.716674,44835.7,481.358
2439,19980288,4.38496,0.000978243,0.754927,45550.2,481.538
2440,19988480,4.60143,0.000978221,0.801809,43608.3,481.726
2441,19996672,4.26295,0.000978199,0.741385,38911.1,481.936
2442,20004864,4.47942,0.000978177,0.714161,42856,482.127
2443,20013056,4.47465,0.000978154,0.721507,44802.5,482.31
2444,20021248,4.72832,0.000978132,0.774968,44932.4,482.492
2445,20029440,4.29192,0.00097811,0.803585,44262.5,482.677
2446,20037632,4.43296,0.000978087,0.700661,42339.9,482.871
2447,20045824,4.34409,0.000978065,0.71977,42344.6,483.064
2448,20054016,4.63511,0.000978043,0.769187,44068.5,483.25
2449,20062208,4.63589,0.00097802,0.776918,45050.9,483.432
2450,20070400,4.47906,0.000977998,0.737735,44923.5,483.614
2451,20078592,4.39413,0.000977975,0.705031,40857.2,483.815
2452,20086784,4.48978,0.000977953,0.721875,45991.2,483.993
2453,20094976,4.48623,0.000977931,0.764613,45602.4,484.173
2454,20103168,4.46985,0.000977908,0.72716,45760.7,484.352
2455,20111360,4.45215,0.000977886,0.726947,39052.7,484.562
2456,20119552,4.56882,0.000977863,0.722634,39488.2,484.769
2457,20127744,4.27065,0.000977841,0.697767,44844.1,484.952
2458,20135936,4.36567,0.000977818,0.699101,45190.8,485.133
2459,20144128,4.55288,0.000977796,0.757869,45550.1,485.313
2460,20152320,4.50264,0.000977773,0.714807,41363.6,485.511
2461,20160512,4.45693,0.000977751,0.746571,36803.8,485.733
2462,20168704,4.50975,0.000977728,0.733139,44040.1,485.919
2463,20176896,4.33493,0.000977706,0.716503,45237.7,486.101
2464,20185088,4.39127,0.000977683,0.728975,44994.9,486.283
2465,20193280,4.36156,0.000977661,0.72621,42541.8,486.475
2466,20201472,4.60536,0.000977638,0.763026,39158.5,486.684
2467,20209664,4.47013,0.000977616,0.709155,42271.3,486.878
2468,20217856,4.47511,0.000977593,0.682127,44333.5,487.063
2469,20226048,4.38672,0.00097757,0.731146,44789.8,487.246
2470,20234240,4.41007,0.000977548,0.76693,44152.2,487.431
2471,20242432,4.61639,0.000977525,0.700407,38444,487.644
2472,20250624,4.42505,0.000977503,0.746904,45035.4,487.826
2473,20258816,4.41664,0.00097748,0.811057,45655,488.006
2474,20267008,4.57054,0.000977457,0.72937,45678,488.185
2475,20275200,4.60384,0.000977435,0.787394,45820.4,488.364
2476,20283392,4.53543,0.000977412,0.766757,44619.2,488.548
2477,20291584,4.34694,0.000977389,0.770522,44196.3,488.733
2478,20299776,4.4585,0.000977366,0.726444,44141.5,488.918
2479,20307968,4.47255,0.000977344,0.749677,44190.9,489.104
2480,20316160,4.60711,0.000977321,0.776965,36251.8,489.33
2481,20324352,4.50566,0.000977298,0.71101,34987.1,489.564
2482,20332544,4.53011,0.000977276,0.800103,43876.6,489.751
2483,20340736,4.38526,0.000977253,0.814503,44111.5,489.936
2484,20348928,4.59469,0.00097723,0.796288,44494.9,490.12
2485,20357120,4.31286,0.000977207,0.692688,39526.1,490.328
2486,20365312,4.55554,0.000977185,0.763959,39114.1,490.537
2487,20373504,4.40612,0.000977162,0.727794,43261.7,490.727
2488,20381696,4.56865,0.000977139,0.741289,44108.5,490.912
2489,20389888,4.44864,0.000977116,0.679413,44827.4,491.095
2490,20398080,4.39807,0.000977093,0.733749,41572.6,491.292
2491,20406272,4.39561,0.00097707,0.752784,37179,491.512
2492,20414464,4.43025,0.000977048,0.728801,43550.3,491.701
2493,20422656,4.45292,0.000977025,0.68367,44394.2,491.885
2494,20430848,4.29066,0.000977002,0.696356,44986.7,492.067
2495,20439040,4.36209,0.000976979,0.692931,43093.7,492.257
2496,20447232,4.46667,0.000976956,0.752225,40696.5,492.459
2497,20455424,4.50301,0.000976933,0.762441,42637.1,492.651
2498,20463616,4.47214,0.00097691,0.772704,44400.4,492.835
2499,20471808,4.37751,0.000976887,0.67097,44948.9,493.017
2500,20480000,4.38578,0.000976864,0.85966,44227.6,493.203
2501,20488192,4.34572,0.000976841,0.772998,40540,493.405
2502,20496384,4.40124,0.000976818,0.728131,44980.2,493.587
2503,20504576,4.54135,0.000976795,0.696968,44860.6,493.769
2504,20512768,4.55856,0.000976772,0.744612,44628,493.953
2505,20520960,4.48836,0.000976749,0.745319,38050,494.168
2506,20529152,4.51135,0.000976726,0.709197,37961.1,494.384
2507,20537344,4.56836,0.000976703,0.762896,43891.5,494.571
2508,20545536,4.64482,0.00097668,0.71154,44610.7,494.754
2509,20553728,4.62755,0.000976657,0.763449,44900.5,494.937
2510,20561920,4.6429,0.000976634,0.726669,40687.6,495.138
2511,20570112,4.58746,0.000976611,0.735484,36388.6,495.363
2512,20578304,4.39544,0.000976588,0.756779,43524.6,495.551
2513,20586496,4.51011,0.000976565,0.809389,44414.7,495.736
2514,20594688,4.55932,0.000976542,0.721903,44405.8,495.92
2515,20602880,4.3703,0.000976519,0.679684,41835,496.116
2516,20611072,4.4306,0.000976496,0.743592,39265.6,496.325
2517,20619264,4.50624,0.000976473,0.728746,42628.7,496.517
2518,20627456,4.61092,0.00097645,0.769068,43949.8,496.703
2519,20635648,4.3259,0.000976426,0.728662,44354.6,496.888
2520,20643840,4.53139,0.000976403,0.741619,42632.2,497.08
2521,20652032,4.46142,0.00097638,0.780775,37940.3,497.296
2522,20660224,4.48254,0.000976357,0.728702,42784,497.488
2523,20668416,4.28684,0.000976334,0.708839,43662.2,497.675
2524,20676608,4.63481,0.00097631,0.766437,44394.7,497.86
2525,20684800,4.5266,0.000976287,0.76041,44376.7,498.044
2526,20692992,4.45801,0.000976264,0.701062,44606.7,498.228
2527,20701184,4.48861,0.000976241,0.738749,44741.6,498.411
2528,20709376,4.39245,0.000976217,0.745838,44996.1,498.593
2529,20717568,4.47975,0.000976194,0.714794,44956.9,498.775
2530,20725760,4.48927,0.000976171,0.757065,39277.1,498.984
2531,20733952,4.44117,0.000976148,0.711862,34992.8,499.218
2532,20742144,4.55122,0.000976124,0.765569,44681.1,499.401
2533,20750336,4.61492,0.000976101,0.741485,44982.5,499.584
2534,20758528,4.47359,0.000976078,0.737485,45096.5,499.765
2535,20766720,4.48012,0.000976054,0.755033,41080,499.965
2536,20774912,4.63985,0.000976031,0.798901,38766.1,500.176
2537,20783104,4.57285,0.000976008,0.722096,42474.9,500.369
2538,20791296,4.30503,0.000975984,0.759712,44783.7,500.552
2539,20799488,4.35747,0.000975961,0.799217,45306.8,500.733
2540,20807680,4.47448,0.000975938,0.857973,42696.6,500.924
2541,20815872,4.46437,0.000975914,0.739626,37590.5,501.142
2542,20824064,4.4169,0.000975891,0.735793,42687.8,501.334
2543,20832256,4.38884,0.000975867,0.732538,44064,501.52
2544,20840448,4.37415,0.000975844,0.798012,45062.1,501.702
2545,20848640,4.5432,0.000975821,0.7323,44045,501.888
2546,20856832,4.47018,0.000975797,0.757069,41489.1,502.085
2547,20865024,4.51665,0.000975774,0.706976,41665.6,502.282
2548,20873216,4.46314,0.00097575,0.744581,43806.8,502.469
2549,20881408,4.28309,0.000975727,0.685993,44923,502.651
2550,20889600,4.44351,0.000975703,0.716632,45055.7,502.833
2551,20897792,4.53796,0.00097568,0.774025,42322.6,503.027
2552,20905984,4.30098,0.000975656,0.807969,45831.1,503.206
2553,20914176,4.53942,0.000975633,0.738687,45929.8,503.384
2554,20922368,4.31249,0.000975609,0.738565,45777.7,503.563
2555,20930560,4.54484,0.000975586,0.700907,38744.7,503.774
2556,20938752,4.49318,0.000975562,0.740535,38120.7,503.989
2557,20946944,4.66328,0.000975538,0.709019,44149.4,504.175
2558,20955136,4.35867,0.000975515,0.773584,45487.2,504.355
2559,20963328,4.34396,0.000975491,0.725043,45540.5,504.535
2560,20971520,4.49553,0.000975468,0.678783,41141.1,504.734
2561,20979712,4.46217,0.000975444,0.735694,36364.6,504.959
2562,20987904,4.50942,0.00097542,0.740943,42435.7,505.152
2563,20996096,4.34623,0.000975397,0.807878,44494.3,505.336
2564,21004288,4.45264,0.000975373,0.748865,45078.5,505.518
2565,21012480,4.21424,0.000975349,0.783305,42548.5,505.711
2566,21020672,4.46324,0.000975326,0.759401,39267.1,505.919
2567,21028864,4.22747,0.000975302,0.726037,40919.1,506.119
2568,21037056,4.40267,0.000975278,0.741863,43338.2,506.308
2569,21045248,4.33847,0.000975255,0.845108,44743.7,506.491
2570,21053440,4.52046,0.000975231,0.791994,43877.4,506.678
2571,21061632,4.38999,0.000975207,0.742827,38477.6,506.891
2572,21069824,4.63277,0.000975184,0.781261,42493.9,507.084
2573,21078016,4.48114,0.00097516,0.768926,43591.6,507.272
2574,21086208,4.44207,0.000975136,0.788694,44587.5,507.455
2575,21094400,4.51521,0.000975112,0.803089,44896.5,507.638
2576,21102592,4.35325,0.000975088,0.755461,44254.1,507.823
2577,21110784,4.19763,0.000975065,0.867143,45406.3,508.003
2578,21118976,4.52114,0.000975041,0.722697,44902.5,508.186
2579,21127168,4.14571,0.000975017,0.736119,44703.1,508.369
2580,21135360,4.31569,0.000974993,0.72709,40454.7,508.572
2581,21143552,4.36992,0.000974969,0.736954,35483.9,508.803
2582,21151744,4.44678,0.000974946,0.781708,44038.9,508.989
2583,21159936,4.5022,0.000974922,0.77911,44780.3,509.171
2584,21168128,4.45212,0.000974898,0.720283,45134.5,509.353
2585,21176320,4.38295,0.000974874,0.716632,41688.1,509.549
2586,21184512,4.48493,0.00097485,0.749942,38993.9,509.76
2587,21192704,4.41687,0.000974826,0.784616,42955.2,509.95
2588,21200896,4.43171,0.000974802,0.717665,44248.3,510.135
2589,21209088,4.28984,0.000974778,0.725853,45193,510.317
2590,21217280,4.34118,0.000974754,0.693484,42735.6,510.508
2591,21225472,4.5408,0.00097473,0.71065,37554.4,510.727
2592,21233664,4.38357,0.000974706,0.738581,42451.8,510.919
2593,21241856,4.49176,0.000974682,0.866513,43819.5,511.106
2594,21250048,4.33459,0.000974658,0.719766,44562.5,511.29
2595,21258240,4.53097,0.000974634,0.739572,43956.8,511.477
2596,21266432,4.50359,0.00097461,0.7721,42352.3,511.67
2597,21274624,4.53271,0.000974586,0.798691,43007.1,511.861
2598,21282816,4.40137,0.000974562,0.76309,43853.1,512.047
2599,21291008,4.30959,0.000974538,0.694585,44927.9,512.23
2600,21299200,4.4751,0.000974514,0.70259,45021.6,512.412
2601,21307392,4.3942,0.00097449,0.708107,42942.8,512.602
2602,21315584,4.37815,0.000974466,0.784403,45774.2,512.781
2603,21323776,4.59954,0.000974442,0.828823,45317.8,512.962
2604,21331968,4.55502,0.000974418,0.787712,45442.5,513.142
2605,21340160,4.56962,0.000974394,0.742816,39196.6,513.351
2606,21348352,4.48156,0.00097437,0.754767,38017.1,513.567
2607,21356544,4.38922,0.000974346,0.717379,43865.9,513.754
2608,21364736,4.64747,0.000974322,0.729438,44795.6,513.937
2609,21372928,4.467,0.000974297,0.699687,45291.6,514.117
2610,21381120,4.51398,0.000974273,0.769184,41046,514.317
2611,21389312,4.5292,0.000974249,0.806766,36925.8,514.539
2612,21397504,4.51881,0.000974225,0.710848,43380.1,514.728
2613,21405696,4.65418,0.000974201,0.786443,44484.4,514.912
2614,21413888,4.45519,0.000974177,0.749849,44818.1,515.095
2615,21422080,4.50406,0.000974152,0.722167,41923.7,515.29
2616,21430272,4.31124,0.000974128,0.763103,39805.3,515.496
2617,21438464,4.43773,0.000974104,0.721933,42730.9,515.688
2618,21446656,4.65115,0.00097408,0.76246,43537.9,515.876
2619,21454848,4.3712,0.000974055,0.771962,44914.8,516.058
2620,21463040,4.47852,0.000974031,0.727952,43556.8,516.246
2621,21471232,4.36053,0.000974007,0.764954,38251.1,516.46
2622,21479424,4.42321,0.000973983,0.766716,43257.5,516.65
2623,21487616,4.37938,0.000973958,0.718687,44032.8,516.836
2624,21495808,4.50618,0.000973934,0.717263,44722.9,517.019
2625,21504000,4.53261,0.00097391,0.727633,44087.2,517.205
2626,21512192,4.32075,0.000973885,0.74555,43399.8,517.393
2627,21520384,4.24714,0.000973861,0.772256,44517.9,517.577
2628,21528576,4.31664,0.000973837,0.751525,44404.9,517.762
2629,21536768,4.28095,0.000973812,0.756301,44428.1,517.946
2630,21544960,4.44904,0.000973788,0.781331,37439.9,518.165
2631,21553152,4.56951,0.000973763,0.727215,35496.7,518.396
2632,21561344,4.34258,0.000973739,0.708079,44591.3,518.58
2633,21569536,4.37084,0.000973715,0.746508,44640.4,518.763
2634,21577728,4.53666,0.00097369,0.734262,44485.6,518.947
2635,21585920,4.46345,0.000973666,0.766728,39745.5,519.153
2636,21594112,4.26828,0.000973641,0.820697,39179.6,519.363
2637,21602304,4.40919,0.000973617,0.725086,43694.6,519.55
2638,21610496,4.4889,0.000973592,0.769994,44931.7,519.732
2639,21618688,4.36434,0.000973568,0.760891,44448.2,519.917
2640,21626880,4.41799,0.000973543,0.753484,41560,520.114
2641,21635072,4.39094,0.000973519,0.773141,36804.9,520.336
2642,21643264,4.25862,0.000973494,0.785762,43071.2,520.527
2643,21651456,4.32253,0.00097347,0.724543,44450.1,520.711
2644,21659648,4.6229,0.000973445,0.788435,44578.3,520.895
2645,21667840,4.22821,0.000973421,0.734468,42738.1,521.086
2646,21676032,4.24549,0.000973396,0.711391,40718.9,521.287
2647,21684224,4.5483,0.000973372,0.770151,42657.2,521.479
2648,21692416,4.31853,0.000973347,0.763366,44145.7,521.665
2649,21700608,4.48361,0.000973323,0.775574,44916.6,521.847
2650,21708800,4.38137,0.000973298,0.757436,44300.1,522.032
2651,21716992,4.55332,0.000973273,0.684849,41917.2,522.228
2652,21725184,4.22188,0.000973249,0.785879,45330.4,522.408
2653,21733376,4.32941,0.000973224,0.741243,45058.8,522.59
2654,21741568,4.50456,0.0009732,0.737543,45140.9,522.772
2655,21749760,4.46039,0.000973175,0.768035,38244.5,522.986
2656,21757952,4.38698,0.00097315,0.73721,38899,523.197
2657,21766144,4.44788,0.000973126,0.75438,43774,523.384
2658,21774336,4.29859,0.000973101,0.733368,44684.8,523.567
2659,21782528,4.59075,0.000973076,0.741353,44836.3,523.75
2660,21790720,4.38096,0.000973051,0.757174,40792.8,523.951
2661,21798912,4.51366,0.000973027,0.806695,35865.3,524.179
2662,21807104,4.32893,0.000973002,0.756637,44285.6,524.364
2663,21815296,4.53981,0.000972977,0.742839,44445.2,524.548
2664,21823488,4.452,0.000972953,0.730603,44720.6,524.731
2665,21831680,4.55874,0.000972928,0.731722,42414.5,524.925
2666,21839872,4.29872,0.000972903,0.710759,39757.6,525.131
2667,21848064,4.61786,0.000972878,0.72619,42406.5,525.324
2668,21856256,4.54987,0.000972853,0.755935,44610,525.507
2669,21864448,4.31133,0.000972829,0.760705,44751.3,525.691
2670,21872640,4.33854,0.000972804,0.788504,44043.1,525.877
2671,21880832,4.52485,0.000972779,0.72624,38684.6,526.088
2672,21889024,4.61497,0.000972754,0.72037,42739.1,526.28
2673,21897216,4.61855,0.000972729,0.743063,44658.6,526.463
2674,21905408,4.32303,0.000972704,0.845212,45133,526.645
2675,21913600,4.38627,0.00097268,0.745386,44945.3,526.827
2676,21921792,4.47526,0.000972655,0.782452,44835.3,527.01
2677,21929984,4.47561,0.00097263,0.758451,45162.9,527.191
2678,21938176,4.58007,0.000972605,0.784847,45320,527.372
2679,21946368,4.46858,0.00097258,0.732025,45348.3,527.553
2680,21954560,4.34369,0.000972555,0.74605,38013.9,527.768
2681,21962752,4.38871,0.00097253,0.732613,36151.2,527.995
2682,21970944,4.46907,0.000972505,0.758263,44890.5,528.177
2683,21979136,4.48992,0.00097248,0.768221,45033.7,528.359
2684,21987328,4.51244,0.000972455,0.723462,45207.9,528.54
2685,21995520,4.52169,0.00097243,0.787506,41425,528.738
2686,22003712,4.38615,0.000972405,0.766312,38525.7,528.951
2687,22011904,4.42355,0.00097238,0.763797,43606.5,529.139
2688,22020096,4.50121,0.000972355,0.773451,45213.4,529.32
2689,22028288,4.51481,0.00097233,0.725395,45213.6,529.501
2690,22036480,4.5724,0.000972305,0.824467,43696.8,529.688
2691,22044672,4.48424,0.00097228,0.777432,37544.3,529.907
2692,22052864,4.31961,0.000972255,0.744405,43509.9,530.095
2693,22061056,4.37654,0.00097223,0.75325,45041,530.277
2694,22069248,4.38135,0.000972205,0.732131,45365.7,530.457
2695,22077440,4.44597,0.00097218,0.767468,44742.2,530.641
2696,22085632,4.13891,0.000972155,0.701673,42802.7,530.832
2697,22093824,4.251,0.00097213,0.810452,43135,531.022
2698,22102016,4.6137,0.000972104,0.750214,44237.4,531.207
2699,22110208,4.26798,0.000972079,0.763818,45483.9,531.387
2700,22118400,4.46804,0.000972054,0.725231,44965.9,531.569
2701,22126592,4.32318,0.000972029,0.74042,42897,531.76
2702,22134784,4.44782,0.000972004,0.731228,47471.2,531.933
2703,22142976,4.45393,0.000971979,0.711969,47203.5,532.106
2704,22151168,4.38731,0.000971954,0.780824,47035.2,532.281
2705,22159360,4.14708,0.000971928,0.744561,41295.2,532.479
2706,22167552,4.47883,0.000971903,0.762887,37560,532.697
2707,22175744,4.61866,0.000971878,0.767409,43813.6,532.884
2708,22183936,4.47408,0.000971853,0.715699,44882.9,533.067
2709,22192128,4.22779,0.000971827,0.742003,44937.9,533.249
2710,22200320,4.37447,0.000971802,0.757626,43159.2,533.439
2711,22208512,4.52872,0.000971777,0.750633,36598.4,533.662
2712,22216704,4.32776,0.000971752,0.772166,42534.8,533.855
2713,22224896,4.36813,0.000971726,0.72426,44163.4,534.041
2714,22233088,4.29467,0.000971701,0.717024,44635.8,534.224
2715,22241280,4.40054,0.000971676,0.759844,44347.6,534.409
2716,22249472,4.37257,0.00097165,0.746133,39758.4,534.615
2717,22257664,4.37936,0.000971625,0.752763,40643.3,534.816
2718,22265856,4.15653,0.0009716,0.720296,43664.9,535.004
2719,22274048,4.54593,0.000971574,0.782695,44303.6,535.189
2720,22282240,4.26146,0.000971549,0.765191,44251.3,535.374
2721,22290432,4.41801,0.000971524,0.808719,39247.4,535.583
2722,22298624,4.4773,0.000971498,0.747687,40985.8,535.783
2723,22306816,4.34751,0.000971473,0.790796,42935.8,535.973
2724,22315008,4.4557,0.000971447,0.745689,44558.8,536.157
2725,22323200,4.45379,0.000971422,0.744891,44970.7,536.339
2726,22331392,4.53294,0.000971397,0.762348,44881.9,536.522
2727,22339584,4.34785,0.000971371,0.734257,45933.3,536.7
2728,22347776,4.34334,0.000971346,0.731718,45718.4,536.879
2729,22355968,4.54284,0.00097132,0.780905,45634,537.059
2730,22364160,4.48625,0.000971295,0.761288,39771.2,537.265
2731,22372352,4.50579,0.000971269,0.776202,35651.5,537.495
2732,22380544,4.54468,0.000971244,0.725083,45152.8,537.676
2733,22388736,4.46049,0.000971218,0.778302,45113.2,537.858
2734,22396928,4.41177,0.000971193,0.778845,45292.2,538.039
2735,22405120,4.51229,0.000971167,0.80996,41424.3,538.236
2736,22413312,4.60415,0.000971142,0.776843,38438.1,538.45
2737,22421504,4.45727,0.000971116,0.833142,43330.4,538.639
2738,22429696,4.44597,0.000971091,0.735561,44791.1,538.821
2739,22437888,4.54064,0.000971065,0.759961,44973.6,539.004
2740,22446080,4.35693,0.000971039,0.772548,42936.5,539.194
2741,22454272,4.20245,0.000971014,0.698092,36526,539.419
2742,22462464,4.42159,0.000970988,0.728745,42713.9,539.611
2743,22470656,4.22297,0.000970963,0.817526,44442.1,539.795
2744,22478848,4.51735,0.000970937,0.766525,44825.7,539.978
2745,22487040,4.22314,0.000970911,0.722517,44594.9,540.161
2746,22495232,4.50028,0.000970886,0.750526,41459.9,540.359
2747,22503424,4.60268,0.00097086,0.772772,42461.2,540.552
2748,22511616,4.46542,0.000970834,0.755098,43926,540.738
2749,22519808,4.52956,0.000970809,0.739204,45674.8,540.918
2750,22528000,4.09412,0.000970783,0.707337,44823,541.1
2751,22536192,4.2152,0.000970757,0.901688,42639.2,541.293
2752,22544384,4.28975,0.000970732,0.714793,45437.1,541.473
2753,22552576,4.50805,0.000970706,0.803257,45204.7,541.654
2754,22560768,4.4815,0.00097068,0.753958,44853.9,541.837
2755,22568960,4.43073,0.000970654,0.71748,37996.1,542.052
2756,22577152,4.30346,0.000970629,0.724557,38012.5,542.268
2757,22585344,4.2597,0.000970603,0.850723,44121.1,542.453
2758,22593536,4.46785,0.000970577,0.770585,45374.6,542.634
2759,22601728,4.54931,0.000970551,0.883686,44965.2,542.816
2760,22609920,4.5041,0.000970525,0.780343,41028.8,543.016
2761,22618112,4.35299,0.0009705,0.735268,36074.2,543.243
2762,22626304,4.55954,0.000970474,0.747974,42982,543.434
2763,22634496,4.49769,0.000970448,0.726627,44730.7,543.617
2764,22642688,4.43811,0.000970422,0.741936,44780,543.8
2765,22650880,4.52003,0.000970396,0.804918,42867.5,543.991
2766,22659072,4.44589,0.00097037,0.803648,39349.6,544.199
2767,22667264,4.40329,0.000970345,0.785995,41517.6,544.396
2768,22675456,4.41792,0.000970319,0.743775,43874.3,544.583
2769,22683648,4.45943,0.000970293,0.731561,44652.6,544.766
2770,22691840,4.42284,0.000970267,0.790403,44249.9,544.952
2771,22700032,4.38756,0.000970241,0.853728,39526.9,545.159
2772,22708224,4.41343,0.000970215,0.765365,42051.1,545.354
2773,22716416,4.5239,0.000970189,0.747503,43490,545.542
2774,22724608,4.3525,0.000970163,0.701578,44830.6,545.725
2775,22732800,4.26204,0.000970137,0.74267,44877.5,545.907
2776,22740992,4.30363,0.000970111,0.720324,44313.8,546.092
2777,22749184,4.60492,0.000970085,0.742659,45100,546.274
2778,22757376,4.44218,0.000970059,0.719547,45048.1,546.456
2779,22765568,4.34343,0.000970033,0.732556,45098.9,546.637
2780,22773760,4.31,0.000970007,0.739907,39723.7,546.843
2781,22781952,4.36995,0.000969981,0.695977,34851.2,547.079
2782,22790144,4.37195,0.000969955,0.819067,44327.4,547.263
2783,22798336,4.15646,0.000969929,0.691601,45083.5,547.445
2784,22806528,4.41995,0.000969903,0.715894,45273.6,547.626
2785,22814720,4.36242,0.000969877,0.717234,41943.3,547.821
2786,22822912,4.43712,0.000969851,0.726998,38917.3,548.032
2787,22831104,4.40871,0.000969825,0.774952,43274,548.221
2788,22839296,4.49782,0.000969799,0.765764,44636.1,548.405
2789,22847488,4.39796,0.000969773,0.742756,45253.7,548.586
2790,22855680,4.28988,0.000969746,0.757106,44332.6,548.77
2791,22863872,4.24075,0.00096972,0.929208,39136.7,548.98
2792,22872064,4.46503,0.000969694,0.775263,41889.1,549.175
2793,22880256,4.46659,0.000969668,0.738842,44289.4,549.36
2794,22888448,4.43442,0.000969642,0.708536,45255.7,549.541
2795,22896640,4.40945,0.000969616,0.75779,44916.8,549.724
2796,22904832,4.50317,0.000969589,0.749388,43976.9,549.91
2797,22913024,4.43243,0.000969563,0.8023,42503.8,550.103
2798,22921216,4.5782,0.000969537,0.797208,43350,550.292
2799,22929408,4.41071,0.000969511,0.821638,44996.2,550.474
2800,22937600,4.20454,0.000969485,0.721667,45186.2,550.655
2801,22945792,4.26784,0.000969458,0.716859,41430.8,550.853
2802,22953984,4.33058,0.000969432,0.752491,46307.8,551.03
2803,22962176,4.27509,0.000969406,0.751037,45572.7,551.209
2804,22970368,4.41691,0.000969379,0.764967,45450,551.39
2805,22978560,4.38153,0.000969353,0.75818,39935.2,551.595
2806,22986752,4.34462,0.000969327,0.778963,38235.5,551.809
2807,22994944,4.53011,0.000969301,0.821838,43800.5,551.996
2808,23003136,4.34579,0.000969274,0.748939,44721,552.179
2809,23011328,4.49817,0.000969248,0.74242,45632.8,552.359
2810,23019520,4.21759,0.000969222,0.787063,41998.4,552.554
2811,23027712,4.3218,0.000969195,0.752262,36872,552.776
2812,23035904,4.44538,0.000969169,0.782263,43247.4,552.965
2813,23044096,4.3106,0.000969142,0.734222,44686,553.149
2814,23052288,4.3558,0.000969116,0.742656,45204.5,553.33
2815,23060480,4.33233,0.00096909,0.756898,42687.2,553.522
2816,23068672,4.4733,0.000969063,0.792153,39845.7,553.727
2817,23076864,4.29102,0.000969037,0.854265,42182.3,553.922
2818,23085056,4.26216,0.00096901,0.755575,43901,554.108
2819,23093248,4.475,0.000968984,0.830747,44989.7,554.29
2820,23101440,4.39258,0.000968957,0.775751,43888,554.477
2821,23109632,4.36824,0.000968931,0.77203,39303.5,554.685
2822,23117824,4.5502,0.000968905,0.825469,42923.9,554.876
2823,23126016,4.45568,0.000968878,0.715708,43752.6,555.064
2824,23134208,4.23846,0.000968852,0.734983,44701.1,555.247
2825,23142400,4.3414,0.000968825,0.758355,44718.8,555.43
2826,23150592,4.33082,0.000968799,0.746178,44920.9,555.612
2827,23158784,4.30941,0.000968772,0.846387,45559.6,555.792
2828,23166976,4.2119,0.000968745,0.862793,45533.2,555.972
2829,23175168,4.4771,0.000968719,0.851117,45581.7,556.152
2830,23183360,4.32985,0.000968692,0.738808,39972.1,556.357
2831,23191552,4.33138,0.000968666,0.800601,36003.6,556.584
2832,23199744,4.19786,0.000968639,0.722682,45096.7,556.766
2833,23207936,4.27986,0.000968613,0.78573,45307.9,556.947
2834,23216128,4.44286,0.000968586,0.711462,45544.9,557.127
2835,23224320,4.26747,0.000968559,0.707081,41696.6,557.323
2836,23232512,4.30035,0.000968533,0.725596,38754.8,557.534
2837,23240704,4.38042,0.000968506,0.841845,43355.3,557.723
2838,23248896,4.1751,0.000968479,0.706826,44452,557.908
2839,23257088,4.37289,0.000968453,0.739219,44966.2,558.09
2840,23265280,4.41978,0.000968426,0.797612,42855.6,558.281
2841,23273472,4.3967,0.000968399,0.754046,37648.6,558.499
2842,23281664,4.29463,0.000968373,0.769478,42790.9,558.69
2843,23289856,4.36043,0.000968346,0.83847,44501,558.874
2844,23298048,4.46583,0.000968319,0.784179,45220.8,559.055
2845,23306240,4.34613,0.000968293,0.746691,43777.1,559.242
2846,23314432,4.28099,0.000968266,0.732139,41600.7,559.439
2847,23322624,4.29871,0.000968239,0.799454,42141.7,559.634
2848,23330816,4.37081,0.000968212,0.768372,43812.8,559.821
2849,23339008,4.45243,0.000968186,0.747323,45078.7,560.002
2850,23347200,4.27687,0.000968159,0.759127,45180.2,560.184
2851,23355392,4.46471,0.000968132,0.806881,42227,560.378
2852,23363584,4.32612,0.000968105,0.805308,45695.3,560.557
2853,23371776,4.23896,0.000968078,0.833403,45776.5,560.736
2854,23379968,4.37387,0.000968052,0.829526,45851.7,560.915
2855,23388160,4.37622,0.000968025,0.796388,39928.1,561.12
2856,23396352,4.41556,0.000967998,0.810166,37506.9,561.338
2857,23404544,4.15436,0.000967971,0.747551,43346.5,561.527
2858,23412736,4.42004,0.000967944,0.750172,44954.5,561.709
2859,23420928,4.35506,0.000967917,0.864426,45761.9,561.888
2860,23429120,4.46588,0.00096789,0.789362,43387.3,562.077
2861,23437312,4.26993,0.000967863,0.759893,36638,562.301
2862,23445504,4.18246,0.000967837,0.768564,42881.7,562.492
2863,23453696,4.35729,0.00096781,0.73977,44207.7,562.677
2864,23461888,4.2709,0.000967783,0.776722,44777.9,562.86
2865,23470080,4.25217,0.000967756,0.752804,43830.5,563.047
2866,23478272,4.27054,0.000967729,0.768767,39994.9,563.252
2867,23486464,4.37389,0.000967702,0.751584,41558.7,563.449
2868,23494656,4.21144,0.000967675,0.778426,43099.8,563.639
2869,23502848,4.29949,0.000967648,0.801893,45335.4,563.82
2870,23511040,4.27631,0.000967621,0.749636,44407.4,564.004
2871,23519232,4.37273,0.000967594,0.773739,39822.4,564.21
2872,23527424,4.35889,0.000967567,0.724873,42852.1,564.401
2873,23535616,4.04192,0.00096754,0.833669,42919.9,564.592
2874,23543808,4.46049,0.000967513,0.818987,44936.3,564.774
2875,23552000,4.28969,0.000967486,0.767942,45044.1,564.956
2876,23560192,4.53006,0.000967459,0.780308,45352.1,565.137
2877,23568384,4.38708,0.000967432,0.781892,44891.4,565.319
2878,23576576,4.45974,0.000967405,0.847965,44822.6,565.502
2879,23584768,4.37498,0.000967377,0.796858,45137.8,565.684
2880,23592960,4.40768,0.00096735,0.732244,39340.5,565.892
2881,23601152,4.19178,0.000967323,0.758987,36004.3,566.119
2882,23609344,4.23088,0.000967296,0.814471,44375.7,566.304
2883,23617536,4.1748,0.000967269,0.775167,44985.3,566.486
2884,23625728,4.23662,0.000967242,0.794531,45298.9,566.667
2885,23633920,4.49345,0.000967215,0.791611,41979.4,566.862
2886,23642112,4.39848,0.000967187,0.783989,38942,567.072
2887,23650304,4.37071,0.00096716,0.786351,42545.4,567.265
2888,23658496,4.51804,0.000967133,0.729884,44622.7,567.448
2889,23666688,4.43174,0.000967106,0.804541,45214.6,567.63
2890,23674880,4.3736,0.000967079,0.829441,44829.5,567.812
2891,23683072,4.37085,0.000967051,0.754085,38824.2,568.023
2892,23691264,4.24482,0.000967024,0.781781,42939.2,568.214
2893,23699456,4.33358,0.000966997,0.753353,44731.4,568.397
2894,23707648,4.25045,0.00096697,0.749234,45255.1,568.578
2895,23715840,4.25525,0.000966942,0.771281,45191.2,568.76
2896,23724032,4.36087,0.000966915,0.778033,43589.5,568.948
2897,23732224,4.28639,0.000966888,0.746476,43160.7,569.137
2898,23740416,4.35943,0.000966861,0.750652,43923.4,569.324
2899,23748608,4.44888,0.000966833,0.823461,44958.4,569.506
2900,23756800,4.27423,0.000966806,0.792782,45478,569.686
2901,23764992,4.43851,0.000966779,0.775769,42422.4,569.879
2902,23773184,4.51704,0.000966751,0.848626,45680.2,570.059
2903,23781376,4.42662,0.000966724,0.759223,45846.5,570.237
2904,23789568,4.30121,0.000966697,0.73852,45795.7,570.416
2905,23797760,4.30136,0.000966669,0.857864,39522.8,570.623
2906,23805952,4.46191,0.000966642,0.801453,38832.3,570.834
2907,23814144,4.49699,0.000966614,0.793682,44038.2,571.02
2908,23822336,4.16417,0.000966587,0.774845,45304.3,571.201
2909,23830528,4.22768,0.00096656,0.824464,45128.2,571.383
2910,23838720,4.18154,0.000966532,0.800442,41829.6,571.579
2911,23846912,4.2053,0.000966505,0.739939,37115.4,571.799
2912,23855104,4.36875,0.000966477,0.796851,43318.5,571.988
2913,23863296,4.45475,0.00096645,0.742113,44633,572.172
2914,23871488,4.31202,0.000966422,0.746655,44949.7,572.354
2915,23879680,4.46409,0.000966395,0.793793,42869.1,572.545
2916,23887872,4.20776,0.000966367,0.825827,39586,572.752
2917,23896064,4.42665,0.00096634,0.756081,41950.4,572.948
2918,23904256,4.30276,0.000966312,0.761379,43906.2,573.134
2919,23912448,4.43585,0.000966285,0.725851,44459.4,573.318
2920,23920640,4.22068,0.000966257,0.845422,43677.3,573.506
2921,23928832,4.0836,0.00096623,0.737191,38944,573.716
2922,23937024,4.46833,0.000966202,0.746874,42636.8,573.908
2923,23945216,4.41112,0.000966175,0.79636,43724.9,574.096
2924,23953408,4.46409,0.000966147,0.831261,44854.2,574.278
2925,23961600,4.48275,0.000966119,0.771216,44684.3,574.462
2926,23969792,4.33051,0.000966092,0.860165,45614,574.641
2927,23977984,4.39747,0.000966064,0.751554,45506.9,574.821
2928,23986176,4.42726,0.000966037,0.785925,45465.8,575.002
2929,23994368,4.33761,0.000966009,0.727709,45792.2,575.18
2930,24002560,4.14695,0.000965981,0.797763,39660.2,575.387
2931,24010752,4.40173,0.000965954,0.820155,35136.9,575.62
2932,24018944,4.30721,0.000965926,0.786747,45080.5,575.802
2933,24027136,4.22199,0.000965898,0.806835,45403.8,575.982
2934,24035328,4.08158,0.000965871,0.77124,45404.7,576.163
2935,24043520,4.22006,0.000965843,0.751544,41735.4,576.359
2936,24051712,4.34541,0.000965815,0.859155,38544.7,576.572
2937,24059904,4.2973,0.000965787,0.772049,43378.5,576.76
2938,24068096,4.69381,0.00096576,0.773231,44132.4,576.946
2939,24076288,4.42733,0.000965732,0.777514,44679.3,577.129
2940,24084480,4.19518,0.000965704,0.752004,42847.5,577.321
2941,24092672,4.43364,0.000965676,0.759606,36761.1,577.543
2942,24100864,4.23716,0.000965649,0.757714,42126.2,577.738
2943,24109056,4.46422,0.000965621,0.846175,44037.5,577.924
2944,24117248,4.34919,0.000965593,0.729147,44895.6,578.106
2945,24125440,4.23175,0.000965565,0.786227,44197.7,578.292
2946,24133632,4.30933,0.000965537,0.732225,42166.5,578.486
2947,24141824,4.28431,0.00096551,0.74887,42260.1,578.68
2948,24150016,4.3805,0.000965482,0.768069,44001.4,578.866
2949,24158208,4.26053,0.000965454,0.805883,44808.4,579.049
2950,24166400,4.42289,0.000965426,0.753985,45326.2,579.23
2951,24174592,4.48911,0.000965398,0.780561,43058.5,579.42
2952,24182784,4.26237,0.00096537,0.790373,46496.8,579.596
2953,24190976,4.34321,0.000965342,0.741883,45885.6,579.775
2954,24199168,4.21153,0.000965314,0.714977,45852.1,579.953
2955,24207360,4.4723,0.000965287,1.0058,39280.6,580.162
2956,24215552,4.54366,0.000965259,0.733459,39136.8,580.371
2957,24223744,4.40753,0.000965231,0.775086,45058.7,580.553
2958,24231936,4.22986,0.000965203,0.722672,45552.8,580.733
2959,24240128,4.43564,0.000965175,0.805603,45379.7,580.913
2960,24248320,4.29546,0.000965147,0.758252,41717.9,581.11
2961,24256512,4.41556,0.000965119,0.826755,37350.4,581.329
2962,24264704,4.51203,0.000965091,1.04377,43666.5,581.516
2963,24272896,4.30851,0.000965063,0.828534,45190,581.698
2964,24281088,4.34481,0.000965035,0.745094,45534.1,581.878
2965,24289280,4.12985,0.000965007,0.75671,43922.9,582.064
2966,24297472,4.3858,0.000964979,0.845097,40829.5,582.265
2967,24305664,4.42567,0.000964951,0.761877,42644.7,582.457
2968,24313856,4.37453,0.000964923,0.708808,44691.7,582.64
2969,24322048,4.43467,0.000964895,0.844796,45949.1,582.819
2970,24330240,4.47197,0.000964867,0.799032,45215.1,583
2971,24338432,4.47276,0.000964838,0.756696,40357.4,583.203
2972,24346624,4.26034,0.00096481,0.740099,43004.7,583.393
2973,24354816,4.13462,0.000964782,0.83058,14.3952,1152.47
2974,24363008,4.26648,0.000964754,0.800751,33076.4,1152.72
2975,24371200,4.53537,0.000964726,0.832668,43386.9,1152.91
2976,24379392,4.24238,0.000964698,0.736341,41211.9,1153.11
2977,24387584,4.31459,0.00096467,0.723681,40140.3,1153.31
2978,24395776,4.37158,0.000964641,0.754707,37940.1,1153.53
2979,24403968,4.2502,0.000964613,0.745393,42401.2,1153.72
2980,24412160,4.28063,0.000964585,0.754279,34503.2,1153.96
2981,24420352,4.34606,0.000964557,0.75621,35116.1,1154.19
2982,24428544,4.17673,0.000964529,0.707637,43536,1154.38
2983,24436736,4.25892,0.000964501,0.974835,42956.4,1154.57
2984,24444928,4.29831,0.000964472,0.765439,40492,1154.77
2985,24453120,4.31899,0.000964444,0.770649,39242.5,1154.98
2986,24461312,4.34997,0.000964416,0.747803,39731.4,1155.19
2987,24469504,4.15046,0.000964388,0.727701,42892.7,1155.38
2988,24477696,4.22104,0.000964359,0.750771,42064.4,1155.57
2989,24485888,4.22823,0.000964331,0.738948,43317.3,1155.76
2990,24494080,4.28304,0.000964303,0.827611,40255.6,1155.96
2991,24502272,4.27021,0.000964274,0.712988,37589.7,1156.18
2992,24510464,4.44759,0.000964246,0.748042,41975.9,1156.38
2993,24518656,4.38693,0.000964218,0.74463,42674.2,1156.57
2994,24526848,4.26325,0.000964189,0.753083,42632.2,1156.76
2995,24535040,4.26271,0.000964161,0.729216,41451.2,1156.96
2996,24543232,4.28668,0.000964133,0.694577,40311.5,1157.16
2997,24551424,4.24351,0.000964104,0.71336,41744.5,1157.36
2998,24559616,4.3287,0.000964076,0.777919,42609.6,1157.55
2999,24567808,4.24622,0.000964048,0.767281,43454.3,1157.74
3000,24576000,4.1847,0.000964019,0.723268,42416.2,1157.93
