step,tokens,loss,lr,grad_norm,tokens_per_s,train_seconds
1,8192,9.75509,2e-06,6.59023,23490.8,0.348732
2,16384,9.73378,4e-06,6.92644,46934.9,0.523272
3,24576,9.73151,6e-06,7.03371,45830.1,0.702019
4,32768,9.68122,8e-06,6.75234,45474.7,0.882163
5,40960,9.64195,1e-05,6.32834,40327.2,1.0853
6,49152,9.61268,1.2e-05,5.8685,38890.4,1.29594
7,57344,9.53297,1.4e-05,5.14628,42164.8,1.49023
8,65536,9.50854,1.6e-05,4.42756,45426.4,1.67057
9,73728,9.44775,1.8e-05,4.09865,46233.6,1.84775
10,81920,9.40252,2e-05,3.95743,43528.9,2.03595
11,90112,9.34834,2.2e-05,3.66485,39746.5,2.24206
12,98304,9.31708,2.4e-05,3.28103,42619.3,2.43427
13,106496,9.28459,2.6e-05,2.96914,44143.1,2.61985
14,114688,9.24702,2.8e-05,2.76202,45539,2.79974
15,122880,9.18906,3e-05,2.55262,43685.5,2.98726
16,131072,9.19201,3.2e-05,2.37194,42433.8,3.18031
17,139264,9.1533,3.4e-05,2.24179,42208.5,3.3744
18,147456,9.1215,3.6e-05,2.18417,43810.3,3.56138
19,155648,9.0868,3.8e-05,2.14043,45293.3,3.74225
20,163840,9.10923,4e-05,1.97837,44734.3,3.92538
21,172032,9.04915,4.2e-05,1.97269,43071.1,4.11557
22,180224,9.02632,4.4e-05,1.95461,46394.6,4.29215
23,188416,9.04564,4.6e-05,1.83271,45233.1,4.47325
24,196608,9.00478,4.8e-05,1.91541,44782,4.65618
25,204800,8.99797,5e-05,1.94092,44434.4,4.84054
26,212992,8.97353,5.2e-05,1.82103,45639.1,5.02004
27,221184,8.96652,5.4e-05,1.79635,45419.8,5.2004
28,229376,8.96281,5.6e-05,1.80588,45371.9,5.38095
29,237568,8.93598,5.8e-05,1.76945,45366.1,5.56153
30,245760,8.93212,6e-05,1.72506,39092.5,5.77108
31,253952,8.88078,6.2e-05,1.80097,35992.9,5.99868
32,262144,8.8491,6.4e-05,1.81711,45070.6,6.18044
33,270336,8.82101,6.6e-05,1.81975,46073.2,6.35825
34,278528,8.82507,6.8e-05,1.70376,45820.5,6.53703
35,286720,8.80715,7e-05,1.68937,42898.5,6.72799
36,294912,8.75982,7.2e-05,1.72722,40222.9,6.93166
37,303104,8.74564,7.4e-05,1.70017,43442,7.12023
38,311296,8.69137,7.6e-05,1.74264,45462.1,7.30043
39,319488,8.66947,7.8e-05,1.72178,45853,7.47908
40,327680,8.65923,8e-05,1.75641,44815.3,7.66188
41,335872,8.63457,8.2e-05,1.70063,42735.5,7.85357
42,344064,8.56716,8.4e-05,1.7364,45884.2,8.03211
43,352256,8.50352,8.6e-05,1.76439,45195.4,8.21336
44,360448,8.47053,8.8e-05,1.77189,44099.1,8.39913
45,368640,8.44544,9e-05,1.78414,43978.5,8.5854
46,376832,8.41155,9.2e-05,1.7852,44375.8,8.77
47,385024,8.45224,9.4e-05,1.6606,44929.8,8.95233
48,393216,8.37043,9.6e-05,2.02779,45435.6,9.13263
49,401408,8.32944,9.8e-05,1.70304,45212.4,9.31382
50,409600,8.33659,0.0001,2.09992,44060.3,9.49975
51,417792,8.25942,0.000102,1.66274,42881.6,9.69079
52,425984,8.24674,0.000104,1.60632,46594.2,9.8666
53,434176,8.19622,0.000106,1.69154,46271.7,10.0436
54,442368,8.15319,0.000108,1.66719,46678,10.2191
55,450560,8.16343,0.00011,1.85713,41567,10.4162
56,458752,8.13251,0.000112,1.6033,39979.3,10.6211
57,466944,7.97277,0.000114,1.66289,45310.4,10.8019
58,475136,7.98856,0.000116,1.57782,45896,10.9804
59,483328,8.02522,0.000118,1.51761,46088,11.1582
60,491520,7.96691,0.00012,1.46407,44348,11.3429
61,499712,7.98433,0.000122,1.41458,42616.6,11.5351
62,507904,7.78947,0.000124,1.56107,46301.4,11.712
63,516096,7.80556,0.000126,1.62041,44795.5,11.8949
64,524288,7.8601,0.000128,1.51419,42935.8,12.0857
65,532480,7.81397,0.00013,1.44506,43919.1,12.2722
66,540672,7.67913,0.000132,1.65438,44700.3,12.4555
67,548864,7.755,0.000134,1.37684,45274.8,12.6364
68,557056,7.61076,0.000136,1.59303,45747.2,12.8155
69,565248,7.61645,0.000138,1.40795,43975.1,13.0018
70,573440,7.629,0.00014,1.3734,44115.8,13.1875
71,581632,7.45697,0.000142,1.46245,41681.5,13.384
72,589824,7.59875,0.000144,1.31781,45717.9,13.5632
73,598016,7.49914,0.000146,1.29715,45630.2,13.7427
74,606208,7.4813,0.000148,1.37108,45133.2,13.9243
75,614400,7.47027,0.00015,1.22729,44180.1,14.1097
76,622592,7.50165,0.000152,1.17765,46366,14.2864
77,630784,7.53288,0.000154,1.13743,46435,14.4628
78,638976,7.37168,0.000156,1.19288,46561.3,14.6387
79,647168,7.38734,0.000158,1.13152,46670.5,14.8142
80,655360,7.30905,0.00016,1.04543,41422.6,15.012
81,663552,7.23663,0.000162,1.1266,43718.2,15.1994
82,671744,7.31406,0.000164,1.01751,45278.3,15.3803
83,679936,7.37237,0.000166,0.968307,43406.2,15.569
84,688128,7.25058,0.000168,1.04819,42481,15.7619
85,696320,7.23037,0.00017,0.987635,44373.1,15.9465
86,704512,7.15282,0.000172,0.94281,45396.8,16.127
87,712704,7.21052,0.000174,0.913963,44876,16.3095
88,720896,7.24636,0.000176,0.847847,44237.1,16.4947
89,729088,7.06796,0.000178,0.930856,43254.4,16.6841
90,737280,7.14564,0.00018,0.864174,44216.6,16.8693
91,745472,7.16195,0.000182,0.800035,42532.4,17.062
92,753664,7.13438,0.000184,0.698062,45836.7,17.2407
93,761856,6.96583,0.000186,0.85882,44988.1,17.4228
94,770048,7.01852,0.000188,0.82489,43880.7,17.6095
95,778240,7.08322,0.00019,0.669747,222.919,54.3582
96,786432,6.95083,0.000192,0.819298,29891.2,54.6322
97,794624,6.9902,0.000194,0.654162,42863.8,54.8233
98,802816,6.90101,0.000196,0.775272,41106.9,55.0226
99,811008,7.0351,0.000198,0.621388,38957.9,55.2329
100,819200,6.9045,0.0002,0.702117,30153.7,55.5046
101,827392,7.04454,0.000202,0.569857,40614.5,55.7063
102,835584,6.93338,0.000204,0.563423,44115.4,55.892
103,843776,6.92658,0.000206,0.649053,44063.5,56.0779
104,851968,6.89611,0.000208,0.645008,43867.6,56.2646
105,860160,6.9311,0.00021,0.73027,35661,56.4943
106,868352,6.89523,0.000212,0.62991,38256.5,56.7085
107,876544,7.04984,0.000214,0.696946,43569.9,56.8965
108,884736,6.93731,0.000216,0.631313,44450,57.0808
109,892928,6.82088,0.000218,0.776657,44415.5,57.2652
110,901120,6.91017,0.00022,0.639357,40553.5,57.4672
111,909312,6.84026,0.000222,0.680713,37196.4,57.6875
112,917504,6.92296,0.000224,0.653768,43882.8,57.8742
113,925696,6.85038,0.000226,0.749251,44104.2,58.0599
114,933888,6.65257,0.000228,0.680754,44206,58.2452
115,942080,6.8742,0.00023,0.77294,41537.6,58.4424
116,950272,6.64187,0.000232,0.862115,39869.3,58.6479
117,958464,6.75827,0.000234,0.625454,43016.6,58.8383
118,966656,6.77197,0.000236,0.744937,44043.9,59.0243
119,974848,6.75914,0.000238,0.740503,44259.4,59.2094
120,983040,6.75278,0.00024,0.859838,42819.3,59.4007
121,991232,6.72809,0.000242,0.762645,37877.6,59.617
122,999424,6.72935,0.000244,0.701971,42878.2,59.8081
123,1007616,6.87277,0.000246,0.608587,44176.9,59.9935
124,1015808,6.90357,0.000248,0.74092,45333.3,60.1742
125,1024000,6.53749,0.00025,0.837821,44895.3,60.3567
126,1032192,6.66754,0.000252,0.888169,44449.7,60.541
127,1040384,6.78801,0.000254,0.682016,45772.7,60.72
128,1048576,6.67361,0.000256,0.75615,45523.5,60.8999
129,1056768,6.67532,0.000258,0.714446,45856.5,61.0786
130,1064960,6.71292,0.00026,0.836678,40723.6,61.2797
131,1073152,6.73811,0.000262,0.732475,36415,61.5047
132,1081344,6.75409,0.000264,0.746172,45024.2,61.6866
133,1089536,6.66548,0.000266,0.628923,45779.9,61.8656
134,1097728,6.69057,0.000268,0.628992,45646.9,62.045
135,1105920,6.6234,0.00027,0.751912,43385.4,62.2338
136,1114112,6.65207,0.000272,0.73621,39277.4,62.4424
137,1122304,6.63143,0.000274,0.741851,43767.9,62.6296
138,1130496,6.6909,0.000276,0.695018,45352,62.8102
139,1138688,6.66857,0.000278,0.669124,45796.3,62.9891
140,1146880,6.65282,0.00028,0.762491,44748.6,63.1722
141,1155072,6.76186,0.000282,0.633247,39264.6,63.3808
142,1163264,6.54459,0.000284,0.848592,43120.7,63.5708
143,1171456,6.71134,0.000286,0.81312,44592.6,63.7545
144,1179648,6.64461,0.000288,0.691361,45754,63.9335
145,1187840,6.69256,0.00029,0.688529,45392.3,64.114
146,1196032,6.62784,0.000292,0.73849,43272.6,64.3033
147,1204224,6.63673,0.000294,0.854194,42711.3,64.4951
148,1212416,6.6249,0.000296,0.779168,44076.4,64.681
149,1220608,6.62746,0.000298,1.02986,45462.5,64.8612
150,1228800,6.42344,0.0003,0.744868,45675.9,65.0405
151,1236992,6.57864,0.000302,0.654751,42293.3,65.2342
152,1245184,6.5534,0.000304,0.682695,46685.1,65.4097
153,1253376,6.60916,0.000306,0.778372,46434.1,65.5861
154,1261568,6.61858,0.000308,0.663101,46230.2,65.7633
155,1269760,6.47805,0.00031,0.730272,40989.7,65.9632
156,1277952,6.50584,0.000312,0.838384,39721.1,66.1694
157,1286144,6.58268,0.000314,0.678094,45204.9,66.3506
158,1294336,6.41583,0.000316,0.706816,45985.5,66.5288
159,1302528,6.26336,0.000318,0.815873,46143,66.7063
160,1310720,6.56136,0.00032,0.819417,44170,66.8918
161,1318912,6.50114,0.000322,0.676473,37556.7,67.1099
162,1327104,6.4561,0.000324,0.695409,44103.4,67.2956
163,1335296,6.50962,0.000326,0.819355,45328.3,67.4764
164,1343488,6.45532,0.000328,0.728068,45807.2,67.6552
165,1351680,6.50406,0.00033,0.842374,44665.5,67.8386
166,1359872,6.48599,0.000332,0.806464,41580.8,68.0356
167,1368064,6.44643,0.000334,0.655332,42937,68.2264
168,1376256,6.28703,0.000336,0.774279,44737.9,68.4095
169,1384448,6.27969,0.000338,0.759253,45458.1,68.5897
170,1392640,6.45081,0.00034,0.804719,44935.4,68.772
171,1400832,6.44061,0.000342,0.695639,40478.4,68.9744
172,1409024,6.51428,0.000344,0.732546,43044.1,69.1647
173,1417216,6.39958,0.000346,0.760474,44117.2,69.3504
174,1425408,6.60173,0.000348,0.697517,45186.4,69.5317
175,1433600,6.46241,0.00035,0.719119,45427.5,69.712
176,1441792,6.35145,0.000352,0.700272,44581.1,69.8958
177,1449984,6.49756,0.000354,0.750404,45341.9,70.0765
178,1458176,6.48633,0.000356,0.758377,45512.5,70.2565
179,1466368,6.3091,0.000358,0.858838,45161.7,70.4379
180,1474560,6.40445,0.00036,0.695435,42521.1,70.6305
181,1482752,6.40909,0.000362,0.683115,34971.3,70.8648
182,1490944,6.47376,0.000364,0.691473,44155.7,71.0503
183,1499136,6.40742,0.000366,0.782171,44946.2,71.2325
184,1507328,6.35516,0.000368,0.820124,45689.6,71.4118
185,1515520,6.31854,0.00037,0.612609,44326.5,71.5967
186,1523712,6.32847,0.000372,0.720394,39551.5,71.8038
187,1531904,6.40287,0.000374,0.697026,42365.5,71.9971
188,1540096,6.46892,0.000376,0.73797,44622,72.1807
189,1548288,6.21609,0.000378,0.872354,45331.5,72.3614
190,1556480,6.42428,0.00038,0.853054,44887.7,72.5439
191,1564672,6.23937,0.000382,0.773665,39830.6,72.7496
192,1572864,6.40078,0.000384,1.20146,42748.8,72.9412
193,1581056,6.346,0.000386,0.683336,43636.3,73.129
194,1589248,6.42607,0.000388,0.979554,45418.9,73.3093
195,1597440,6.21625,0.00039,0.668073,45381.1,73.4899
196,1605632,6.37492,0.000392,0.800459,44122.1,73.6755
197,1613824,6.37764,0.000394,0.681515,42928.8,73.8664
198,1622016,6.411,0.000396,0.794815,43940.5,74.0528
199,1630208,6.35803,0.000398,0.758505,44677.4,74.2361
200,1638400,6.36189,0.0004,0.750716,45921,74.4145
201,1646592,6.23853,0.000402,0.722528,43039.6,74.6049
202,1654784,6.17743,0.000404,0.666529,46407.1,74.7814
203,1662976,6.36685,0.000406,0.682077,46619.5,74.9571
204,1671168,6.18084,0.000408,0.720747,46209.2,75.1344
205,1679360,6.16191,0.00041,0.721201,40722.5,75.3356
206,1687552,6.25914,0.000412,0.823675,39440.2,75.5433
207,1695744,6.32201,0.000414,0.817682,44741.7,75.7264
208,1703936,6.23198,0.000416,0.828688,46381.3,75.903
209,1712128,6.25626,0.000418,0.820964,45992.3,76.0811
210,1720320,6.24814,0.00042,0.778364,43389.3,76.2699
211,1728512,6.38077,0.000422,0.858101,37463.3,76.4886
212,1736704,6.2699,0.000424,0.819463,43956.5,76.6749
213,1744896,6.24415,0.000426,0.844266,45722.9,76.8541
214,1753088,6.2767,0.000428,0.780044,45710.7,77.0333
215,1761280,6.25461,0.00043,0.794855,44573.4,77.2171
216,1769472,6.30052,0.000432,0.663822,42084.4,77.4118
217,1777664,6.10696,0.000434,0.872949,42603.1,77.6041
218,1785856,6.12898,0.000436,0.684229,44680.4,77.7874
219,1794048,6.17685,0.000438,0.764292,45672,77.9668
220,1802240,6.26603,0.00044,0.771959,44941.5,78.149
221,1810432,6.16702,0.000442,0.892074,40936.9,78.3492
222,1818624,6.31617,0.000444,0.781506,42642.9,78.5413
223,1826816,6.28484,0.000446,0.741668,43896.6,78.7279
224,1835008,6.13501,0.000448,0.731473,45483,78.908
225,1843200,6.09118,0.00045,0.839708,45524,79.0879
226,1851392,6.31789,0.000452,0.700422,44057.9,79.2739
227,1859584,6.27263,0.000454,0.751997,45467.4,79.4541
228,1867776,6.08682,0.000456,0.649146,45559.7,79.6339
229,1875968,6.14315,0.000458,0.645017,45723,79.813
230,1884160,6.23377,0.00046,0.658486,40493,80.0153
231,1892352,6.06332,0.000462,0.676515,36513.2,80.2397
232,1900544,6.08557,0.000464,0.682862,45134.3,80.4212
233,1908736,6.36003,0.000466,0.671274,45389.9,80.6017
234,1916928,6.21551,0.000468,0.692777,46034.8,80.7796
235,1925120,6.08251,0.00047,0.667309,43628.4,80.9674
236,1933312,6.10789,0.000472,0.68735,39921.7,81.1726
237,1941504,6.3931,0.000474,0.72624,43670.6,81.3602
238,1949696,6.1469,0.000476,0.644376,45068.6,81.542
239,1957888,6.27356,0.000478,0.674399,45988.8,81.7201
240,1966080,6.20585,0.00048,0.672029,44621.3,81.9037
241,1974272,6.24574,0.000482,0.661464,38688.2,82.1154
242,1982464,5.96341,0.000484,0.657829,43444,82.304
243,1990656,6.29367,0.000486,0.851326,44386.4,82.4885
244,1998848,5.98951,0.000488,0.638232,45678.5,82.6679
245,2007040,6.08966,0.00049,0.671932,45018.9,82.8499
246,2015232,6.26154,0.000492,0.841419,42652.1,83.0419
247,2023424,6.31387,0.000494,0.652587,42760.2,83.2335
248,2031616,6.05836,0.000496,0.744241,44354.4,83.4182
249,2039808,6.0409,0.000498,0.671398,45475.6,83.5983
250,2048000,6.12862,0.0005,0.668162,45757.7,83.7774
251,2056192,6.13081,0.000502,0.715588,42371.2,83.9707
252,2064384,6.12098,0.000504,0.737753,46591.9,84.1465
253,2072576,5.98048,0.000506,0.718042,45727.2,84.3257
254,2080768,6.1799,0.000508,0.757576,46039.4,84.5036
255,2088960,6.18035,0.00051,0.673828,40753.7,84.7046
256,2097152,6.10575,0.000512,0.776549,38407.7,84.9179
257,2105344,6.09757,0.000514,0.64008,44727.9,85.1011
258,2113536,6.23151,0.000516,0.754827,45858,85.2797
259,2121728,6.11054,0.000518,0.771642,46076.2,85.4575
260,2129920,6.00449,0.00052,0.710679,43720.3,85.6449
261,2138112,6.22196,0.000522,0.701367,38236,85.8591
262,2146304,6.15298,0.000524,0.796429,43761.4,86.0463
263,2154496,6.12012,0.000526,0.698326,45233.8,86.2274
264,2162688,6.30637,0.000528,0.69911,45844.8,86.4061
265,2170880,6.20674,0.00053,0.715224,45029.4,86.588
266,2179072,6.17868,0.000532,0.720753,41752.1,86.7842
267,2187264,6.1053,0.000534,0.745917,42451.4,86.9772
268,2195456,6.1211,0.000536,0.639742,44953.3,87.1594
269,2203648,6.20047,0.000538,0.705514,45415.3,87.3398
270,2211840,5.90962,0.00054,0.879395,45481.3,87.5199
271,2220032,6.04907,0.000542,0.725884,40743.9,87.721
272,2228224,6.27752,0.000544,0.836672,42991,87.9116
273,2236416,5.99838,0.000546,0.814572,44390.4,88.0961
274,2244608,6.04719,0.000548,0.768668,45365.4,88.2767
275,2252800,6.06166,0.00055,0.810382,45433.4,88.457
276,2260992,6.03233,0.000552,0.705653,45470.6,88.6371
277,2269184,6.05757,0.000554,0.72365,46003.2,88.8152
278,2277376,6.13189,0.000556,0.78812,46040.4,88.9932
279,2285568,6.08691,0.000558,0.871913,46162,89.1706
280,2293760,6.11898,0.00056,0.742745,42012,89.3656
281,2301952,6.2373,0.000562,0.777883,36560.7,89.5897
282,2310144,6.20554,0.000564,0.747913,44850.5,89.7723
283,2318336,6.11041,0.000566,0.631845,45926.3,89.9507
284,2326528,6.19957,0.000568,0.665044,46015.8,90.1287
285,2334720,6.1947,0.00057,0.711007,44339.6,90.3135
286,2342912,6.07816,0.000572,0.607188,39936.3,90.5186
287,2351104,6.07704,0.000574,0.641793,43188.9,90.7083
288,2359296,6.08576,0.000576,0.722369,45180.2,90.8896
289,2367488,6.13041,0.000578,0.645812,45725.4,91.0688
290,2375680,6.1514,0.00058,0.625296,44894.5,91.2512
291,2383872,5.98356,0.000582,0.660366,39693,91.4576
292,2392064,5.99176,0.000584,0.624882,42885.8,91.6486
293,2400256,6.16573,0.000586,0.716675,44596,91.8323
294,2408448,5.98413,0.000588,0.66913,45384.6,92.0128
295,2416640,6.07792,0.00059,0.663709,45317.2,92.1936
296,2424832,6.15002,0.000592,0.679397,43464.8,92.3821
297,2433024,6.09314,0.000594,0.674935,42585.2,92.5744
298,2441216,6.0351,0.000596,0.65145,44018.6,92.7605
299,2449408,5.97745,0.000598,1.24931,45217,92.9417
300,2457600,5.91137,0.0006,0.687623,45563.7,93.1215
301,2465792,6.16028,0.000602,0.766069,41855.9,93.3172
302,2473984,5.95548,0.000604,0.621223,46090.5,93.495
303,2482176,5.98508,0.000606,0.663392,46102.8,93.6727
304,2490368,5.99206,0.000608,0.63997,46070.5,93.8505
305,2498560,6.09525,0.00061,0.659985,40112.1,94.0547
306,2506752,6.02095,0.000612,0.563498,39026.6,94.2646
307,2514944,6.10409,0.000614,0.652164,44626.3,94.4482
308,2523136,6.01115,0.000616,0.667555,46048.3,94.6261
309,2531328,6.07835,0.000618,0.611299,45989.7,94.8042
310,2539520,5.99506,0.00062,0.662663,43662,94.9918
311,2547712,5.89515,0.000622,0.660937,37767.1,95.2087
312,2555904,5.99139,0.000624,0.679528,43728.4,95.3961
313,2564096,5.98304,0.000626,0.747437,44743.1,95.5792
314,2572288,6.13174,0.000628,0.658066,45733.1,95.7583
315,2580480,5.93074,0.00063,0.620597,44844.2,95.941
316,2588672,5.84727,0.000632,0.656745,41588.3,96.1379
317,2596864,5.94576,0.000634,0.603889,42285.2,96.3317
318,2605056,6.01448,0.000636,0.60035,44472.7,96.5159
319,2613248,6.0644,0.000638,0.635242,45366.5,96.6964
320,2621440,5.87661,0.00064,0.686798,45153.2,96.8779
321,2629632,5.90946,0.000642,0.679884,40996.9,97.0777
322,2637824,6.1527,0.000644,0.701376,42883.5,97.2687
323,2646016,5.88322,0.000646,0.684536,43923.8,97.4552
324,2654208,6.08608,0.000648,0.625952,45186.1,97.6365
325,2662400,5.97735,0.00065,0.622236,45408.7,97.8169
326,2670592,6.01637,0.000652,0.813498,45709.4,97.9962
327,2678784,5.98867,0.000654,0.649481,45325.7,98.1769
328,2686976,6.03205,0.000656,0.606749,45362.1,98.3575
329,2695168,5.99352,0.000658,0.699302,45645.2,98.5369
330,2703360,6.00378,0.00066,0.605877,39516.4,98.7443
331,2711552,5.98773,0.000662,0.633678,36875,98.9664
332,2719744,5.89856,0.000664,0.621505,45090.4,99.1481
333,2727936,5.9082,0.000666,0.651887,45778.6,99.327
334,2736128,5.99644,0.000668,0.710619,45415.2,99.5074
335,2744320,6.0451,0.00067,0.668999,42131.1,99.7019
336,2752512,6.00519,0.000672,0.701563,39754.4,99.9079
337,2760704,5.91252,0.000674,0.700391,43636,100.096
338,2768896,6.18871,0.000676,1.26946,45433.8,100.276
339,2777088,6.05787,0.000678,0.880687,45705.5,100.455
340,2785280,6.04376,0.00068,0.765967,43422.9,100.644
341,2793472,6.03394,0.000682,0.665023,38657.5,100.856
342,2801664,5.78544,0.000684,0.802759,43269.5,101.045
343,2809856,6.00844,0.000686,0.678176,44773.8,101.228
344,2818048,6.13216,0.000688,4.49244,45676.4,101.407
345,2826240,6.00942,0.00069,0.690166,44577.5,101.591
346,2834432,5.85026,0.000692,0.667345,42070.4,101.786
347,2842624,6.10473,0.000694,0.672045,42473.5,101.979
348,2850816,6.07758,0.000696,0.63163,43952.6,102.165
349,2859008,5.8351,0.000698,0.692541,45305.5,102.346
350,2867200,6.02383,0.0007,0.618875,45130.9,102.527
351,2875392,6.11624,0.000702,0.637919,43061.8,102.718
352,2883584,5.94544,0.000704,0.583233,45904.3,102.896
353,2891776,6.06207,0.000706,0.674675,45712,103.075
354,2899968,5.90759,0.000708,0.664703,45255.4,103.256
355,2908160,5.99349,0.00071,0.661938,39240.7,103.465
356,2916352,6.01472,0.000712,0.618608,39003,103.675
357,2924544,5.92613,0.000714,0.641394,44808.2,103.858
358,2932736,5.93344,0.000716,0.686676,45549.4,104.038
359,2940928,5.89762,0.000718,0.707933,45666.9,104.217
360,2949120,6.04388,0.00072,0.629249,42879.7,104.408
361,2957312,6.04541,0.000722,0.639098,37198,104.629
362,2965504,6.10729,0.000724,0.582009,43971.8,104.815
363,2973696,5.93817,0.000726,0.700944,45398.3,104.995
364,2981888,5.67749,0.000728,0.666826,45704.3,105.175
365,2990080,5.92205,0.00073,0.554316,44357.8,105.359
366,2998272,5.92939,0.000732,0.567268,41240.1,105.558
367,3006464,5.85017,0.000734,0.635329,42940.9,105.749
368,3014656,5.86716,0.000736,0.642175,44344.1,105.933
369,3022848,6.02384,0.000738,0.56736,45476.1,106.113
370,3031040,6.03297,0.00074,0.624539,45353.1,106.294
371,3039232,5.82719,0.000742,0.60013,39826.7,106.5
372,3047424,5.96149,0.000744,0.675913,42881,106.691
373,3055616,5.92732,0.000746,0.562533,44058.1,106.877
374,3063808,5.85826,0.000748,0.675351,44865.9,107.059
375,3072000,6.00807,0.00075,0.607295,45270.9,107.24
376,3080192,5.89617,0.000752,0.614162,44314.5,107.425
377,3088384,6.05381,0.000754,0.561011,45396,107.606
378,3096576,5.84653,0.000756,0.593458,46078.9,107.783
379,3104768,5.89441,0.000758,0.533146,45370.2,107.964
380,3112960,5.94722,0.00076,0.573829,40965.1,108.164
381,3121152,6.02202,0.000762,0.612079,36006,108.391
382,3129344,5.84573,0.000764,0.730856,44809.9,108.574
383,3137536,5.95245,0.000766,0.606704,45774.3,108.753
384,3145728,6.02084,0.000768,0.641938,45774.9,108.932
385,3153920,5.86584,0.00077,0.557161,43784.7,109.119
386,3162112,6.0524,0.000772,0.620703,39653.4,109.326
387,3170304,5.97542,0.000774,0.591986,43015,109.516
388,3178496,5.91764,0.000776,0.617974,44961.4,109.699
389,3186688,5.88209,0.000778,0.650973,45605.2,109.878
390,3194880,5.99949,0.00078,0.625816,44527.5,110.062
391,3203072,5.93691,0.000782,0.607137,39021.9,110.272
392,3211264,5.90097,0.000784,0.533433,42750.2,110.464
393,3219456,5.85362,0.000786,0.654828,44422.2,110.648
394,3227648,5.89703,0.000788,0.61008,45232.2,110.829
395,3235840,5.99506,0.00079,0.623043,44979.3,111.011
396,3244032,5.82533,0.000792,0.701824,42331.8,111.205
397,3252224,5.74697,0.000794,0.66128,42004.6,111.4
398,3260416,5.86528,0.000796,0.567651,44039.9,111.586
399,3268608,5.98982,0.000798,0.638599,45012.5,111.768
400,3276800,6.14337,0.0008,0.672933,45337.5,111.949
401,3284992,5.84417,0.000802,0.597713,41572.9,112.146
402,3293184,5.9463,0.000804,0.805594,45623.5,112.325
403,3301376,6.02488,0.000806,0.61984,45965,112.503
404,3309568,5.98523,0.000808,0.75249,45597.7,112.683
405,3317760,5.74918,0.00081,0.645268,40094.7,112.887
406,3325952,5.80388,0.000812,0.698432,38692.9,113.099
407,3334144,5.96075,0.000814,0.570617,44160.5,113.285
408,3342336,5.90238,0.000816,0.783977,45524.6,113.465
409,3350528,5.93079,0.000818,0.701328,45643.5,113.644
410,3358720,5.78603,0.00082,1.06331,43464.1,113.833
411,3366912,5.9064,0.000822,0.754068,37594.7,114.05
412,3375104,5.86088,0.000824,0.719842,43878.7,114.237
413,3383296,6.03074,0.000826,0.837357,45337.6,114.418
414,3391488,5.94655,0.000828,0.648873,45571.9,114.598
415,3399680,5.79147,0.00083,0.622927,44761.4,114.781
416,3407872,5.93503,0.000832,0.55621,40825.5,114.981
417,3416064,5.91106,0.000834,0.598906,42881.3,115.172
418,3424256,5.79156,0.000836,0.635467,44362.7,115.357
419,3432448,5.6202,0.000838,0.590927,45131.4,115.538
420,3440640,5.87652,0.00084,0.826536,45319,115.719
421,3448832,5.87481,0.000842,0.607039,40172,115.923
422,3457024,5.82325,0.000844,0.690731,42970.4,116.114
423,3465216,5.87077,0.000846,0.64255,43838.6,116.301
424,3473408,5.78243,0.000848,0.653672,45061.6,116.482
425,3481600,5.92673,0.00085,0.672672,45358.4,116.663
426,3489792,5.98813,0.000852,0.685187,46297.1,116.84
427,3497984,5.69683,0.000854,0.63984,47520,117.012
428,3506176,5.78382,0.000856,0.606777,47422.2,117.185
429,3514368,5.75402,0.000858,0.593426,47653.2,117.357
430,3522560,5.88233,0.00086,0.601604,41268.2,117.556
431,3530752,5.89259,0.000862,0.63707,36711.3,117.779
432,3538944,5.8831,0.000864,0.756315,45585.7,117.958
433,3547136,5.95425,0.000866,0.613559,45749.9,118.137
434,3555328,5.8185,0.000868,0.662138,45904,118.316
435,3563520,5.91838,0.00087,0.598627,42979.6,118.507
436,3571712,6.00511,0.000872,0.62321,39355.9,118.715
437,3579904,5.87055,0.000874,0.637411,43160,118.905
438,3588096,5.83819,0.000876,0.532902,44748.7,119.088
439,3596288,5.78909,0.000878,0.599641,45617.9,119.267
440,3604480,5.73249,0.00088,0.592547,44593.2,119.451
441,3612672,5.73592,0.000882,0.566862,38862.9,119.662
442,3620864,5.80098,0.000884,0.590047,43188.1,119.851
443,3629056,5.83347,0.000886,0.51398,44689.2,120.035
444,3637248,5.90996,0.000888,0.592953,45521.7,120.215
445,3645440,5.90014,0.00089,0.612359,44940.5,120.397
446,3653632,5.89517,0.000892,0.638375,42951.9,120.588
447,3661824,5.89491,0.000894,0.63153,42777.6,120.779
448,3670016,5.68103,0.000896,0.570427,44259.5,120.964
449,3678208,5.71046,0.000898,0.589362,45030.8,121.146
450,3686400,5.70399,0.0009,0.660621,45384.3,121.327
451,3694592,5.84954,0.000902,0.615942,42385.7,121.52
452,3702784,5.83802,0.000904,0.726756,45704.3,121.699
453,3710976,5.66782,0.000906,0.649088,45850,121.878
454,3719168,6.03964,0.000908,0.591827,45606.2,122.057
455,3727360,5.70084,0.00091,0.708369,40136.4,122.262
456,3735552,5.92211,0.000912,0.590876,38656.5,122.473
457,3743744,5.86226,0.000914,0.577802,44432,122.658
458,3751936,5.80013,0.000916,0.564916,45492.3,122.838
459,3760128,5.96267,0.000918,0.519291,46343.9,123.015
460,3768320,5.9108,0.00092,0.573583,43786.5,123.202
461,3776512,5.88936,0.000922,0.552967,37852.6,123.418
462,3784704,5.75465,0.000924,1.24105,43796.2,123.605
463,3792896,5.83547,0.000926,0.568344,44846.7,123.788
464,3801088,5.79549,0.000928,0.622539,45683.2,123.967
465,3809280,5.94637,0.00093,0.566244,44752.4,124.15
466,3817472,5.81901,0.000932,0.688585,41458.9,124.348
467,3825664,5.87281,0.000934,0.584923,42346.4,124.541
468,3833856,5.95216,0.000936,0.670592,44241.6,124.726
469,3842048,5.51762,0.000938,0.606253,45254.2,124.907
470,3850240,5.77687,0.00094,0.773448,45121.6,125.089
471,3858432,5.86673,0.000942,0.660181,40785.4,125.29
472,3866624,5.82831,0.000944,0.658636,42264.4,125.484
473,3874816,5.82083,0.000946,0.554005,43612.8,125.672
474,3883008,5.70884,0.000948,0.598727,44722.7,125.855
475,3891200,5.82544,0.00095,0.563888,45394,126.035
476,3899392,5.85295,0.000952,0.599272,46115.5,126.213
477,3907584,5.82133,0.000954,0.603617,45945.5,126.391
478,3915776,5.80372,0.000956,0.549448,45843.3,126.57
479,3923968,5.80097,0.000958,0.655078,45936.8,126.748
480,3932160,5.89937,0.00096,0.562062,40711.6,126.949
481,3940352,5.83764,0.000962,0.551552,37001.3,127.171
482,3948544,5.81502,0.000964,0.64149,45618.8,127.35
483,3956736,5.85161,0.000966,0.603033,45857.8,127.529
484,3964928,5.92813,0.000968,0.582283,45831.3,127.708
485,3973120,5.9403,0.00097,0.559284,42934.4,127.899
486,3981312,5.79826,0.000972,0.555578,40051.9,128.103
487,3989504,5.79775,0.000974,0.58313,43899.6,128.29
488,3997696,5.94165,0.000976,0.507267,45295.7,128.471
489,4005888,5.7212,0.000978,0.543855,45747.7,128.65
490,4014080,5.65742,0.00098,0.587417,44159.9,128.835
491,4022272,5.82813,0.000982,1.53745,38921.5,129.046
492,4030464,5.72264,0.000984,0.643966,43722.3,129.233
493,4038656,5.8227,0.000986,0.598706,44977.3,129.415
494,4046848,5.72789,0.000988,0.55429,45498.3,129.595
495,4055040,5.79617,0.00099,0.547848,45276.3,129.776
496,4063232,5.90271,0.000992,0.570245,43684,129.964
497,4071424,5.80025,0.000994,0.583815,42349.4,130.157
498,4079616,5.77929,0.000996,0.538217,44909.7,130.339
499,4087808,5.75328,0.000998,0.521748,45097.7,130.521
500,4096000,5.83517,0.001,0.639268,45513.3,130.701
501,4104192,5.67442,0.001,0.558902,42332,130.895
502,4112384,5.84262,0.001,0.614789,45610.8,131.074
503,4120576,5.71136,0.001,0.572039,45484.6,131.254
504,4128768,5.72705,0.001,0.635253,45708.5,131.434
505,4136960,5.84421,0.001,0.63065,39345.1,131.642
506,4145152,5.65421,0.001,0.590467,39216,131.851
507,4153344,5.78444,0.001,0.682495,44793.2,132.034
508,4161536,5.60697,0.001,0.582116,45499.3,132.214
509,4169728,5.71188,0.001,0.766382,45672.5,132.393
510,4177920,5.93396,0.001,0.567261,43213,132.583
511,4186112,5.73717,0.000999999,0.628682,37107.8,132.803
512,4194304,5.62748,0.000999999,0.588486,44817.8,132.986
513,4202496,5.74675,0.000999999,0.596524,45261.6,133.167
514,4210688,5.72892,0.000999999,0.579904,45351.3,133.348
515,4218880,5.82886,0.000999999,0.604492,44418.6,133.532
516,4227072,5.77008,0.000999999,0.571451,41144.6,133.731
517,4235264,5.71129,0.000999999,0.607233,42301.4,133.925
518,4243456,5.80765,0.000999998,0.558726,44421.5,134.109
519,4251648,5.87037,0.000999998,0.582089,45262.3,134.29
520,4259840,5.81364,0.000999998,0.54954,45140.3,134.472
521,4268032,5.66931,0.000999998,0.583676,40611,134.673
522,4276224,5.65862,0.000999997,0.560156,42845.1,134.865
523,4284416,5.89655,0.000999997,0.678984,43702.8,135.052
524,4292608,5.7397,0.000999997,0.556011,45124,135.234
525,4300800,5.83161,0.000999997,0.607385,45304.1,135.415
526,4308992,5.87303,0.000999996,0.610175,45336.2,135.595
527,4317184,5.67749,0.000999996,0.55699,45458,135.775
528,4325376,5.88328,0.000999996,0.590333,45605,135.955
529,4333568,5.67849,0.000999995,0.573669,45523.6,136.135
530,4341760,5.86637,0.000999995,0.577802,40886.4,136.335
531,4349952,5.58772,0.000999995,0.560638,36056,136.563
532,4358144,5.62638,0.000999994,0.532268,44470.2,136.747
533,4366336,5.69318,0.000999994,0.518476,45636.7,136.926
534,4374528,5.74778,0.000999994,0.539313,45797,137.105
535,4382720,5.73777,0.000999993,0.56749,44264.5,137.29
536,4390912,5.71285,0.000999993,0.537706,40197.6,137.494
537,4399104,5.57386,0.000999992,0.586462,42710.7,137.686
538,4407296,5.90214,0.000999992,0.603015,44903.7,137.868
539,4415488,5.85082,0.000999992,0.519809,45474.5,138.048
540,4423680,5.74036,0.000999991,0.581184,44949.3,138.231
541,4431872,5.69631,0.000999991,0.580257,39543.6,138.438
542,4440064,5.60592,0.00099999,0.53672,42543.7,138.63
543,4448256,5.72422,0.00099999,0.625904,44406.3,138.815
544,4456448,5.72357,0.000999989,0.609888,45309.1,138.996
545,4464640,5.68591,0.000999989,0.984642,44929,139.178
546,4472832,5.74075,0.000999988,0.605202,43536.1,139.366
547,4481024,5.78557,0.000999988,0.621417,42437.1,139.559
548,4489216,5.64147,0.000999987,0.6507,43602.7,139.747
549,4497408,5.75995,0.000999987,0.5451,44960.7,139.929
550,4505600,5.69408,0.000999986,0.617487,45230,140.11
551,4513792,5.73174,0.000999985,0.671196,41736.4,140.307
552,4521984,5.70823,0.000999985,1.02224,45857,140.485
553,4530176,5.70334,0.000999984,0.81465,45689.8,140.665
554,4538368,5.61512,0.000999984,0.588809,46012.4,140.843
555,4546560,5.91301,0.000999983,0.869189,40730.7,141.044
556,4554752,5.85353,0.000999982,0.63844,38172.1,141.258
557,4562944,5.625,0.000999982,0.734072,44163.9,141.444
558,4571136,5.74277,0.000999981,0.617503,45570.8,141.624
559,4579328,5.53859,0.00099998,0.589264,45822.9,141.802
560,4587520,5.49165,0.00099998,0.569269,43757,141.99
561,4595712,5.67915,0.000999979,0.580526,37602.4,142.207
562,4603904,5.56717,0.000999978,0.599366,43424.4,142.396
563,4612096,5.58067,0.000999978,0.589865,44894.8,142.579
564,4620288,5.60722,0.000999977,0.542972,45519.4,142.759
565,4628480,5.74555,0.000999976,0.743626,44686.4,142.942
566,4636672,5.61112,0.000999975,0.598137,41152.5,143.141
567,4644864,5.76781,0.000999975,0.535756,42220.7,143.335
568,4653056,5.69442,0.000999974,0.511562,44519.2,143.519
569,4661248,5.793,0.000999973,0.543736,45438.4,143.699
570,4669440,5.7418,0.000999972,0.552236,45258.6,143.88
571,4677632,5.78215,0.000999971,0.566486,41071.2,144.08
572,4685824,5.58284,0.000999971,0.574937,42800.8,144.271
573,4694016,5.80195,0.00099997,0.599496,43659.7,144.459
574,4702208,5.60197,0.000999969,0.546454,45022.5,144.641
575,4710400,5.50107,0.000999968,0.616644,45457.6,144.821
576,4718592,5.63862,0.000999967,0.625093,45934.2,144.999
577,4726784,5.70109,0.000999966,0.642126,45567.8,145.179
578,4734976,5.59506,0.000999965,0.552051,45789.7,145.358
579,4743168,5.50239,0.000999964,0.609631,46127.7,145.536
580,4751360,5.60908,0.000999964,0.559351,40542.3,145.738
581,4759552,5.75318,0.000999963,0.571959,36805.3,145.96
582,4767744,5.57657,0.000999962,0.635546,45314.3,146.141
583,4775936,5.68412,0.000999961,0.634646,45807.4,146.32
584,4784128,5.5403,0.00099996,0.554481,46090.7,146.498
585,4792320,5.7645,0.000999959,0.637403,43201.6,146.687
586,4800512,5.66079,0.000999958,0.584356,40155.3,146.891
587,4808704,5.62689,0.000999957,0.600722,43676.1,147.079
588,4816896,5.69837,0.000999956,0.588963,45559.2,147.259
589,4825088,5.76676,0.000999955,0.63625,45895,147.437
590,4833280,5.84495,0.000999954,0.595335,44431,147.621
591,4841472,5.56363,0.000999953,0.531253,38772.7,147.833
592,4849664,5.75306,0.000999952,0.528267,43557.8,148.021
593,4857856,5.67501,0.000999951,0.578696,44758.2,148.204
594,4866048,5.67676,0.000999949,0.569541,45342.5,148.384
595,4874240,5.78731,0.000999948,0.584072,45055.5,148.566
596,4882432,5.56073,0.000999947,0.587563,43422.2,148.755
597,4890624,5.6392,0.000999946,0.535111,42890.1,148.946
598,4898816,5.62489,0.000999945,0.602999,44185.1,149.131
599,4907008,5.63926,0.000999944,0.531672,45174.5,149.313
600,4915200,5.47005,0.000999943,0.535588,45460.1,149.493
601,4923392,5.64491,0.000999942,0.576372,42550.9,149.685
602,4931584,5.67747,0.00099994,0.558156,45882.7,149.864
603,4939776,5.5566,0.000999939,0.596822,45876.3,150.043
604,4947968,5.64796,0.000999938,0.573842,45710.6,150.222
605,4956160,5.64941,0.000999937,0.514407,40312.4,150.425
606,4964352,5.68155,0.000999936,0.571362,39277.1,150.634
607,4972544,5.43249,0.000999934,1.06109,44683.7,150.817
608,4980736,5.63676,0.000999933,0.521477,45300.7,150.998
609,4988928,5.61445,0.000999932,0.606934,45280.2,151.179
610,4997120,5.66433,0.000999931,0.561974,43886.4,151.365
611,5005312,5.67425,0.000999929,0.589513,37821.4,151.582
612,5013504,5.45712,0.000999928,0.600925,44272.2,151.767
613,5021696,5.66649,0.000999927,0.594368,45185.4,151.948
614,5029888,5.57278,0.000999925,0.628446,45281,152.129
615,5038080,5.60061,0.000999924,0.593438,44064,152.315
616,5046272,5.49328,0.000999923,0.604625,41742.7,152.511
617,5054464,5.54486,0.000999921,0.5799,42753.5,152.703
618,5062656,5.63589,0.00099992,0.605055,44853.7,152.886
619,5070848,5.64621,0.000999919,0.606035,45180.9,153.067
620,5079040,5.60492,0.000999917,0.586397,45020.2,153.249
621,5087232,5.58944,0.000999916,0.542221,40331.3,153.452
622,5095424,5.55765,0.000999914,0.710502,43276.3,153.641
623,5103616,5.48362,0.000999913,0.584868,44129.5,153.827
624,5111808,5.67348,0.000999912,0.717318,45148.3,154.008
625,5120000,5.6063,0.00099991,0.623092,45336.5,154.189
626,5128192,5.71115,0.000999909,0.659436,46011,154.367
627,5136384,5.64266,0.000999907,0.586401,45730,154.546
628,5144576,5.79002,0.000999906,0.675371,45660.4,154.726
629,5152768,5.5363,0.000999904,0.563264,45986.2,154.904
630,5160960,5.6881,0.000999903,0.641736,39510.9,155.111
631,5169152,5.66503,0.000999901,0.597892,37000.4,155.332
632,5177344,5.58839,0.0009999,0.587192,45331.6,155.513
633,5185536,5.60354,0.000999898,0.584979,45814,155.692
634,5193728,5.41905,0.000999897,0.540106,45588.3,155.872
635,5201920,5.5513,0.000999895,0.574982,42316.5,156.065
636,5210112,5.63323,0.000999894,0.549274,39581.4,156.272
637,5218304,5.56415,0.000999892,0.528234,43387,156.461
638,5226496,5.57045,0.00099989,0.522573,45283.9,156.642
639,5234688,5.76841,0.000999889,0.500735,45566.9,156.822
640,5242880,5.73165,0.000999887,0.558005,43992.8,157.008
641,5251072,5.64151,0.000999886,0.582762,38615.6,157.22
642,5259264,5.65334,0.000999884,0.566291,43182.7,157.41
643,5267456,5.56743,0.000999882,0.618913,44610.4,157.593
644,5275648,5.54255,0.000999881,0.628796,45512.9,157.773
645,5283840,5.58114,0.000999879,0.564867,44940.1,157.956
646,5292032,5.4912,0.000999877,0.566363,42382.1,158.149
647,5300224,5.5989,0.000999876,0.54411,42626.1,158.341
648,5308416,5.49353,0.000999874,0.618379,44254.7,158.526
649,5316608,5.62966,0.000999872,0.577217,45350.5,158.707
650,5324800,5.66743,0.00099987,0.612118,45344.6,158.888
651,5332992,5.56486,0.000999869,0.600162,41205,159.086
652,5341184,5.4992,0.000999867,0.607241,45907.3,159.265
653,5349376,5.62118,0.000999865,0.574939,45551.6,159.445
654,5357568,5.59266,0.000999863,0.583344,45510,159.625
655,5365760,5.47083,0.000999862,0.570966,39876.1,159.83
656,5373952,5.51034,0.00099986,0.550604,38711,160.042
657,5382144,5.5649,0.000999858,0.56809,44664.6,160.225
658,5390336,5.62533,0.000999856,0.585237,44994.4,160.407
659,5398528,5.57024,0.000999854,0.562049,45608.4,160.587
660,5406720,5.61775,0.000999852,0.578462,42924.3,160.778
661,5414912,5.49547,0.000999851,0.544085,37991.2,160.993
662,5423104,5.67227,0.000999849,0.511425,44074.7,161.179
663,5431296,5.42986,0.000999847,0.608599,45185.6,161.36
664,5439488,5.45867,0.000999845,0.550258,45497.8,161.541
665,5447680,5.49611,0.000999843,0.543796,43949.3,161.727
666,5455872,5.65026,0.000999841,0.570949,40923.4,161.927
667,5464064,5.54979,0.000999839,0.56413,43525.9,162.115
668,5472256,5.32755,0.000999837,0.52827,44602.7,162.299
669,5480448,5.47807,0.000999835,0.602007,45403,162.479
670,5488640,5.60856,0.000999833,0.508408,44851.4,162.662
671,5496832,5.58113,0.000999831,0.629431,39695.4,162.868
672,5505024,5.52999,0.000999829,0.582555,42663.6,163.06
673,5513216,5.49983,0.000999827,0.604392,44368.7,163.245
674,5521408,5.66096,0.000999825,0.588191,44899,163.428
675,5529600,5.46395,0.000999823,0.637909,45149.8,163.609
676,5537792,5.63153,0.000999821,0.572163,44948.7,163.791
677,5545984,5.38899,0.000999819,0.615279,45780.9,163.97
678,5554176,5.61065,0.000999817,0.601041,45605.6,164.15
679,5562368,5.52959,0.000999815,0.537576,45552.5,164.33
680,5570560,5.59711,0.000999813,0.570288,39211,164.539
681,5578752,5.546,0.000999811,0.587458,36481.8,164.763
682,5586944,5.53981,0.000999809,0.558122,45395.2,164.944
683,5595136,5.40551,0.000999807,0.696088,45491.4,165.124
684,5603328,5.62276,0.000999804,0.650173,45754.3,165.303
685,5611520,5.59795,0.000999802,0.601307,41863.9,165.498
686,5619712,5.62228,0.0009998,0.635909,39090.2,165.708
687,5627904,5.58251,0.000999798,0.652811,44060.5,165.894
688,5636096,5.47492,0.000999796,0.588997,45121.4,166.075
689,5644288,5.64927,0.000999794,0.600762,45682.3,166.255
690,5652480,5.71647,0.000999791,0.601384,44257.7,166.44
691,5660672,5.45609,0.000999789,0.568701,38260.6,166.654
692,5668864,5.45577,0.000999787,0.531397,43499.7,166.842
693,5677056,5.5447,0.000999785,0.578917,45009.9,167.024
694,5685248,5.40433,0.000999782,0.528696,45851.8,167.203
695,5693440,5.6317,0.00099978,0.546423,44990.1,167.385
696,5701632,5.35724,0.000999778,0.56666,42773.7,167.577
697,5709824,5.4987,0.000999776,0.607088,43367,167.765
698,5718016,5.44043,0.000999773,0.542877,44152.5,167.951
699,5726208,5.36114,0.000999771,0.585186,45870.6,168.13
700,5734400,5.38688,0.000999769,0.664311,45864.6,168.308
701,5742592,5.6141,0.000999766,0.62973,42971.2,168.499
702,5750784,5.46418,0.000999764,0.583965,46507.8,168.675
703,5758976,5.52895,0.000999762,0.632218,46003,168.853
704,5767168,5.719,0.000999759,0.585966,46316.3,169.03
705,5775360,5.62698,0.000999757,0.581582,40712.1,169.231
706,5783552,5.43721,0.000999755,0.596595,40169.9,169.435
707,5791744,5.39675,0.000999752,0.535118,44717.5,169.618
708,5799936,5.58491,0.00099975,0.550874,45837.6,169.797
709,5808128,5.46979,0.000999747,0.601813,46204.3,169.974
710,5816320,5.39701,0.000999745,0.581114,43914.1,170.161
711,5824512,5.5445,0.000999742,0.525467,37981.9,170.376
712,5832704,5.56266,0.00099974,0.566516,43994,170.563
713,5840896,5.52419,0.000999738,0.579744,45446.5,170.743
714,5849088,5.55455,0.000999735,0.556966,45246.8,170.924
715,5857280,5.40947,0.000999733,0.507149,44530.6,171.108
716,5865472,5.48254,0.00099973,0.57359,41900.3,171.303
717,5873664,5.43999,0.000999728,0.67989,42082.6,171.498
718,5881856,5.4869,0.000999725,0.603108,44289.1,171.683
719,5890048,5.26195,0.000999722,0.542722,45418.9,171.863
720,5898240,5.57886,0.00099972,0.635331,45047.4,172.045
721,5906432,5.50695,0.000999717,0.58688,40631.7,172.247
722,5914624,5.38451,0.000999715,0.56406,42722.9,172.439
723,5922816,5.35916,0.000999712,0.577558,43696.6,172.626
724,5931008,5.46338,0.00099971,0.502303,44858.9,172.809
725,5939200,5.54688,0.000999707,0.556207,44984.4,172.991
726,5947392,5.37989,0.000999704,0.533997,45090.3,173.173
727,5955584,5.53643,0.000999702,0.526626,45529.6,173.353
728,5963776,5.5783,0.000999699,0.562533,45933.9,173.531
729,5971968,5.36067,0.000999696,0.542382,45764.8,173.71
730,5980160,5.54801,0.000999694,0.642437,40594.2,173.912
731,5988352,5.48994,0.000999691,0.526164,35533.1,174.142
732,5996544,5.37193,0.000999688,0.640354,45090.4,174.324
733,6004736,5.63201,0.000999686,0.56677,45786.6,174.503
734,6012928,5.62501,0.000999683,0.599109,45463.8,174.683
735,6021120,5.55829,0.00099968,0.559156,43405.7,174.872
736,6029312,5.38792,0.000999678,0.600791,39995,175.077
737,6037504,5.30206,0.000999675,0.565072,43212,175.266
738,6045696,5.52377,0.000999672,0.549915,45033.9,175.448
739,6053888,5.50099,0.000999669,0.566103,45674.7,175.627
740,6062080,5.42089,0.000999666,0.580135,44569.2,175.811
741,6070272,5.5168,0.000999664,0.576631,38470.8,176.024
742,6078464,5.58149,0.000999661,0.574899,43548.2,176.212
743,6086656,5.4272,0.000999658,0.557442,44574.4,176.396
744,6094848,5.48846,0.000999655,0.603036,45385.8,176.577
745,6103040,5.47142,0.000999652,0.577551,45405,176.757
746,6111232,5.25292,0.000999649,0.684694,43913.7,176.943
747,6119424,5.4821,0.000999647,0.605306,42933.9,177.134
748,6127616,5.50269,0.000999644,0.565643,44004.8,177.32
749,6135808,5.37249,0.000999641,0.600455,45298.9,177.501
750,6144000,5.43124,0.000999638,0.558795,45525.9,177.681
751,6152192,5.5134,0.000999635,0.575564,41412.7,177.879
752,6160384,5.26913,0.000999632,0.534644,46050,178.057
753,6168576,5.4776,0.000999629,0.563658,45933.7,178.235
754,6176768,5.31598,0.000999626,0.572089,46568.7,178.411
755,6184960,5.21662,0.000999623,0.6873,41333,178.609
756,6193152,5.50957,0.00099962,0.576317,38688.4,178.821
757,6201344,5.47312,0.000999617,0.545005,44473.4,179.005
758,6209536,5.53346,0.000999614,0.612054,45400.5,179.186
759,6217728,5.47612,0.000999611,0.547504,45864.5,179.364
760,6225920,5.27759,0.000999608,0.633615,43713.3,179.552
761,6234112,5.44114,0.000999605,0.538064,37547.9,179.77
762,6242304,5.44502,0.000999602,0.589623,44288.5,179.955
763,6250496,5.45154,0.000999599,0.549101,44718.5,180.138
764,6258688,5.50483,0.000999596,0.628935,45689.7,180.317
765,6266880,5.53429,0.000999593,0.612828,44631.8,180.501
766,6275072,5.32517,0.00099959,0.533784,41126.9,180.7
767,6283264,5.43994,0.000999587,0.58753,42585,180.893
768,6291456,5.39474,0.000999584,0.586071,44454.1,181.077
769,6299648,5.5375,0.000999581,0.551958,45287.6,181.258
770,6307840,5.4907,0.000999577,0.597181,45255.7,181.439
771,6316032,5.52059,0.000999574,0.572717,40169,181.643
772,6324224,5.2122,0.000999571,0.568242,43237.2,181.832
773,6332416,5.35184,0.000999568,0.556677,44330.2,182.017
774,6340608,5.50351,0.000999565,0.592486,45108.6,182.199
775,6348800,5.42036,0.000999562,0.565511,45614.7,182.378
776,6356992,5.34771,0.000999558,0.570557,45490.2,182.558
777,6365184,5.56645,0.000999555,0.573115,46143.6,182.736
778,6373376,5.23226,0.000999552,0.642383,45964.6,182.914
779,6381568,5.36773,0.000999549,0.573309,45976.8,183.092
780,6389760,5.2826,0.000999545,0.569506,41167.6,183.291
781,6397952,5.67838,0.000999542,0.618164,36077.3,183.518
782,6406144,5.29576,0.000999539,0.556912,45699.9,183.697
783,6414336,5.37377,0.000999536,0.577789,45804.7,183.876
784,6422528,5.3504,0.000999532,0.563278,45919.2,184.055
785,6430720,5.37033,0.000999529,0.555514,43149,184.245
786,6438912,5.40674,0.000999526,0.562953,39810,184.45
787,6447104,5.50087,0.000999522,0.582237,43740.5,184.638
788,6455296,5.33813,0.000999519,0.530788,45337.1,184.818
789,6463488,5.38674,0.000999516,0.537836,45646.9,184.998
790,6471680,5.16547,0.000999512,0.607362,44379.3,185.182
791,6479872,5.34894,0.000999509,0.552044,38733,185.394
792,6488064,5.51997,0.000999506,0.571949,43611.7,185.582
793,6496256,5.33834,0.000999502,0.55957,44898.7,185.764
794,6504448,5.40541,0.000999499,0.536646,45907.4,185.943
795,6512640,5.43235,0.000999495,0.55133,44966.9,186.125
796,6520832,5.32492,0.000999492,0.572649,43692,186.312
797,6529024,5.2759,0.000999488,0.589864,42455.7,186.505
798,6537216,5.39355,0.000999485,0.622364,44102.9,186.691
799,6545408,5.19653,0.000999481,0.573046,45351.9,186.872
800,6553600,5.48549,0.000999478,0.643142,45420.1,187.052
801,6561792,5.61464,0.000999475,0.650615,42399.6,187.245
802,6569984,5.23379,0.000999471,0.646931,47050.7,187.419
803,6578176,5.21984,0.000999467,0.605107,47358.5,187.592
804,6586368,5.50557,0.000999464,0.596722,47499.6,187.765
805,6594560,5.07171,0.00099946,0.540734,41905.7,187.96
806,6602752,5.36198,0.000999457,0.645977,38451.5,188.173
807,6610944,5.47862,0.000999453,0.636398,44785.7,188.356
808,6619136,5.48607,0.00099945,0.612722,45853.6,188.535
809,6627328,5.34469,0.000999446,0.674971,45947.5,188.713
810,6635520,5.43734,0.000999443,0.624343,43991.2,188.899
811,6643712,5.3596,0.000999439,0.601209,37471.4,189.118
812,6651904,5.37914,0.000999435,0.594231,43713.2,189.305
813,6660096,5.47251,0.000999432,0.544275,45161.8,189.487
814,6668288,5.32138,0.000999428,0.567286,45503.3,189.667
815,6676480,5.19169,0.000999424,0.653043,44724.7,189.85
816,6684672,5.43957,0.000999421,0.591535,41116.3,190.049
817,6692864,5.27867,0.000999417,0.603357,42470.4,190.242
818,6701056,5.27193,0.000999413,0.578428,44635.4,190.426
819,6709248,5.49621,0.00099941,0.548079,45281.5,190.607
820,6717440,5.34243,0.000999406,0.526332,45481.5,190.787
821,6725632,5.24063,0.000999402,0.56299,40085.8,190.991
822,6733824,5.32047,0.000999398,0.533804,42750.3,191.183
823,6742016,5.23335,0.000999395,0.553017,44214.7,191.368
824,6750208,5.32629,0.000999391,0.551522,44954.6,191.55
825,6758400,5.36687,0.000999387,0.564004,45479,191.73
826,6766592,5.40287,0.000999383,0.582824,45603.1,191.91
827,6774784,5.22849,0.000999379,0.535895,45637.2,192.089
828,6782976,5.34211,0.000999376,0.587573,45469.9,192.27
829,6791168,5.35972,0.000999372,0.571997,45625.7,192.449
830,6799360,5.3617,0.000999368,0.603914,39522.7,192.656
831,6807552,5.46653,0.000999364,0.704742,36684.3,192.88
832,6815744,5.24289,0.00099936,0.554543,45321.7,193.06
833,6823936,5.41354,0.000999356,0.590629,45593.8,193.24
834,6832128,5.22302,0.000999353,0.594602,45743.1,193.419
835,6840320,5.32333,0.000999349,0.619789,42562.7,193.612
836,6848512,5.27577,0.000999345,0.595176,39560.2,193.819
837,6856704,5.28374,0.000999341,0.581617,43571.2,194.007
838,6864896,5.16552,0.000999337,0.593588,45349.9,194.187
839,6873088,5.28817,0.000999333,0.581061,45784.1,194.366
840,6881280,5.31592,0.000999329,0.586668,44147.5,194.552
841,6889472,5.22334,0.000999325,0.581215,38507.9,194.765
842,6897664,5.28105,0.000999321,0.593029,42973.3,194.955
843,6905856,5.36567,0.000999317,0.614627,44539.3,195.139
844,6914048,5.22217,0.000999313,0.585113,45585.3,195.319
845,6922240,5.39524,0.000999309,0.603826,44901.6,195.501
846,6930432,5.40484,0.000999305,0.595577,42405.1,195.695
847,6938624,5.31351,0.000999301,0.625929,42177.5,195.889
848,6946816,5.3042,0.000999297,0.54116,44051.9,196.075
849,6955008,5.36592,0.000999293,0.7124,45290,196.256
850,6963200,5.45834,0.000999289,0.584368,45266,196.437
851,6971392,5.28254,0.000999285,0.528532,42771.2,196.628
852,6979584,5.27364,0.000999281,0.640891,45734.3,196.807
853,6987776,5.1541,0.000999277,0.57636,45285.9,196.988
854,6995968,5.32207,0.000999272,0.55623,45606.6,197.168
855,7004160,5.46624,0.000999268,0.653217,39244.4,197.376
856,7012352,5.26673,0.000999264,0.604926,39501.4,197.584
857,7020544,5.22469,0.00099926,0.616411,44967.4,197.766
858,7028736,5.39055,0.000999256,0.653907,45017.4,197.948
859,7036928,5.4056,0.000999252,0.562983,46066.9,198.126
860,7045120,5.27631,0.000999248,0.62404,42869.6,198.317
861,7053312,5.37776,0.000999243,0.565845,37523.4,198.535
862,7061504,5.307,0.000999239,0.601433,44358.8,198.72
863,7069696,5.3421,0.000999235,0.633248,44929.3,198.902
864,7077888,5.39629,0.000999231,0.644862,45463.4,199.082
865,7086080,5.33877,0.000999226,0.5581,44311.8,199.267
866,7094272,5.18964,0.000999222,0.571433,41012.5,199.467
867,7102464,5.31644,0.000999218,0.610648,43323.3,199.656
868,7110656,5.34764,0.000999214,0.60836,44646.3,199.84
869,7118848,5.2861,0.000999209,0.588472,45343.3,200.02
870,7127040,5.26507,0.000999205,0.568628,44721.2,200.203
871,7135232,5.42252,0.000999201,0.623879,39564.2,200.411
872,7143424,5.35184,0.000999196,0.560686,44139.8,200.596
873,7151616,5.35596,0.000999192,0.596794,44179.5,200.782
874,7159808,5.21462,0.000999188,0.588114,45215.1,200.963
875,7168000,5.26593,0.000999183,0.579649,45294.3,201.144
876,7176192,5.28666,0.000999179,0.578814,45268.1,201.325
877,7184384,5.2641,0.000999175,0.66294,46030.1,201.503
878,7192576,5.4846,0.00099917,0.633762,45900.9,201.681
879,7200768,5.36764,0.000999166,0.709902,45992.7,201.859
880,7208960,5.37559,0.000999161,0.587778,40535,202.061
881,7217152,5.35238,0.000999157,0.579074,37466.1,202.28
882,7225344,5.17063,0.000999153,0.613332,45439.3,202.46
883,7233536,5.22562,0.000999148,0.609191,45748.5,202.639
884,7241728,5.27991,0.000999144,0.556133,45829.1,202.818
885,7249920,5.1732,0.000999139,0.622134,42760.5,203.01
886,7258112,5.30011,0.000999135,0.577583,39853.4,203.215
887,7266304,5.36966,0.00099913,0.637459,43366,203.404
888,7274496,5.29398,0.000999126,0.536459,45255.7,203.585
889,7282688,5.5603,0.000999121,0.57486,45546.7,203.765
890,7290880,5.32661,0.000999117,0.599626,44025,203.951
891,7299072,5.29099,0.000999112,0.593549,39398.6,204.159
892,7307264,5.23353,0.000999107,0.522909,43007.6,204.349
893,7315456,5.28857,0.000999103,0.621829,44714.9,204.533
894,7323648,5.2834,0.000999098,0.599165,45100.5,204.714
895,7331840,5.26801,0.000999094,0.569422,45093,204.896
896,7340032,5.21498,0.000999089,0.576391,43243.7,205.085
897,7348224,5.37086,0.000999085,0.595193,42811.5,205.277
898,7356416,5.24645,0.00099908,0.556862,44102,205.462
899,7364608,5.25323,0.000999075,0.621256,45123.3,205.644
900,7372800,5.21513,0.000999071,0.631447,45311.5,205.825
901,7380992,5.28247,0.000999066,0.610979,42601.7,206.017
902,7389184,5.30167,0.000999061,0.595398,46077,206.195
903,7397376,5.17238,0.000999057,0.603685,46226,206.372
904,7405568,5.35954,0.000999052,0.558735,46232.5,206.549
905,7413760,5.17449,0.000999047,0.582218,40201.1,206.753
906,7421952,5.21692,0.000999042,0.610642,39064,206.963
907,7430144,5.39955,0.000999038,0.573978,44657.9,207.146
908,7438336,5.15919,0.000999033,0.572933,45744.6,207.325
909,7446528,5.25049,0.000999028,0.605644,46068.7,207.503
910,7454720,5.26353,0.000999023,0.615807,43328.9,207.692
911,7462912,5.30978,0.000999019,0.587623,38038,207.907
912,7471104,5.3592,0.000999014,0.587164,43519.3,208.096
913,7479296,5.18898,0.000999009,0.644967,45224,208.277
914,7487488,5.23223,0.000999004,0.580438,45634.5,208.456
915,7495680,5.14229,0.000998999,0.635005,44384,208.641
916,7503872,5.17443,0.000998995,0.569554,41091.6,208.84
917,7512064,5.24132,0.00099899,0.570328,42513.4,209.033
918,7520256,5.36334,0.000998985,0.639192,44674.1,209.216
919,7528448,5.31514,0.00099898,0.589154,45503.3,209.396
920,7536640,5.19386,0.000998975,0.54721,44948.5,209.579
921,7544832,5.34439,0.00099897,0.632422,40455.7,209.781
922,7553024,5.0846,0.000998965,0.60142,42552.9,209.974
923,7561216,5.37138,0.00099896,0.552741,44047.8,210.16
924,7569408,5.13063,0.000998955,0.586337,45214,210.341
925,7577600,5.20129,0.000998951,0.599366,45366.4,210.521
926,7585792,5.17484,0.000998946,0.635403,45428.5,210.702
927,7593984,5.36139,0.000998941,0.681498,45670,210.881
928,7602176,5.27607,0.000998936,0.545628,45674.2,211.06
929,7610368,5.20584,0.000998931,0.576756,45939.2,211.239
930,7618560,5.29316,0.000998926,0.59313,39595,211.446
931,7626752,5.31415,0.000998921,0.616313,36980.1,211.667
932,7634944,5.37152,0.000998916,0.602486,45121,211.849
933,7643136,5.30342,0.000998911,0.612605,45052.8,212.031
934,7651328,5.40752,0.000998906,0.584263,45196,212.212
935,7659520,5.17534,0.0009989,0.58148,42385.3,212.405
936,7667712,5.37981,0.000998895,0.560031,38729,212.617
937,7675904,5.46022,0.00099889,0.59568,42163.9,212.811
938,7684096,5.34912,0.000998885,0.65037,44797.3,212.994
939,7692288,5.02286,0.00099888,0.575304,45230.5,213.175
940,7700480,5.17681,0.000998875,0.583261,44475.9,213.359
941,7708672,5.27711,0.00099887,0.635858,38937.4,213.57
942,7716864,5.32248,0.000998865,0.62858,41568.6,213.767
943,7725056,5.22316,0.00099886,0.613214,44700.2,213.95
944,7733248,5.17561,0.000998854,0.615775,45622.5,214.129
945,7741440,5.1802,0.000998849,0.573608,45371.4,214.31
946,7749632,5.34821,0.000998844,0.621471,43531.1,214.498
947,7757824,5.23,0.000998839,0.631691,42586.1,214.691
948,7766016,5.33989,0.000998834,0.59038,43716.7,214.878
949,7774208,5.35495,0.000998828,0.563267,45402.3,215.058
950,7782400,5.32006,0.000998823,0.570023,45535.2,215.238
951,7790592,5.26859,0.000998818,0.608079,42224.1,215.432
952,7798784,5.25678,0.000998813,0.60451,46208.6,215.61
953,7806976,5.31562,0.000998807,0.597035,45969.9,215.788
954,7815168,5.21357,0.000998802,0.549324,46094.5,215.965
955,7823360,5.27753,0.000998797,0.63767,40446.5,216.168
956,7831552,5.23419,0.000998792,0.620983,38952.3,216.378
957,7839744,5.30844,0.000998786,0.572599,44657.2,216.562
958,7847936,5.3477,0.000998781,0.583076,45722.5,216.741
959,7856128,5.22039,0.000998776,0.608319,46080.3,216.919
960,7864320,5.26085,0.00099877,0.590957,43362,217.108
961,7872512,5.058,0.000998765,0.598036,37304.5,217.327
962,7880704,5.21042,0.000998759,0.602699,44223,217.512
963,7888896,5.27385,0.000998754,0.626363,45039.5,217.694
964,7897088,5.23014,0.000998749,0.574632,45467.4,217.875
965,7905280,5.13433,0.000998743,0.640831,44242.8,218.06
966,7913472,5.32726,0.000998738,0.645179,41249.4,218.258
967,7921664,5.33304,0.000998732,0.587951,42802.4,218.45
968,7929856,5.14488,0.000998727,0.576629,44397.9,218.634
969,7938048,5.26196,0.000998722,0.601902,45701.3,218.813
970,7946240,5.17366,0.000998716,0.585147,45374.1,218.994
971,7954432,5.18509,0.000998711,0.614407,40341,219.197
972,7962624,5.19841,0.000998705,0.645691,43111.4,219.387
973,7970816,5.26405,0.0009987,0.587888,44377.7,219.572
974,7979008,5.2559,0.000998694,0.642939,44997.2,219.754
975,7987200,5.15886,0.000998689,0.614025,45376.7,219.934
976,7995392,5.08919,0.000998683,0.616676,46134.9,220.112
977,8003584,5.14857,0.000998677,0.596223,45939.5,220.29
978,8011776,5.18179,0.000998672,0.606522,45869,220.469
979,8019968,5.17921,0.000998666,0.578876,46114.8,220.646
980,8028160,4.99903,0.000998661,0.655301,40419.9,220.849
981,8036352,5.09518,0.000998655,0.595388,37028.2,221.07
982,8044544,5.07278,0.00099865,0.606515,45378.3,221.251
983,8052736,4.99789,0.000998644,0.63126,45835.6,221.43
984,8060928,5.19135,0.000998638,0.650849,45985.4,221.608
985,8069120,5.09674,0.000998633,0.562263,43603.6,221.796
986,8077312,5.35558,0.000998627,0.626684,39603.6,222.002
987,8085504,5.17673,0.000998621,0.560761,43645.8,222.19
988,8093696,5.10256,0.000998616,0.604793,45257.7,222.371
989,8101888,5.26836,0.00099861,0.553948,45796.1,222.55
990,8110080,5.26495,0.000998604,0.610347,45155.2,222.731
991,8118272,5.26689,0.000998599,0.603985,38820.2,222.942
992,8126464,5.11135,0.000998593,0.566707,42398.5,223.136
993,8134656,5.19312,0.000998587,0.682441,44422.7,223.32
994,8142848,5.25321,0.000998581,0.588584,45564.8,223.5
995,8151040,5.22312,0.000998576,0.567771,45500.4,223.68
996,8159232,5.14913,0.00099857,0.640634,42813.9,223.871
997,8167424,5.09645,0.000998564,0.599403,42235.1,224.065
998,8175616,5.05729,0.000998558,0.594032,43446.2,224.254
999,8183808,5.22321,0.000998552,0.5965,45009,224.436
1000,8192000,5.16679,0.000998547,0.641225,45555.2,224.616
1001,8200192,5.19091,0.000998541,0.56438,42447.9,224.809
1002,8208384,5.19238,0.000998535,0.602128,45714.6,224.988
1003,8216576,5.12339,0.000998529,0.569924,45437,225.168
1004,8224768,5.06261,0.000998523,0.547388,45621.9,225.348
1005,8232960,5.39182,0.000998517,0.622083,39661.7,225.554
1006,8241152,5.27691,0.000998511,0.611935,39167.1,225.763
1007,8249344,5.18435,0.000998506,0.599607,45004.7,225.945
1008,8257536,5.18078,0.0009985,0.588794,45278.9,226.126
1009,8265728,5.13231,0.000998494,0.59904,45424.6,226.307
1010,8273920,5.06619,0.000998488,0.622329,42558.3,226.499
1011,8282112,5.23825,0.000998482,0.668786,36945.1,226.721
1012,8290304,5.37436,0.000998476,0.620802,44023,226.907
1013,8298496,5.14922,0.00099847,0.625101,45106.4,227.089
1014,8306688,5.13002,0.000998464,0.61015,45410.7,227.269
1015,8314880,5.18016,0.000998458,0.619219,43756.2,227.456
1016,8323072,4.88007,0.000998452,0.622656,41132.6,227.655
1017,8331264,5.27886,0.000998446,0.613725,42830.2,227.847
1018,8339456,5.26901,0.00099844,0.605669,44366,228.031
1019,8347648,5.30314,0.000998434,0.622897,45184.8,228.213
1020,8355840,5.03651,0.000998428,0.610249,44350.9,228.397
1021,8364032,5.16573,0.000998422,0.62692,40060.3,228.602
1022,8372224,5.30249,0.000998416,0.575377,42578.6,228.794
1023,8380416,5.20244,0.00099841,0.58631,44305.6,228.979
1024,8388608,5.14874,0.000998404,0.57408,45039.7,229.161
1025,8396800,5.10606,0.000998397,0.587463,44963.5,229.343
1026,8404992,5.10862,0.000998391,0.588011,45472.5,229.523
1027,8413184,5.15153,0.000998385,0.595979,45185.9,229.705
1028,8421376,5.0866,0.000998379,0.624985,45228.7,229.886
1029,8429568,5.12635,0.000998373,0.594118,45530.6,230.066
1030,8437760,4.94408,0.000998367,0.601089,40180.8,230.269
1031,8445952,5.27818,0.000998361,0.615076,36438,230.494
1032,8454144,5.13324,0.000998354,0.602044,45054.6,230.676
1033,8462336,5.20858,0.000998348,0.623327,45230.2,230.857
1034,8470528,5.03036,0.000998342,0.584574,45578.6,231.037
1035,8478720,5.19994,0.000998336,0.601208,43576.4,231.225
1036,8486912,5.18866,0.000998329,0.583874,39729.4,231.431
1037,8495104,5.14072,0.000998323,0.640234,43617.2,231.619
1038,8503296,5.16135,0.000998317,0.590724,44821.2,231.802
1039,8511488,5.24956,0.000998311,0.614591,45548.9,231.982
1040,8519680,5.13374,0.000998304,0.588566,44576.6,232.165
1041,8527872,5.34724,0.000998298,0.618537,38706.2,232.377
1042,8536064,4.99828,0.000998292,0.581864,43065.9,232.567
1043,8544256,5.21614,0.000998286,0.677222,44333.8,232.752
1044,8552448,5.16978,0.000998279,0.57341,45425,232.932
1045,8560640,5.06346,0.000998273,0.627139,44612.5,233.116
1046,8568832,5.22965,0.000998266,0.600449,42767.4,233.308
1047,8577024,5.31978,0.00099826,0.64565,42882.5,233.499
1048,8585216,5.08373,0.000998254,0.88863,44058,233.684
1049,8593408,5.25602,0.000998247,0.650156,44864,233.867
1050,8601600,5.19601,0.000998241,0.873452,45157.2,234.048
1051,8609792,5.13829,0.000998235,0.648024,42265,234.242
1052,8617984,5.16097,0.000998228,0.610531,46145.6,234.42
1053,8626176,4.97994,0.000998222,0.699676,45868.9,234.598
1054,8634368,5.0065,0.000998215,0.63369,46015.1,234.776
1055,8642560,5.03051,0.000998209,0.638774,40410,234.979
1056,8650752,5.20464,0.000998202,0.613835,38296.2,235.193
1057,8658944,5.16285,0.000998196,0.601914,44139.6,235.379
1058,8667136,5.10498,0.000998189,0.601006,45339.4,235.559
1059,8675328,5.30866,0.000998183,0.621727,45888.8,235.738
1060,8683520,5.08692,0.000998176,0.886861,43699.3,235.925
1061,8691712,5.16056,0.00099817,0.586004,36668.5,236.149
1062,8699904,5.08024,0.000998163,0.645796,43376,236.338
1063,8708096,5.01023,0.000998157,0.609346,44982.8,236.52
1064,8716288,5.21576,0.00099815,0.681164,45577.3,236.699
1065,8724480,5.0734,0.000998144,0.589614,44329.1,236.884
1066,8732672,5.22233,0.000998137,0.631776,41549.5,237.081
1067,8740864,5.17991,0.00099813,0.610574,42352.6,237.275
1068,8749056,5.05247,0.000998124,0.658251,44289.8,237.46
1069,8757248,5.19123,0.000998117,0.588495,45655.3,237.639
1070,8765440,5.02734,0.000998111,0.606234,44922.1,237.822
1071,8773632,4.95538,0.000998104,0.608045,39954.2,238.027
1072,8781824,5.13922,0.000998097,0.568027,43051.6,238.217
1073,8790016,5.19772,0.000998091,0.660406,43756.2,238.404
1074,8798208,5.1827,0.000998084,0.608618,45002.2,238.586
1075,8806400,5.07425,0.000998077,0.693264,45389.2,238.767
1076,8814592,5.0201,0.000998071,0.602929,44454.8,238.951
1077,8822784,4.67909,0.000998064,0.690213,45342.1,239.132
1078,8830976,5.04227,0.000998057,0.610925,45457.8,239.312
1079,8839168,5.12967,0.00099805,0.633302,45563.9,239.492
1080,8847360,5.27343,0.000998044,0.625679,41128.4,239.691
1081,8855552,5.10244,0.000998037,0.626619,35922.1,239.919
1082,8863744,5.28635,0.00099803,0.638417,45066.4,240.101
1083,8871936,5.23321,0.000998023,0.627456,45628.7,240.28
1084,8880128,4.92478,0.000998017,0.625335,45681,240.459
1085,8888320,4.97494,0.00099801,0.594564,43404.9,240.648
1086,8896512,5.18932,0.000998003,0.676797,39696.4,240.855
1087,8904704,5.07977,0.000997996,0.618281,43455.1,241.043
1088,8912896,4.9801,0.000997989,0.615631,44905.2,241.226
1089,8921088,5.09649,0.000997982,0.609755,45394.5,241.406
1090,8929280,5.00378,0.000997976,0.596988,44584.7,241.59
1091,8937472,4.83202,0.000997969,0.581669,39190.7,241.799
1092,8945664,4.98191,0.000997962,0.59319,43066.9,241.989
1093,8953856,5.1835,0.000997955,0.606263,44632.7,242.173
1094,8962048,5.07779,0.000997948,0.570198,45642.1,242.352
1095,8970240,5.09608,0.000997941,0.586525,44609.3,242.536
1096,8978432,5.14564,0.000997934,0.614065,43294.4,242.725
1097,8986624,5.0742,0.000997927,0.650962,42719.4,242.917
1098,8994816,5.19089,0.00099792,0.580948,43809.9,243.104
1099,9003008,4.97936,0.000997913,0.636123,45356,243.284
1100,9011200,5.15047,0.000997906,0.609304,45228.9,243.465
1101,9019392,5.18467,0.000997899,0.664522,41806.6,243.661
1102,9027584,5.18585,0.000997892,0.625241,45490.9,243.841
1103,9035776,5.12117,0.000997885,0.641548,45670.8,244.021
1104,9043968,4.96248,0.000997878,0.579985,45712.1,244.2
1105,9052160,4.83796,0.000997871,0.627451,40075.8,244.404
1106,9060352,5.13508,0.000997864,0.620246,38432.2,244.618
1107,9068544,5.14965,0.000997857,0.578542,44394.3,244.802
1108,9076736,5.18955,0.00099785,0.700395,45833.2,244.981
1109,9084928,5.02074,0.000997843,0.689841,45926.2,245.159
1110,9093120,5.20728,0.000997836,0.653764,43494.9,245.348
1111,9101312,4.8633,0.000997829,0.604128,37478.2,245.566
1112,9109504,5.09023,0.000997822,0.621894,43645.7,245.754
1113,9117696,5.00699,0.000997814,0.70519,44945.3,245.936
1114,9125888,5.02304,0.000997807,0.590545,45290.6,246.117
1115,9134080,5.08087,0.0009978,0.625536,44364.2,246.302
1116,9142272,5.09723,0.000997793,0.626831,41180.1,246.501
1117,9150464,5.15109,0.000997786,0.640961,42574,246.693
1118,9158656,4.95696,0.000997779,0.623588,44333.6,246.878
1119,9166848,5.22157,0.000997771,0.555048,45002.4,247.06
1120,9175040,5.09271,0.000997764,0.622987,45054.1,247.242
1121,9183232,4.94917,0.000997757,0.640552,40012.7,247.446
1122,9191424,5.10169,0.00099775,0.672665,43220.7,247.636
1123,9199616,5.08518,0.000997742,0.656869,44096.9,247.822
1124,9207808,5.07618,0.000997735,0.614265,44926.5,248.004
1125,9216000,5.06288,0.000997728,0.58733,45006.8,248.186
1126,9224192,5.16548,0.000997721,0.629511,45188.3,248.367
1127,9232384,5.19553,0.000997713,0.575184,45384.8,248.548
1128,9240576,4.88436,0.000997706,0.581797,45380.8,248.728
1129,9248768,4.97352,0.000997699,0.574117,45785.2,248.907
1130,9256960,4.91534,0.000997691,0.567147,41678.7,249.104
1131,9265152,5.13143,0.000997684,0.6119,36116.6,249.331
1132,9273344,4.97101,0.000997677,0.571186,44936.1,249.513
1133,9281536,4.96121,0.000997669,0.604157,45160.1,249.694
1134,9289728,5.19147,0.000997662,0.587966,45739.7,249.873
1135,9297920,5.04714,0.000997655,0.61043,43782.8,250.06
1136,9306112,5.08072,0.000997647,0.613896,40080,250.265
1137,9314304,5.15352,0.00099764,0.675246,43469.6,250.453
1138,9322496,4.98188,0.000997632,0.660976,45103.1,250.635
1139,9330688,4.96099,0.000997625,0.592142,45675.8,250.814
1140,9338880,5.2047,0.000997618,0.623335,44444.7,250.999
1141,9347072,4.90667,0.00099761,0.655164,39252.8,251.207
1142,9355264,4.97272,0.000997603,0.621317,42993.6,251.398
1143,9363456,5.11665,0.000997595,0.70414,44660.2,251.581
1144,9371648,4.99578,0.000997588,0.626713,45638.8,251.761
1145,9379840,5.1965,0.00099758,0.644266,45196.8,251.942
1146,9388032,5.04745,0.000997573,0.623362,43732.8,252.129
1147,9396224,4.98126,0.000997565,0.641912,42510.9,252.322
1148,9404416,5.17314,0.000997558,0.578968,43785,252.509
1149,9412608,4.87109,0.00099755,0.626141,45372.6,252.69
1150,9420800,4.87967,0.000997542,0.612736,45389.8,252.87
1151,9428992,5.07361,0.000997535,0.600002,42285.3,253.064
1152,9437184,4.93868,0.000997527,0.622012,46371.8,253.241
1153,9445376,5.14222,0.00099752,0.633731,46223.5,253.418
1154,9453568,5.06027,0.000997512,0.605059,46096.3,253.596
1155,9461760,5.01053,0.000997504,0.653936,41061.2,253.795
1156,9469952,5.12004,0.000997497,0.627166,39170.7,254.004
1157,9478144,5.15217,0.000997489,0.675583,44992.9,254.186
1158,9486336,5.02465,0.000997482,0.682257,45814.2,254.365
1159,9494528,5.06717,0.000997474,0.686018,45893.9,254.544
1160,9502720,5.02156,0.000997466,0.633903,43335.1,254.733
1161,9510912,5.13972,0.000997458,0.600898,37260.9,254.952
1162,9519104,5.08511,0.000997451,0.594926,43907.7,255.139
1163,9527296,5.09237,0.000997443,0.657933,45141.7,255.32
1164,9535488,5.09154,0.000997435,0.678337,45076.2,255.502
1165,9543680,5.03212,0.000997428,0.613719,43581,255.69
1166,9551872,5.22036,0.00099742,0.650419,39419.2,255.898
1167,9560064,4.94497,0.000997412,0.603509,39623,256.105
1168,9568256,5.06153,0.000997404,0.624769,43619,256.293
1169,9576448,5.13248,0.000997397,0.620785,44746.1,256.476
1170,9584640,4.81071,0.000997389,0.633379,44973.8,256.658
1171,9592832,4.80758,0.000997381,0.617801,40073.4,256.862
1172,9601024,5.00914,0.000997373,0.61299,41355.4,257.06
1173,9609216,5.03895,0.000997365,0.625706,43670.3,257.248
1174,9617408,4.90439,0.000997357,0.63709,44785.5,257.431
1175,9625600,4.95593,0.00099735,0.666214,45369.9,257.611
1176,9633792,5.19978,0.000997342,0.643432,44495.8,257.795
1177,9641984,5.02054,0.000997334,0.658917,45474.2,257.976
1178,9650176,5.02748,0.000997326,0.637153,45566.1,258.155
1179,9658368,5.15002,0.000997318,0.660084,45706.1,258.335
1180,9666560,4.95749,0.00099731,0.637157,40619.8,258.536
1181,9674752,4.86924,0.000997302,0.648082,36792.1,258.759
1182,9682944,4.98377,0.000997294,0.621713,44881.7,258.942
1183,9691136,5.02546,0.000997286,0.621736,45316.4,259.122
1184,9699328,5.01477,0.000997278,0.580228,45575,259.302
1185,9707520,4.81863,0.00099727,0.643044,42615.1,259.494
1186,9715712,4.88081,0.000997263,0.68401,40014.6,259.699
1187,9723904,5.00315,0.000997255,0.594091,43704,259.886
1188,9732096,5.08985,0.000997247,0.63667,44819.5,260.069
1189,9740288,5.09596,0.000997238,0.665136,45158.3,260.251
1190,9748480,4.82419,0.00099723,0.614933,44703.3,260.434
1191,9756672,5.05981,0.000997222,0.674205,39039,260.644
1192,9764864,4.89712,0.000997214,0.582296,43448.9,260.832
1193,9773056,5.03124,0.000997206,0.593919,44409,261.017
1194,9781248,5.0797,0.000997198,0.63792,45217,261.198
1195,9789440,5.06953,0.00099719,0.647045,45282.8,261.379
1196,9797632,5.0544,0.000997182,0.695193,42684.6,261.571
1197,9805824,4.82952,0.000997174,0.661511,42455.3,261.764
1198,9814016,4.96505,0.000997166,0.631418,43921.3,261.95
1199,9822208,4.85993,0.000997158,0.644453,44984.9,262.132
1200,9830400,4.8005,0.00099715,0.602805,45400.3,262.313
1201,9838592,4.95285,0.000997141,0.665679,42037.5,262.508
1202,9846784,4.91439,0.000997133,0.617204,46047.2,262.686
1203,9854976,5.17745,0.000997125,0.598707,45679.4,262.865
1204,9863168,4.9286,0.000997117,0.624056,45666.5,263.044
1205,9871360,4.84733,0.000997109,0.632832,40010.4,263.249
1206,9879552,5.08576,0.0009971,0.640318,39285.8,263.457
1207,9887744,4.93062,0.000997092,0.610566,44721.9,263.641
1208,9895936,5.05236,0.000997084,0.59593,45553.9,263.821
1209,9904128,4.78142,0.000997076,0.609057,46039.9,263.998
1210,9912320,4.82514,0.000997068,0.634818,42954.7,264.189
1211,9920512,4.97437,0.000997059,0.638834,37366,264.408
1212,9928704,5.16265,0.000997051,0.625745,43765.1,264.596
1213,9936896,5.05742,0.000997043,0.621238,45115.8,264.777
1214,9945088,4.94096,0.000997034,0.618535,45590,264.957
1215,9953280,5.05848,0.000997026,0.591941,44126,265.142
1216,9961472,5.14669,0.000997018,0.672383,40671.6,265.344
1217,9969664,4.95517,0.000997009,0.653809,42635.6,265.536
1218,9977856,5.05748,0.000997001,0.65359,44506.7,265.72
1219,9986048,4.83206,0.000996993,0.658309,45363.1,265.901
1220,9994240,5.17604,0.000996984,0.646784,44867.5,266.083
1221,10002432,4.82514,0.000996976,0.605882,40037.7,266.288
1222,10010624,5.07923,0.000996968,0.598549,42727.8,266.48
1223,10018816,4.78322,0.000996959,0.609574,43811.7,266.667
1224,10027008,4.95932,0.000996951,0.600685,44990.5,266.849
1225,10035200,5.05933,0.000996942,0.607005,45379.6,267.029
1226,10043392,4.76998,0.000996934,0.604926,45796.5,267.208
1227,10051584,4.91319,0.000996925,0.603929,45578.4,267.388
1228,10059776,5.06897,0.000996917,0.626084,45847.5,267.566
1229,10067968,4.98443,0.000996908,0.579872,45770.3,267.745
1230,10076160,5.0266,0.0009969,0.601244,40498.2,267.948
1231,10084352,4.58199,0.000996891,0.63304,36853.9,268.17
1232,10092544,5.00686,0.000996883,0.640645,45210.8,268.351
1233,10100736,4.97124,0.000996874,0.639577,45745.9,268.53
1234,10108928,5.02279,0.000996866,0.603658,45777.3,268.709
1235,10117120,4.90094,0.000996857,0.629078,42234.9,268.903
1236,10125312,5.05251,0.000996849,0.620905,39544.8,269.11
1237,10133504,4.83777,0.00099684,0.679411,43600.2,269.298
1238,10141696,5.02869,0.000996832,0.593422,45295.4,269.479
1239,10149888,5.15962,0.000996823,0.626829,45313.5,269.66
1240,10158080,5.20057,0.000996814,0.629564,43720.8,269.847
1241,10166272,5.02661,0.000996806,0.591587,38140.7,270.062
1242,10174464,4.98448,0.000996797,0.598095,43469,270.251
1243,10182656,5.14218,0.000996789,0.613267,44681.9,270.434
1244,10190848,5.08524,0.00099678,0.637717,45408.8,270.614
1245,10199040,4.96918,0.000996771,0.680227,44701.8,270.798
1246,10207232,4.97807,0.000996763,0.632905,42188.9,270.992
1247,10215424,4.77281,0.000996754,0.627847,42737.4,271.183
1248,10223616,5.07687,0.000996745,0.64904,44500.4,271.367
1249,10231808,4.94996,0.000996736,0.616365,45551.8,271.547
1250,10240000,5.01078,0.000996728,0.672207,45166.2,271.729
1251,10248192,5.08074,0.000996719,0.658032,42949.1,271.919
1252,10256384,4.95533,0.00099671,0.610744,45920.8,272.098
1253,10264576,5.03408,0.000996701,0.640386,45863.6,272.276
1254,10272768,4.92351,0.000996693,0.631563,45607.9,272.456
1255,10280960,5.18564,0.000996684,0.696245,40886.1,272.656
1256,10289152,4.98244,0.000996675,0.622988,38739.9,272.868
1257,10297344,5.02649,0.000996666,0.636359,44552.8,273.052
1258,10305536,5.12499,0.000996658,0.610553,45394.1,273.232
1259,10313728,5.05877,0.000996649,0.61063,45726.8,273.411
1260,10321920,4.97199,0.00099664,0.619808,43574.5,273.599
1261,10330112,4.90831,0.000996631,0.608774,37936.4,273.815
1262,10338304,4.93729,0.000996622,0.627961,43315.1,274.004
1263,10346496,4.80726,0.000996613,0.61111,45229.7,274.186
1264,10354688,5.17494,0.000996604,0.654589,45608.6,274.365
1265,10362880,4.98561,0.000996596,0.651573,44975.3,274.547
1266,10371072,5.01386,0.000996587,0.64064,41126.4,274.746
1267,10379264,4.96863,0.000996578,0.684419,42475.4,274.939
1268,10387456,4.88757,0.000996569,0.633459,44875.2,275.122
1269,10395648,5.00537,0.00099656,0.660451,45413.5,275.302
1270,10403840,4.97112,0.000996551,0.643196,45379.4,275.483
1271,10412032,5.02454,0.000996542,0.632197,40232.2,275.686
1272,10420224,5.00275,0.000996533,0.603038,42786.4,275.878
1273,10428416,4.94919,0.000996524,0.697566,44074.6,276.064
1274,10436608,5.21499,0.000996515,0.606545,45192.6,276.245
1275,10444800,4.80265,0.000996506,0.656937,45415.9,276.425
1276,10452992,4.89527,0.000996497,0.629479,45616.9,276.605
1277,10461184,4.95828,0.000996488,0.61926,45317.8,276.786
1278,10469376,4.89934,0.000996479,0.616561,45399.9,276.966
1279,10477568,4.91641,0.00099647,0.631772,45389.4,277.147
1280,10485760,4.8972,0.000996461,0.667144,38909.6,277.357
1281,10493952,4.92165,0.000996452,0.613213,36650.7,277.581
1282,10502144,5.08225,0.000996443,0.592887,44992.7,277.763
1283,10510336,5.14058,0.000996433,0.692117,45307.8,277.944
1284,10518528,4.87484,0.000996424,0.635962,45970.2,278.122
1285,10526720,4.98832,0.000996415,0.622242,41957.1,278.317
1286,10534912,5.04321,0.000996406,0.664343,39664.2,278.524
1287,10543104,4.85968,0.000996397,0.663324,43489.2,278.712
1288,10551296,4.78606,0.000996388,0.653764,44886.5,278.894
1289,10559488,4.85558,0.000996379,0.66626,45511.1,279.074
1290,10567680,4.89381,0.000996369,0.646658,44064.9,279.26
1291,10575872,4.947,0.00099636,0.648268,38562.8,279.473
1292,10584064,4.97051,0.000996351,0.638673,43120.4,279.663
1293,10592256,5.03849,0.000996342,0.645022,44467.5,279.847
1294,10600448,4.83171,0.000996333,0.657899,45453.7,280.027
1295,10608640,4.7878,0.000996323,0.623398,44509,280.211
1296,10616832,5.02028,0.000996314,0.631477,42306.5,280.405
1297,10625024,5.05423,0.000996305,0.655799,42393.4,280.598
1298,10633216,4.85457,0.000996295,0.692521,44569.8,280.782
1299,10641408,4.95574,0.000996286,0.648287,44882.4,280.964
1300,10649600,5.17938,0.000996277,0.672729,45487.8,281.145
1301,10657792,4.89076,0.000996268,0.633995,41333.3,281.343
1302,10665984,4.97689,0.000996258,0.596678,45963.2,281.521
1303,10674176,4.9553,0.000996249,0.680708,45803.9,281.7
1304,10682368,5.08336,0.00099624,0.604752,45856.3,281.879
1305,10690560,4.91485,0.00099623,0.603645,39931,282.084
1306,10698752,5.05964,0.000996221,0.708891,39738.4,282.29
1307,10706944,4.95792,0.000996211,0.623085,44973.3,282.472
1308,10715136,4.90703,0.000996202,0.639459,45446.9,282.652
1309,10723328,5.03632,0.000996193,0.600923,45598.9,282.832
1310,10731520,4.93096,0.000996183,0.649556,43199.7,283.021
1311,10739712,4.89382,0.000996174,0.653518,38025.8,283.237
1312,10747904,4.82006,0.000996164,0.621951,43616.9,283.425
1313,10756096,4.99795,0.000996155,0.626145,44688.3,283.608
1314,10764288,4.9316,0.000996145,0.634227,45583.4,283.788
1315,10772480,4.89947,0.000996136,0.62131,43882.5,283.974
1316,10780672,4.8568,0.000996126,0.656163,41210,284.173
1317,10788864,5.02053,0.000996117,0.634551,42554.1,284.366
1318,10797056,4.81021,0.000996107,0.649818,44811.4,284.549
1319,10805248,4.82443,0.000996098,0.64624,45439.4,284.729
1320,10813440,4.96358,0.000996088,0.600164,44418.8,284.913
1321,10821632,4.84512,0.000996079,0.647376,39827.1,285.119
1322,10829824,5.01739,0.000996069,0.637528,42668.9,285.311
1323,10838016,4.87363,0.00099606,0.648923,44113.9,285.497
1324,10846208,4.98248,0.00099605,0.870063,45077.9,285.678
1325,10854400,4.94888,0.000996041,0.623692,45494.4,285.858
1326,10862592,5.00655,0.000996031,0.604947,43834.9,286.045
1327,10870784,4.95759,0.000996021,0.62823,45371.7,286.226
1328,10878976,4.91315,0.000996012,0.705049,45304,286.407
1329,10887168,4.9271,0.000996002,0.664984,45347.9,286.587
1330,10895360,4.79201,0.000995992,0.672943,40291,286.791
1331,10903552,4.86078,0.000995983,0.633303,35898.8,287.019
1332,10911744,4.75407,0.000995973,0.612425,44841.8,287.202
1333,10919936,4.69441,0.000995963,0.665315,45167.3,287.383
1334,10928128,4.8335,0.000995954,0.634195,45394.1,287.563
1335,10936320,4.83725,0.000995944,0.648371,43057.9,287.754
1336,10944512,4.88186,0.000995934,0.629787,39756.8,287.96
1337,10952704,4.89669,0.000995925,0.669301,43513.2,288.148
1338,10960896,5.01828,0.000995915,0.61501,45060,288.33
1339,10969088,4.87888,0.000995905,0.646164,45301.9,288.511
1340,10977280,4.89123,0.000995895,0.695543,44177.9,288.696
1341,10985472,5.06821,0.000995886,0.708718,37284.5,288.916
1342,10993664,4.72001,0.000995876,0.635369,42999.1,289.106
1343,11001856,5.00022,0.000995866,0.665689,44121,289.292
1344,11010048,5.01308,0.000995856,0.614231,44832.9,289.475
1345,11018240,4.83513,0.000995846,0.616824,44074.7,289.661
1346,11026432,4.99467,0.000995837,0.627641,41452.3,289.858
1347,11034624,4.83264,0.000995827,0.660096,42024.3,290.053
1348,11042816,4.80431,0.000995817,0.661241,43895.3,290.24
1349,11051008,5.02243,0.000995807,0.637779,44658.4,290.423
1350,11059200,5.01676,0.000995797,0.665402,44905.3,290.606
1351,11067392,4.92288,0.000995787,0.730472,42113.7,290.8
1352,11075584,4.88098,0.000995777,0.615376,47414.5,290.973
1353,11083776,4.87215,0.000995767,0.641299,46969.6,291.147
1354,11091968,4.98995,0.000995757,0.66885,47018.3,291.322
1355,11100160,5.0641,0.000995748,0.638702,41207.8,291.52
1356,11108352,4.58758,0.000995738,0.70724,38279.5,291.734
1357,11116544,4.97826,0.000995728,0.622421,44526.7,291.918
1358,11124736,4.92153,0.000995718,0.61541,45250.2,292.099
1359,11132928,4.90685,0.000995708,0.642353,45649,292.279
1360,11141120,5.11693,0.000995698,0.637877,42664,292.471
1361,11149312,4.90076,0.000995688,0.595062,37542,292.689
1362,11157504,4.67125,0.000995678,0.638782,43860,292.876
1363,11165696,4.99792,0.000995668,0.674714,45165.2,293.057
1364,11173888,4.88904,0.000995658,0.60978,45323.6,293.238
1365,11182080,4.78363,0.000995647,0.64434,44108.4,293.424
1366,11190272,5.06453,0.000995637,0.611239,41540.9,293.621
1367,11198464,5.00658,0.000995627,0.604178,42556.1,293.813
1368,11206656,4.93891,0.000995617,0.65683,44523.5,293.997
1369,11214848,4.81398,0.000995607,0.636654,45148.6,294.179
1370,11223040,4.8389,0.000995597,0.704412,45104.1,294.36
1371,11231232,5.03396,0.000995587,0.702184,40140.4,294.564
1372,11239424,5.08387,0.000995577,0.681277,43436.2,294.753
1373,11247616,4.86925,0.000995567,0.639757,44103.1,294.939
1374,11255808,4.87641,0.000995556,0.663727,45033.8,295.121
1375,11264000,4.97826,0.000995546,0.644866,45356.7,295.301
1376,11272192,4.98373,0.000995536,0.601319,44988.9,295.483
1377,11280384,4.77675,0.000995526,0.716086,45565.8,295.663
1378,11288576,4.90468,0.000995516,0.644839,45579.5,295.843
1379,11296768,4.945,0.000995506,0.629308,45657.2,296.022
1380,11304960,4.91507,0.000995495,0.627257,39805.1,296.228
1381,11313152,4.97982,0.000995485,0.622165,36570.6,296.452
1382,11321344,4.77409,0.000995475,0.651405,45093.6,296.634
1383,11329536,4.99263,0.000995465,0.639099,45317.8,296.815
1384,11337728,4.96003,0.000995454,0.600723,45467.9,296.995
1385,11345920,4.99604,0.000995444,0.689056,43069.2,297.185
1386,11354112,4.7811,0.000995434,0.654001,39402.8,297.393
1387,11362304,4.89178,0.000995423,0.63982,43502.2,297.581
1388,11370496,4.67374,0.000995413,0.649203,45211.2,297.762
1389,11378688,4.90141,0.000995403,0.631808,45571.2,297.942
1390,11386880,4.93277,0.000995392,0.71465,44600.6,298.126
1391,11395072,4.93692,0.000995382,0.59901,38997.3,298.336
1392,11403264,4.88432,0.000995372,0.639133,43172,298.526
1393,11411456,4.8453,0.000995361,0.61031,44773.5,298.709
1394,11419648,4.95682,0.000995351,0.641113,45374.6,298.889
1395,11427840,5.06311,0.000995341,0.63075,45296.8,299.07
1396,11436032,5.02828,0.00099533,0.629154,43341.4,299.259
1397,11444224,4.74759,0.00099532,0.626882,42830.8,299.45
1398,11452416,4.8445,0.000995309,0.625807,44028.8,299.636
1399,11460608,4.92303,0.000995299,0.69695,45061.7,299.818
1400,11468800,4.98716,0.000995288,0.648672,45388.9,299.999
1401,11476992,4.92159,0.000995278,0.652317,42561.2,300.191
1402,11485184,4.86826,0.000995267,0.659528,45805.1,300.37
1403,11493376,4.97118,0.000995257,0.727041,45668.5,300.549
1404,11501568,4.91215,0.000995246,0.654683,45695.3,300.729
1405,11509760,4.91289,0.000995236,0.699898,41137.1,300.928
1406,11517952,4.90333,0.000995225,0.649042,38318.8,301.142
1407,11526144,4.9324,0.000995215,0.683907,44192.8,301.327
1408,11534336,4.86363,0.000995204,0.635702,45418.6,301.507
1409,11542528,4.84927,0.000995194,0.651659,45697.8,301.687
1410,11550720,4.83503,0.000995183,0.628171,43762.5,301.874
1411,11558912,4.83893,0.000995173,0.622598,37346.3,302.093
1412,11567104,4.88643,0.000995162,0.674507,43322.7,302.282
1413,11575296,4.98178,0.000995151,0.652629,44931.7,302.464
1414,11583488,5.10639,0.000995141,0.645369,45348.9,302.645
1415,11591680,4.75909,0.00099513,0.623695,44800.1,302.828
1416,11599872,4.96925,0.000995119,0.728982,41218.9,303.027
1417,11608064,5.05958,0.000995109,0.887799,42530.1,303.219
1418,11616256,4.85034,0.000995098,0.664764,44215.4,303.405
1419,11624448,4.87836,0.000995087,0.646962,45272.9,303.586
1420,11632640,4.70096,0.000995077,1.03681,45395.2,303.766
1421,11640832,4.96269,0.000995066,0.643376,40675.6,303.967
1422,11649024,4.93623,0.000995055,0.671122,43563.5,304.155
1423,11657216,4.73509,0.000995045,0.632302,44281.4,304.34
1424,11665408,4.89332,0.000995034,0.633877,45033.9,304.522
1425,11673600,4.80824,0.000995023,0.662155,45414.6,304.703
1426,11681792,4.83717,0.000995012,0.615391,45270.5,304.884
1427,11689984,4.89293,0.000995002,0.682638,45689.3,305.063
1428,11698176,5.08538,0.000994991,0.646721,45854.2,305.242
1429,11706368,4.68253,0.00099498,0.629108,46042.6,305.42
1430,11714560,4.80013,0.000994969,0.612236,41238.1,305.618
1431,11722752,4.70296,0.000994958,0.642183,36476.3,305.843
1432,11730944,4.88828,0.000994948,0.662033,45283.8,306.024
1433,11739136,4.81843,0.000994937,0.651722,45656.3,306.203
1434,11747328,4.71483,0.000994926,0.645998,45567.6,306.383
1435,11755520,4.75988,0.000994915,0.675082,43088.5,306.573
1436,11763712,4.91968,0.000994904,1.34213,39698.5,306.779
1437,11771904,4.83715,0.000994893,0.629452,43148.9,306.969
1438,11780096,5.09096,0.000994882,0.689299,45168.7,307.151
1439,11788288,4.92953,0.000994871,0.600208,45629.6,307.33
1440,11796480,4.89096,0.000994861,0.623934,44412.9,307.515
1441,11804672,4.90838,0.00099485,0.664226,38827.2,307.726
1442,11812864,4.93941,0.000994839,0.64068,42820.1,307.917
1443,11821056,4.70739,0.000994828,0.668921,45064.1,308.099
1444,11829248,5.13423,0.000994817,0.677263,45220.3,308.28
1445,11837440,4.71817,0.000994806,0.687495,45080.6,308.462
1446,11845632,4.54961,0.000994795,0.619564,43088.3,308.652
1447,11853824,4.94748,0.000994784,0.653241,42842.2,308.843
1448,11862016,4.87534,0.000994773,0.682037,43987.6,309.029
1449,11870208,4.79711,0.000994762,0.629423,45561.7,309.209
1450,11878400,4.93736,0.000994751,0.637226,45203.7,309.39
1451,11886592,4.7947,0.00099474,0.671871,41754.4,309.586
1452,11894784,4.84034,0.000994729,0.653211,46666.7,309.762
1453,11902976,4.86166,0.000994718,0.720337,47137.2,309.936
1454,11911168,4.97518,0.000994706,0.629294,47210.5,310.109
1455,11919360,4.79929,0.000994695,0.629014,42183.2,310.303
1456,11927552,4.64726,0.000994684,0.637269,38170.5,310.518
1457,11935744,4.82496,0.000994673,0.597504,44556.7,310.702
1458,11943936,5.01226,0.000994662,0.633089,45297.8,310.883
1459,11952128,4.93931,0.000994651,0.617439,45678.6,311.062
1460,11960320,4.75923,0.00099464,0.643719,44023.6,311.248
1461,11968512,5.01592,0.000994629,0.637208,37367.6,311.467
1462,11976704,4.99586,0.000994617,0.622155,43058,311.658
1463,11984896,4.77945,0.000994606,0.666537,44782.5,311.841
1464,11993088,4.87278,0.000994595,0.607983,45277,312.022
1465,12001280,4.89236,0.000994584,0.646329,44522.9,312.205
1466,12009472,4.89703,0.000994573,0.65453,41650.8,312.402
1467,12017664,4.85417,0.000994561,0.618245,42156.1,312.597
1468,12025856,4.83271,0.00099455,0.626009,44102.1,312.782
1469,12034048,4.92173,0.000994539,0.682148,45244,312.963
1470,12042240,4.97104,0.000994528,0.621222,44685.8,313.147
1471,12050432,4.77036,0.000994516,0.787887,40716.6,313.348
1472,12058624,4.72021,0.000994505,0.692873,42700.5,313.54
1473,12066816,5.09651,0.000994494,0.720912,44079,313.726
1474,12075008,4.79008,0.000994482,0.653843,44830.9,313.908
1475,12083200,4.78617,0.000994471,0.644315,45366.5,314.089
1476,12091392,4.9363,0.00099446,0.6381,45282.4,314.27
1477,12099584,4.75588,0.000994448,0.649543,45709.1,314.449
1478,12107776,4.86324,0.000994437,0.719782,45926.2,314.627
1479,12115968,4.67131,0.000994426,0.671308,45885.8,314.806
1480,12124160,4.73337,0.000994414,0.679432,40058.1,315.01
1481,12132352,4.86436,0.000994403,0.73584,36304.5,315.236
1482,12140544,4.91232,0.000994391,0.664973,45584.5,315.416
1483,12148736,4.9908,0.00099438,0.704322,45315.5,315.597
1484,12156928,4.83477,0.000994369,0.704479,45739.9,315.776
1485,12165120,4.90333,0.000994357,0.697404,43260.8,315.965
1486,12173312,4.95031,0.000994346,0.615685,39399.3,316.173
1487,12181504,4.92745,0.000994334,0.667668,43378.1,316.362
1488,12189696,4.96055,0.000994323,0.678408,45156.3,316.543
1489,12197888,4.86775,0.000994311,0.626795,45444,316.723
1490,12206080,4.90331,0.0009943,0.642936,44576.8,316.907
1491,12214272,4.92238,0.000994288,0.624955,38740.4,317.119
1492,12222464,5.06096,0.000994277,0.634232,43023.8,317.309
1493,12230656,4.93623,0.000994265,0.690176,44558,317.493
1494,12238848,4.85306,0.000994254,0.625183,45269.9,317.674
1495,12247040,4.74061,0.000994242,0.660845,44677.3,317.857
1496,12255232,4.75912,0.000994231,0.724397,43002.3,318.048
1497,12263424,4.66457,0.000994219,0.631293,42751.5,318.239
1498,12271616,4.81341,0.000994207,0.698605,44104.4,318.425
1499,12279808,4.80116,0.000994196,0.669271,45273,318.606
1500,12288000,4.95487,0.000994184,0.626663,45134.3,318.788
1501,12296192,4.7547,0.000994173,0.656215,43341.9,318.977
1502,12304384,4.96584,0.000994161,0.671177,46060,319.154
1503,12312576,4.83707,0.000994149,0.686209,45913.8,319.333
1504,12320768,5.06972,0.000994138,0.675593,46266.8,319.51
1505,12328960,4.7386,0.000994126,0.60854,40149.8,319.714
1506,12337152,4.69429,0.000994114,0.652985,39803,319.92
1507,12345344,4.65992,0.000994103,0.681549,45012,320.102
1508,12353536,4.7072,0.000994091,0.613192,45690.3,320.281
1509,12361728,4.84016,0.000994079,0.637568,46263.7,320.458
1510,12369920,4.74205,0.000994067,0.634789,42937.3,320.649
1511,12378112,4.64753,0.000994056,0.606723,37151,320.869
1512,12386304,4.85996,0.000994044,0.622348,44017.1,321.056
1513,12394496,4.8693,0.000994032,0.596631,45089.5,321.237
1514,12402688,4.71887,0.00099402,0.618029,45697.3,321.416
1515,12410880,4.84452,0.000994009,0.687545,44212.4,321.602
1516,12419072,4.76122,0.000993997,0.622627,41064.1,321.801
1517,12427264,4.98828,0.000993985,0.654605,42928,321.992
1518,12435456,4.63601,0.000993973,0.622993,44885.7,322.175
1519,12443648,5.015,0.000993961,0.667893,45600.9,322.354
1520,12451840,4.88165,0.00099395,0.652676,44689,322.538
1521,12460032,4.66339,0.000993938,0.630542,40227.1,322.741
1522,12468224,5.0272,0.000993926,0.691595,43225.5,322.931
1523,12476416,4.87469,0.000993914,0.695563,44307.3,323.116
1524,12484608,4.99903,0.000993902,0.667313,45325.9,323.296
1525,12492800,4.84948,0.00099389,0.697203,45777.9,323.475
1526,12500992,4.75454,0.000993878,0.640751,45684.3,323.655
1527,12509184,4.89107,0.000993866,0.649522,45885.4,323.833
1528,12517376,4.85876,0.000993854,0.644909,45808.7,324.012
1529,12525568,4.79199,0.000993842,0.615643,45770.3,324.191
1530,12533760,4.74168,0.000993831,0.667618,40466.5,324.393
1531,12541952,4.83399,0.000993819,0.641497,36929.4,324.615
1532,12550144,4.73608,0.000993807,0.696036,45343.1,324.796
1533,12558336,4.73851,0.000993795,0.644148,45612.8,324.975
1534,12566528,4.80268,0.000993783,0.663018,45846.8,325.154
1535,12574720,5.01484,0.000993771,0.651224,42466.2,325.347
1536,12582912,4.69415,0.000993759,0.671018,39926.3,325.552
1537,12591104,4.79955,0.000993746,0.639065,43865.1,325.739
1538,12599296,4.83216,0.000993734,0.657415,45142.8,325.92
1539,12607488,4.74658,0.000993722,0.631859,45576.2,326.1
1540,12615680,4.90123,0.00099371,0.667605,44047,326.286
1541,12623872,4.9345,0.000993698,0.65854,38597.1,326.498
1542,12632064,4.84399,0.000993686,0.668175,43740.4,326.686
1543,12640256,4.70933,0.000993674,0.643068,44628.4,326.869
1544,12648448,4.79957,0.000993662,0.645544,45591.7,327.049
1545,12656640,4.81508,0.00099365,0.645446,44713.3,327.232
1546,12664832,4.70276,0.000993638,0.698768,43204.1,327.422
1547,12673024,4.83611,0.000993625,0.62742,43094.2,327.612
1548,12681216,4.54921,0.000993613,0.703097,44169.9,327.797
1549,12689408,4.85338,0.000993601,0.671747,45288.6,327.978
1550,12697600,4.84599,0.000993589,0.655362,45293.3,328.159
1551,12705792,4.80641,0.000993577,0.690954,42854.9,328.35
1552,12713984,4.91463,0.000993565,0.625129,45991.5,328.528
1553,12722176,4.86233,0.000993552,0.660379,45826.3,328.707
1554,12730368,4.76894,0.00099354,0.663122,46108.5,328.885
1555,12738560,4.73571,0.000993528,0.679639,40000,329.09
1556,12746752,4.64336,0.000993516,0.674227,39338,329.298
1557,12754944,4.88345,0.000993503,0.669848,44471.9,329.482
1558,12763136,4.91291,0.000993491,0.684073,44699.4,329.665
1559,12771328,4.86828,0.000993479,0.655327,45615.3,329.845
1560,12779520,4.80133,0.000993466,0.678576,42337.3,330.038
1561,12787712,4.69989,0.000993454,0.700301,36937.8,330.26
1562,12795904,4.7457,0.000993442,0.669301,43740.2,330.447
1563,12804096,4.82533,0.000993429,0.655128,44603.7,330.631
1564,12812288,4.77976,0.000993417,0.634358,45397.4,330.812
1565,12820480,4.82188,0.000993405,0.633548,44423.8,330.996
1566,12828672,4.84091,0.000993392,0.697589,41081.3,331.195
1567,12836864,4.82634,0.00099338,0.657885,42557.7,331.388
1568,12845056,4.75015,0.000993368,0.636829,44565.1,331.572
1569,12853248,4.801,0.000993355,0.609536,45080.6,331.753
1570,12861440,4.60306,0.000993343,0.676091,45367.5,331.934
1571,12869632,4.82953,0.00099333,0.720401,40112.8,332.138
1572,12877824,4.78447,0.000993318,0.674697,43139.2,332.328
1573,12886016,4.60715,0.000993305,0.685479,43858.4,332.515
1574,12894208,4.74898,0.000993293,0.659109,44966.9,332.697
1575,12902400,4.59142,0.00099328,0.67145,45363,332.878
1576,12910592,4.79806,0.000993268,0.631621,45539.3,333.058
1577,12918784,4.85375,0.000993256,0.633351,45804,333.236
1578,12926976,4.84121,0.000993243,0.671865,45796.7,333.415
1579,12935168,4.94249,0.00099323,0.664562,45512.4,333.595
1580,12943360,4.91073,0.000993218,0.68383,39601.5,333.802
1581,12951552,4.93159,0.000993205,0.649883,36858.9,334.024
1582,12959744,4.82728,0.000993193,0.613957,45410.6,334.205
1583,12967936,4.82676,0.00099318,0.63511,45604.7,334.384
1584,12976128,4.90781,0.000993168,0.636238,45897.6,334.563
1585,12984320,4.84879,0.000993155,0.682834,41747.8,334.759
1586,12992512,4.62333,0.000993142,0.673238,39716.7,334.965
1587,13000704,4.63139,0.00099313,0.669818,43978.8,335.152
1588,13008896,4.78223,0.000993117,0.662089,45099.5,335.333
1589,13017088,4.71917,0.000993105,0.687423,45579.7,335.513
1590,13025280,4.63882,0.000993092,0.668846,43871.2,335.7
1591,13033472,4.71239,0.000993079,0.66781,38021.4,335.915
1592,13041664,4.58294,0.000993067,0.696505,43954.6,336.102
1593,13049856,4.78993,0.000993054,0.64156,44825.4,336.284
1594,13058048,4.62434,0.000993041,0.620992,45345.8,336.465
1595,13066240,4.86883,0.000993029,0.706797,44854.6,336.648
1596,13074432,4.89286,0.000993016,0.667672,42143.3,336.842
1597,13082624,4.89038,0.000993003,0.688345,42778.9,337.034
1598,13090816,4.95834,0.00099299,0.672697,44141.6,337.219
1599,13099008,4.76949,0.000992978,0.654056,45213.4,337.4
1600,13107200,4.80376,0.000992965,0.6235,46019.7,337.578
1601,13115392,4.76,0.000992952,0.649397,42399.9,337.772
1602,13123584,4.74985,0.000992939,0.662108,46194.1,337.949
1603,13131776,4.82778,0.000992926,0.620719,45867.8,338.127
1604,13139968,4.66194,0.000992914,0.627454,46134.8,338.305
1605,13148160,4.94179,0.000992901,0.679399,39459.1,338.513
1606,13156352,4.78092,0.000992888,0.622353,39257.2,338.721
1607,13164544,4.89679,0.000992875,0.67549,44657.4,338.905
1608,13172736,4.83986,0.000992862,0.674115,45801.3,339.084
1609,13180928,4.89851,0.000992849,0.687047,45665,339.263
1610,13189120,4.64755,0.000992837,0.647837,43364.6,339.452
1611,13197312,4.79217,0.000992824,0.637461,37764.7,339.669
1612,13205504,4.79836,0.000992811,0.635306,43744.5,339.856
1613,13213696,4.78576,0.000992798,0.622302,44999.6,340.038
1614,13221888,4.78671,0.000992785,0.658408,45293.5,340.219
1615,13230080,4.76267,0.000992772,0.689778,44399.1,340.404
1616,13238272,4.85572,0.000992759,0.644956,40972.3,340.603
1617,13246464,4.77261,0.000992746,0.669902,42320.7,340.797
1618,13254656,4.58793,0.000992733,0.671431,44129.7,340.983
1619,13262848,4.86885,0.00099272,0.668001,45144.2,341.164
1620,13271040,4.97044,0.000992707,0.639241,44696.2,341.347
1621,13279232,4.65387,0.000992694,0.695487,40027.2,341.552
1622,13287424,4.70647,0.000992681,0.63254,42777.1,341.744
1623,13295616,4.61916,0.000992668,0.636309,44152.8,341.929
1624,13303808,4.73549,0.000992655,0.649179,44819.5,342.112
1625,13312000,4.84934,0.000992642,0.656331,45262,342.293
1626,13320192,4.59381,0.000992629,0.651256,45071.7,342.475
1627,13328384,4.72251,0.000992616,0.679884,45659.6,342.654
1628,13336576,4.87686,0.000992603,0.644444,45714.8,342.833
1629,13344768,4.72389,0.00099259,0.690799,45699.7,343.012
1630,13352960,4.91087,0.000992577,0.638859,40553.2,343.214
1631,13361152,4.72897,0.000992563,0.633196,36547.2,343.439
1632,13369344,4.78305,0.00099255,0.682198,45850.5,343.617
1633,13377536,4.83021,0.000992537,0.704921,45720,343.796
1634,13385728,4.80284,0.000992524,0.667332,45732.5,343.976
1635,13393920,4.92435,0.000992511,0.668418,43363.3,344.165
1636,13402112,4.64368,0.000992498,0.677755,39878.2,344.37
1637,13410304,4.75557,0.000992485,0.640786,43583.5,344.558
1638,13418496,4.85279,0.000992471,0.726344,45245.3,344.739
1639,13426688,4.87341,0.000992458,0.60193,45731.3,344.918
1640,13434880,4.71906,0.000992445,0.670453,44520.4,345.102
1641,13443072,4.80554,0.000992432,0.712251,39441.1,345.31
1642,13451264,4.81787,0.000992418,0.687392,42800.1,345.501
1643,13459456,4.72632,0.000992405,0.653705,44425.6,345.686
1644,13467648,4.84696,0.000992392,0.647522,45605.9,345.865
1645,13475840,4.67927,0.000992379,0.65165,45279.8,346.046
1646,13484032,4.61142,0.000992365,0.633805,43922.3,346.233
1647,13492224,4.77229,0.000992352,0.684994,42582.1,346.425
1648,13500416,4.66249,0.000992339,0.640945,43860.5,346.612
1649,13508608,4.66552,0.000992325,0.647491,45190.1,346.793
1650,13516800,4.86115,0.000992312,0.636692,45402.3,346.974
1651,13524992,4.62486,0.000992299,0.626591,42037.8,347.168
1652,13533184,4.65343,0.000992285,0.630416,45969.3,347.347
1653,13541376,4.86064,0.000992272,0.638766,45644.6,347.526
1654,13549568,4.79259,0.000992259,0.612046,45686.5,347.705
1655,13557760,4.83823,0.000992245,0.632999,39528.5,347.913
1656,13565952,4.76445,0.000992232,0.678617,40330.1,348.116
1657,13574144,4.59374,0.000992218,0.65465,44917.8,348.298
1658,13582336,4.66644,0.000992205,0.668458,45566.8,348.478
1659,13590528,4.70058,0.000992191,0.679734,45573,348.658
1660,13598720,4.63006,0.000992178,0.645017,42300.3,348.851
1661,13606912,4.84919,0.000992165,0.62805,37766.5,349.068
1662,13615104,4.80277,0.000992151,0.636766,44533.2,349.252
1663,13623296,4.516,0.000992138,0.643097,45418.4,349.433
1664,13631488,4.88259,0.000992124,0.656895,45618.7,349.612
1665,13639680,4.69863,0.000992111,0.65441,43767.1,349.799
1666,13647872,4.71169,0.000992097,0.696693,41212.9,349.998
1667,13656064,4.75974,0.000992084,0.641235,43257.5,350.187
1668,13664256,4.87142,0.00099207,0.707896,44423.4,350.372
1669,13672448,4.94413,0.000992056,0.671577,45150.1,350.553
1670,13680640,4.74524,0.000992043,0.635656,44532.3,350.737
1671,13688832,4.79098,0.000992029,0.674993,40007.4,350.942
1672,13697024,4.86314,0.000992016,0.654473,42925.1,351.133
1673,13705216,4.77969,0.000992002,0.669337,44137.1,351.318
1674,13713408,4.8599,0.000991988,0.672024,45089,351.5
1675,13721600,4.76509,0.000991975,0.660214,45066.4,351.682
1676,13729792,4.79137,0.000991961,0.618027,45565.4,351.862
1677,13737984,4.75864,0.000991948,0.641041,45444.7,352.042
1678,13746176,4.73615,0.000991934,0.660473,46061.7,352.22
1679,13754368,4.64558,0.00099192,0.644326,45832,352.399
1680,13762560,4.68167,0.000991907,0.718747,39484.9,352.606
1681,13770752,4.65829,0.000991893,0.637849,37214.8,352.826
1682,13778944,4.76336,0.000991879,0.671196,45398.7,353.007
1683,13787136,4.86554,0.000991865,0.636252,45720.6,353.186
1684,13795328,4.71231,0.000991852,0.63674,45813.1,353.365
1685,13803520,4.80665,0.000991838,0.651707,42531.6,353.557
1686,13811712,4.82055,0.000991824,0.629973,39879.3,353.763
1687,13819904,4.74486,0.00099181,0.739591,43865.4,353.949
1688,13828096,4.83571,0.000991797,0.66491,44983.8,354.132
1689,13836288,4.91183,0.000991783,0.586801,45542.6,354.311
1690,13844480,4.77539,0.000991769,0.688286,43569.9,354.499
1691,13852672,4.68807,0.000991755,0.693306,38874.4,354.71
1692,13860864,4.85542,0.000991741,0.668951,43284,354.899
1693,13869056,4.70807,0.000991728,0.654775,44661.8,355.083
1694,13877248,4.6208,0.000991714,0.673564,45579.9,355.263
1695,13885440,4.62908,0.0009917,0.627204,44481.9,355.447
1696,13893632,4.66668,0.000991686,0.679836,42304.4,355.64
1697,13901824,4.63158,0.000991672,0.619546,42822.4,355.832
1698,13910016,4.83191,0.000991658,0.672017,44384,356.016
1699,13918208,4.68345,0.000991644,0.655898,45125.3,356.198
1700,13926400,4.66857,0.00099163,0.692351,45031.2,356.38
1701,13934592,4.81239,0.000991617,0.696554,43232.5,356.569
1702,13942784,4.84302,0.000991603,0.665175,46266.7,356.746
1703,13950976,4.77989,0.000991589,0.664207,45999.3,356.924
1704,13959168,4.72071,0.000991575,0.678217,46124.5,357.102
1705,13967360,4.84919,0.000991561,0.697552,39509.5,357.309
1706,13975552,4.84738,0.000991547,0.691112,39890.3,357.515
1707,13983744,4.50296,0.000991533,0.76134,44886.1,357.697
1708,13991936,4.72148,0.000991519,0.630137,45737.5,357.876
1709,14000128,4.70248,0.000991505,0.643538,45946.4,358.055
1710,14008320,4.65119,0.000991491,0.629414,42965.7,358.245
1711,14016512,4.82033,0.000991477,0.66201,37416.9,358.464
1712,14024704,4.82036,0.000991463,0.671291,44160.7,358.65
1713,14032896,4.89608,0.000991449,0.637654,45366.3,358.83
1714,14041088,4.73435,0.000991435,0.709494,45764.4,359.009
1715,14049280,4.68604,0.00099142,0.736039,44209.1,359.195
1716,14057472,4.84475,0.000991406,0.649607,40578,359.396
1717,14065664,4.68038,0.000991392,0.659744,42828.4,359.588
1718,14073856,4.82571,0.000991378,0.74862,44405.1,359.772
1719,14082048,4.65604,0.000991364,0.74133,45510.9,359.952
1720,14090240,4.54447,0.00099135,0.731106,45239.7,360.133
1721,14098432,4.62077,0.000991336,0.683509,40201.9,360.337
1722,14106624,4.76407,0.000991322,0.679703,42829,360.528
1723,14114816,4.70628,0.000991307,0.685334,44119.2,360.714
1724,14123008,4.63723,0.000991293,0.691634,45405.9,360.894
1725,14131200,4.55354,0.000991279,0.670826,45336.3,361.075
1726,14139392,4.50666,0.000991265,0.674802,45945.3,361.253
1727,14147584,4.61337,0.000991251,0.706587,45699.9,361.433
1728,14155776,4.88716,0.000991236,0.682779,46020.1,361.611
1729,14163968,4.79085,0.000991222,0.621351,45792.8,361.79
1730,14172160,4.53205,0.000991208,0.647431,40027.9,361.994
1731,14180352,4.7654,0.000991194,0.671045,36659.9,362.218
1732,14188544,4.76425,0.000991179,0.665991,44872.8,362.4
1733,14196736,4.67127,0.000991165,0.625342,45829.2,362.579
1734,14204928,4.72819,0.000991151,0.636091,46217.6,362.756
1735,14213120,4.52148,0.000991136,0.626574,43313.5,362.945
1736,14221312,4.84731,0.000991122,0.655702,39564.4,363.152
1737,14229504,4.76067,0.000991108,0.64701,43015.2,363.343
1738,14237696,4.75804,0.000991093,0.688626,45101.2,363.524
1739,14245888,4.54573,0.000991079,0.686111,45838.8,363.703
1740,14254080,4.62011,0.000991065,0.638286,44319.6,363.888
1741,14262272,4.56738,0.00099105,0.656372,38192.6,364.103
1742,14270464,4.78123,0.000991036,0.656871,42985.6,364.293
1743,14278656,4.53839,0.000991021,0.614729,44922.5,364.475
1744,14286848,4.69121,0.000991007,0.649787,45777,364.654
1745,14295040,4.85518,0.000990993,0.72421,45170.5,364.836
1746,14303232,4.75385,0.000990978,0.630607,43411.5,365.024
1747,14311424,4.85135,0.000990964,0.707703,42561,365.217
1748,14319616,4.67781,0.000990949,0.656926,43863.8,365.404
1749,14327808,4.65068,0.000990935,0.670414,45273.9,365.585
1750,14336000,4.70023,0.00099092,0.64662,45594.7,365.764
1751,14344192,4.6144,0.000990906,0.652568,42022.7,365.959
1752,14352384,4.62198,0.000990891,0.633574,46135.4,366.137
1753,14360576,4.59205,0.000990877,0.657393,45797.9,366.316
1754,14368768,4.80507,0.000990862,0.679177,45809.7,366.495
1755,14376960,4.67543,0.000990848,0.709603,40191.3,366.698
1756,14385152,4.77196,0.000990833,0.644271,39417.4,366.906
1757,14393344,4.64649,0.000990819,0.721845,44715.6,367.089
1758,14401536,4.86864,0.000990804,0.653802,45717.3,367.269
1759,14409728,4.83373,0.000990789,0.659647,45715.4,367.448
1760,14417920,4.56738,0.000990775,0.761395,43313.9,367.637
1761,14426112,4.75552,0.00099076,0.625928,38026,367.852
1762,14434304,4.64815,0.000990746,0.673876,43815.5,368.039
1763,14442496,4.54053,0.000990731,0.713733,44646.7,368.223
1764,14450688,4.65863,0.000990716,0.63248,45254.2,368.404
1765,14458880,4.71752,0.000990702,0.676082,44694.9,368.587
1766,14467072,4.51329,0.000990687,0.67895,41312.6,368.785
1767,14475264,4.77663,0.000990672,0.632216,42524.3,368.978
1768,14483456,4.56755,0.000990658,0.666236,45000.3,369.16
1769,14491648,4.92174,0.000990643,0.739549,44908.9,369.342
1770,14499840,4.68683,0.000990628,0.665412,45034.5,369.524
1771,14508032,4.6558,0.000990613,0.64227,40227.2,369.728
1772,14516224,4.82542,0.000990599,0.688586,42660.1,369.92
1773,14524416,4.79933,0.000990584,0.693069,44278.9,370.105
1774,14532608,4.67203,0.000990569,0.648681,44920.8,370.287
1775,14540800,4.60851,0.000990554,0.647229,45157.7,370.469
1776,14548992,4.65683,0.00099054,0.656207,44658,370.652
1777,14557184,4.58157,0.000990525,0.630977,45577.7,370.832
1778,14565376,4.6898,0.00099051,0.643152,45896,371.011
1779,14573568,4.69106,0.000990495,0.688834,45843.1,371.189
1780,14581760,4.42102,0.00099048,0.620399,39702.5,371.396
1781,14589952,4.66222,0.000990466,0.67203,36382.2,371.621
1782,14598144,4.75441,0.000990451,0.658201,44909.5,371.803
1783,14606336,4.80098,0.000990436,0.687646,45752.7,371.982
1784,14614528,4.65115,0.000990421,0.676788,45591.6,372.162
1785,14622720,4.44226,0.000990406,0.691822,41817.5,372.358
1786,14630912,4.78706,0.000990391,0.717496,39239.9,372.567
1787,14639104,4.66091,0.000990376,0.649336,43209.6,372.756
1788,14647296,4.62404,0.000990361,0.652453,45116.3,372.938
1789,14655488,4.78257,0.000990346,0.652736,45503.6,373.118
1790,14663680,4.70973,0.000990332,0.66466,43876.8,373.304
1791,14671872,4.76456,0.000990317,0.668041,38570.4,373.517
1792,14680064,4.53852,0.000990302,0.649956,43132,373.707
1793,14688256,4.71761,0.000990287,0.667849,45039.8,373.889
1794,14696448,4.77325,0.000990272,0.667751,45503.7,374.069
1795,14704640,4.63071,0.000990257,0.73111,45231,374.25
1796,14712832,4.68721,0.000990242,0.647935,42881.7,374.441
1797,14721024,4.72187,0.000990227,0.677145,42339.8,374.634
1798,14729216,4.72314,0.000990212,0.644616,44068.2,374.82
1799,14737408,4.62962,0.000990197,0.731258,45728.4,374.999
1800,14745600,5.00222,0.000990181,0.785902,45450.7,375.18
1801,14753792,4.82063,0.000990166,0.633721,43012,375.37
1802,14761984,4.63693,0.000990151,0.622921,45945.1,375.548
1803,14770176,4.62379,0.000990136,0.640851,45972.7,375.727
1804,14778368,4.85504,0.000990121,0.682457,46200.4,375.904
1805,14786560,4.7673,0.000990106,0.673778,39642.4,376.11
1806,14794752,4.83525,0.000990091,0.674953,39443.3,376.318
1807,14802944,4.73365,0.000990076,0.657294,44929.8,376.501
1808,14811136,4.7516,0.000990061,0.636921,45750.1,376.68
1809,14819328,4.57104,0.000990045,0.660331,46120.6,376.857
1810,14827520,4.86892,0.00099003,0.663997,43706.7,377.045
1811,14835712,4.41481,0.000990015,0.727373,37800.7,377.261
1812,14843904,4.74914,0.00099,0.64337,43817.1,377.448
1813,14852096,4.77303,0.000989985,0.676085,45290.7,377.629
1814,14860288,4.61912,0.00098997,0.684657,45556.1,377.809
1815,14868480,4.7362,0.000989954,0.656271,44391.1,377.994
1816,14876672,4.64894,0.000989939,0.661636,40954.7,378.194
1817,14884864,4.59003,0.000989924,0.671026,42591.3,378.386
1818,14893056,4.61599,0.000989909,0.647662,44575.1,378.57
1819,14901248,4.65321,0.000989893,0.688868,45542.2,378.75
1820,14909440,4.76958,0.000989878,0.681582,45814.9,378.928
1821,14917632,4.85271,0.000989863,0.677504,39877.1,379.134
1822,14925824,4.71265,0.000989847,0.692347,42771.5,379.325
1823,14934016,4.81268,0.000989832,0.641542,43785,379.512
1824,14942208,4.79203,0.000989817,0.684167,44891.4,379.695
1825,14950400,4.66609,0.000989801,0.694126,45718.9,379.874
1826,14958592,4.65562,0.000989786,0.652353,45865.7,380.053
1827,14966784,4.6349,0.000989771,0.709882,45576.5,380.232
1828,14974976,4.74257,0.000989755,0.651113,45545.6,380.412
1829,14983168,4.66667,0.00098974,0.674554,46091.3,380.59
1830,14991360,4.64239,0.000989724,0.661145,39754.1,380.796
1831,14999552,4.46166,0.000989709,0.651759,36444.4,381.021
1832,15007744,4.81906,0.000989694,0.650512,44888.4,381.203
1833,15015936,4.75718,0.000989678,0.692471,45471.2,381.384
1834,15024128,4.63885,0.000989663,0.653979,45684.3,381.563
1835,15032320,4.76615,0.000989647,0.643771,41397.2,381.761
1836,15040512,4.57524,0.000989632,0.715204,39263.6,381.969
1837,15048704,4.8012,0.000989616,0.657498,43259.8,382.159
1838,15056896,4.66911,0.000989601,0.665093,44829,382.341
1839,15065088,4.76807,0.000989585,0.638281,45787.8,382.52
1840,15073280,4.822,0.00098957,0.6981,44267.3,382.705
1841,15081472,4.69809,0.000989554,0.709431,38444.4,382.919
1842,15089664,4.64598,0.000989539,0.680616,43105.2,383.109
1843,15097856,4.70768,0.000989523,0.714606,44320.8,383.293
1844,15106048,4.69174,0.000989508,0.678673,45286.2,383.474
1845,15114240,4.74672,0.000989492,0.684207,44922.2,383.657
1846,15122432,4.69755,0.000989477,0.681347,42912.7,383.848
1847,15130624,4.66327,0.000989461,0.672662,42284.1,384.041
1848,15138816,4.88027,0.000989445,0.646497,44055.1,384.227
1849,15147008,4.75948,0.00098943,0.681374,45205.3,384.408
1850,15155200,4.68828,0.000989414,0.66755,45344.6,384.589
1851,15163392,4.6809,0.000989398,0.674477,41875.4,384.785
1852,15171584,4.73826,0.000989383,0.662238,45704.8,384.964
1853,15179776,4.6753,0.000989367,0.725767,45484.2,385.144
1854,15187968,4.72723,0.000989352,0.718753,45411,385.325
1855,15196160,4.78561,0.000989336,0.742041,41079.5,385.524
1856,15204352,4.77639,0.00098932,0.704585,38615.7,385.736
1857,15212544,4.73908,0.000989304,0.75722,43284.9,385.925
1858,15220736,4.59368,0.000989289,0.691147,45309.8,386.106
1859,15228928,4.69009,0.000989273,0.675204,45593.8,386.286
1860,15237120,4.76872,0.000989257,0.664629,43976.5,386.472
1861,15245312,4.77995,0.000989241,0.672285,38262.3,386.686
1862,15253504,4.67774,0.000989226,0.677835,43103.9,386.876
1863,15261696,4.94106,0.00098921,0.633949,44640.5,387.06
1864,15269888,4.64919,0.000989194,0.682636,45436,387.24
1865,15278080,4.58266,0.000989178,0.680746,44536.5,387.424
1866,15286272,4.67138,0.000989163,0.625982,41599.6,387.621
1867,15294464,4.55192,0.000989147,0.757322,42169.8,387.815
1868,15302656,4.6314,0.000989131,0.670044,43888,388.002
1869,15310848,4.54555,0.000989115,0.666575,44961.9,388.184
1870,15319040,4.74712,0.000989099,0.692477,45537.4,388.364
1871,15327232,4.67719,0.000989083,0.671569,40221.7,388.568
1872,15335424,4.49176,0.000989067,0.705575,43076.3,388.758
1873,15343616,4.67502,0.000989052,0.65009,43721.2,388.945
1874,15351808,4.54313,0.000989036,0.6204,44827.8,389.128
1875,15360000,4.75833,0.00098902,0.649073,45895.7,389.306
1876,15368192,4.63994,0.000989004,0.6588,45171.1,389.488
1877,15376384,4.69861,0.000988988,0.647101,45930.8,389.666
1878,15384576,4.59878,0.000988972,0.655656,46168.6,389.844
1879,15392768,4.62019,0.000988956,0.636317,45924.3,390.022
1880,15400960,4.78043,0.00098894,0.640895,41105.9,390.221
1881,15409152,4.67246,0.000988924,0.654083,35812.8,390.45
1882,15417344,4.71346,0.000988908,0.644179,45078.6,390.632
1883,15425536,4.83436,0.000988892,0.655159,45643,390.811
1884,15433728,4.78312,0.000988876,0.654529,46244.7,390.988
1885,15441920,4.65862,0.00098886,0.677601,43811.2,391.175
1886,15450112,4.85168,0.000988844,0.871514,39476.1,391.383
1887,15458304,4.45559,0.000988828,0.726103,43305.2,391.572
1888,15466496,4.56354,0.000988812,0.693708,44785.8,391.755
1889,15474688,4.72796,0.000988796,0.640566,45975.9,391.933
1890,15482880,4.70101,0.00098878,0.676145,44444.8,392.117
1891,15491072,4.61426,0.000988764,0.69169,39388.1,392.325
1892,15499264,4.85282,0.000988748,0.715386,42794.4,392.517
1893,15507456,4.87238,0.000988731,0.691407,44465.7,392.701
1894,15515648,4.57099,0.000988715,0.66827,45538.5,392.881
1895,15523840,4.6213,0.000988699,0.744727,44778.5,393.064
1896,15532032,4.77044,0.000988683,0.688443,42985,393.254
1897,15540224,4.59516,0.000988667,0.704382,42893.8,393.445
1898,15548416,4.63295,0.000988651,0.708089,43830.6,393.632
1899,15556608,4.74911,0.000988634,0.659145,45134.7,393.814
1900,15564800,4.61694,0.000988618,0.733402,45503.8,393.994
1901,15572992,4.60519,0.000988602,0.674763,42640.8,394.186
1902,15581184,4.73416,0.000988586,0.699005,46046,394.364
1903,15589376,4.78398,0.00098857,0.654342,46132.9,394.541
1904,15597568,4.78656,0.000988553,0.674419,46073.7,394.719
1905,15605760,4.78003,0.000988537,0.705241,40745.8,394.92
1906,15613952,4.55102,0.000988521,0.65614,38192.2,395.135
1907,15622144,4.50681,0.000988505,0.674254,43986.7,395.321
1908,15630336,4.62491,0.000988488,0.657528,45385.6,395.502
1909,15638528,4.60632,0.000988472,0.638379,45575.2,395.681
1910,15646720,4.73392,0.000988456,0.740836,43671.9,395.869
1911,15654912,4.77082,0.000988439,0.6706,37815.9,396.085
1912,15663104,4.72624,0.000988423,0.681375,43198.4,396.275
1913,15671296,4.8615,0.000988407,0.64968,45060.3,396.457
1914,15679488,4.67559,0.00098839,0.719349,45418.6,396.637
1915,15687680,4.49773,0.000988374,0.692103,44555.2,396.821
1916,15695872,4.59518,0.000988358,0.819202,41467.2,397.019
1917,15704064,4.78691,0.000988341,0.642397,42335.8,397.212
1918,15712256,4.6229,0.000988325,0.661713,44014.6,397.398
1919,15720448,4.65313,0.000988308,0.726678,45440.6,397.579
1920,15728640,4.63582,0.000988292,0.680675,45139.5,397.76
1921,15736832,4.63136,0.000988275,0.69573,40406.7,397.963
1922,15745024,4.68153,0.000988259,0.633979,42834.7,398.154
1923,15753216,4.54797,0.000988243,0.780964,43961.4,398.34
1924,15761408,4.57536,0.000988226,0.692234,44614.2,398.524
1925,15769600,4.7633,0.00098821,0.671349,45476.4,398.704
1926,15777792,4.62914,0.000988193,0.752512,45126.9,398.886
1927,15785984,4.66639,0.000988177,0.662363,45710.8,399.065
1928,15794176,4.80598,0.00098816,0.682148,45693.6,399.244
1929,15802368,4.83597,0.000988144,0.649399,45576.1,399.424
1930,15810560,4.50204,0.000988127,0.696,41699.7,399.62
1931,15818752,4.71622,0.000988111,0.644348,36294.7,399.846
1932,15826944,4.73107,0.000988094,0.677695,44489.4,400.03
1933,15835136,4.58493,0.000988077,0.658833,45336.8,400.211
1934,15843328,4.70783,0.000988061,0.70091,45801,400.39
1935,15851520,4.76481,0.000988044,0.66046,43970.7,400.576
1936,15859712,4.37843,0.000988028,0.717097,39714.5,400.782
1937,15867904,4.61594,0.000988011,0.699253,42958.7,400.973
1938,15876096,4.66766,0.000987994,0.687473,44957.1,401.155
1939,15884288,4.74693,0.000987978,0.696835,45490.6,401.335
1940,15892480,4.52199,0.000987961,0.639387,44761.8,401.518
1941,15900672,4.76506,0.000987944,0.693701,39441.2,401.726
1942,15908864,4.66961,0.000987928,0.711491,42810.6,401.917
1943,15917056,4.78726,0.000987911,0.676324,44348.3,402.102
1944,15925248,4.78152,0.000987894,0.698938,45204.3,402.283
1945,15933440,4.61551,0.000987878,0.734182,44970.9,402.466
1946,15941632,4.47628,0.000987861,0.697257,42812.6,402.657
1947,15949824,4.64003,0.000987844,0.670645,42534.7,402.849
1948,15958016,4.62893,0.000987827,0.680367,43997.8,403.036
1949,15966208,4.68595,0.000987811,0.828903,45106,403.217
1950,15974400,4.82729,0.000987794,0.660791,45326.6,403.398
1951,15982592,4.55071,0.000987777,0.669707,42179.9,403.592
1952,15990784,4.56751,0.00098776,1.1004,46081.1,403.77
1953,15998976,4.70354,0.000987744,0.688462,45770.2,403.949
1954,16007168,4.46675,0.000987727,0.696046,45674.4,404.128
1955,16015360,4.73925,0.00098771,0.647183,41162.1,404.327
1956,16023552,4.92218,0.000987693,0.726941,38529.9,404.54
1957,16031744,4.62952,0.000987676,0.710768,44402.5,404.724
1958,16039936,4.69415,0.000987659,0.633768,45697.6,404.904
1959,16048128,4.68738,0.000987643,0.658402,45657.1,405.083
1960,16056320,4.75774,0.000987626,0.678405,44101.5,405.269
1961,16064512,4.63562,0.000987609,0.713093,37554.5,405.487
1962,16072704,4.64058,0.000987592,0.677595,43529.1,405.675
1963,16080896,4.72737,0.000987575,0.681464,45067,405.857
1964,16089088,4.60824,0.000987558,0.716174,45626.3,406.037
1965,16097280,4.62183,0.000987541,0.658614,44665.4,406.22
1966,16105472,4.68403,0.000987524,0.663727,41414.8,406.418
1967,16113664,4.45058,0.000987507,0.695029,42484.6,406.611
1968,16121856,4.64861,0.00098749,0.682317,44474.4,406.795
1969,16130048,4.63588,0.000987473,0.66406,45576.6,406.975
1970,16138240,4.80503,0.000987456,0.722471,45118.5,407.156
1971,16146432,4.58952,0.000987439,0.648031,40746.9,407.357
1972,16154624,4.64563,0.000987422,0.653978,42751,407.549
1973,16162816,4.74803,0.000987405,0.669187,44212.6,407.734
1974,16171008,4.59095,0.000987388,0.665898,45358.5,407.915
1975,16179200,4.67258,0.000987371,0.636719,45491.7,408.095
1976,16187392,4.66978,0.000987354,0.674626,45639.4,408.274
1977,16195584,4.70907,0.000987337,0.677757,45994.9,408.452
1978,16203776,4.70613,0.00098732,0.663591,46228.5,408.63
1979,16211968,4.51532,0.000987303,0.684151,45944.9,408.808
1980,16220160,4.58066,0.000987286,0.678777,40370.2,409.011
1981,16228352,4.61103,0.000987269,0.727799,36997.5,409.232
1982,16236544,4.57397,0.000987251,0.704718,45119.7,409.414
1983,16244736,4.56385,0.000987234,0.669129,45571.8,409.594
1984,16252928,4.57873,0.000987217,0.683541,45956.5,409.772
1985,16261120,4.68545,0.0009872,0.695032,43351.9,409.961
1986,16269312,4.54622,0.000987183,0.658137,39447.8,410.168
1987,16277504,4.81325,0.000987166,0.691965,43893.6,410.355
1988,16285696,4.68416,0.000987148,0.721651,45193.3,410.536
1989,16293888,4.62096,0.000987131,0.672439,45719.3,410.715
1990,16302080,4.57518,0.000987114,0.667153,44514.1,410.899
1991,16310272,4.73563,0.000987097,0.618065,38504.7,411.112
1992,16318464,4.73182,0.00098708,0.675627,43189.3,411.302
1993,16326656,4.45743,0.000987062,0.712887,44463.1,411.486
1994,16334848,4.53557,0.000987045,0.653317,45187.2,411.667
1995,16343040,4.84542,0.000987028,0.657195,44890.6,411.85
1996,16351232,4.70068,0.00098701,0.694017,42746.2,412.042
1997,16359424,4.65602,0.000986993,0.864634,41806.5,412.238
1998,16367616,4.54889,0.000986976,0.68047,44058.8,412.423
1999,16375808,4.75689,0.000986958,0.739409,45024,412.605
2000,16384000,4.73451,0.000986941,0.684719,45310.3,412.786
2001,16392192,4.58665,0.000986924,0.718035,42565.3,412.979
2002,16400384,4.74594,0.000986906,0.7263,45697.4,413.158
2003,16408576,4.43688,0.000986889,0.660805,45512.1,413.338
2004,16416768,4.40293,0.000986872,0.756228,45317.2,413.519
2005,16424960,4.62142,0.000986854,0.701266,39707.9,413.725
2006,16433152,4.53786,0.000986837,0.677368,38201.3,413.939
2007,16441344,4.78883,0.00098682,0.688473,44463.4,414.124
2008,16449536,4.32073,0.000986802,0.646394,45399.2,414.304
2009,16457728,4.57737,0.000986785,0.645152,45660.9,414.484
2010,16465920,4.59329,0.000986767,0.663727,42846.8,414.675
2011,16474112,4.52067,0.00098675,0.663998,37817.7,414.891
2012,16482304,4.84918,0.000986732,0.64653,43777.1,415.078
2013,16490496,4.36956,0.000986715,0.659725,44920.5,415.261
2014,16498688,4.76856,0.000986697,0.670319,45728.7,415.44
2015,16506880,4.56962,0.00098668,0.680982,44369.3,415.625
2016,16515072,4.75141,0.000986662,0.648938,41565.1,415.822
2017,16523264,4.51053,0.000986645,0.686421,42992.9,416.012
2018,16531456,4.73307,0.000986627,0.648559,44488,416.196
2019,16539648,4.522,0.00098661,0.700439,45231.2,416.378
2020,16547840,4.56993,0.000986592,0.690413,44819,416.56
2021,16556032,4.5626,0.000986575,0.641982,40160.4,416.764
2022,16564224,4.70178,0.000986557,0.690585,42978.2,416.955
2023,16572416,4.61721,0.000986539,0.682197,43864.1,417.142
2024,16580608,4.51498,0.000986522,0.678602,45091.8,417.323
2025,16588800,4.58662,0.000986504,0.626125,45131.4,417.505
2026,16596992,4.69277,0.000986487,0.662041,45389.7,417.685
2027,16605184,4.69902,0.000986469,0.648111,45634.4,417.865
2028,16613376,4.5686,0.000986451,0.63919,45508,418.045
2029,16621568,4.71848,0.000986434,0.681164,45733.1,418.224
2030,16629760,4.55334,0.000986416,0.66167,39954.5,418.429
2031,16637952,4.44122,0.000986398,0.666437,36224,418.655
2032,16646144,4.74947,0.000986381,0.682385,45127.8,418.837
2033,16654336,4.57457,0.000986363,0.651086,45435.4,419.017
2034,16662528,4.64424,0.000986345,0.644135,45556.5,419.197
2035,16670720,4.67091,0.000986327,0.667924,43129.3,419.387
2036,16678912,4.75292,0.00098631,0.70729,39223.4,419.596
2037,16687104,4.72464,0.000986292,0.680835,43624.2,419.783
2038,16695296,4.75962,0.000986274,0.678555,45021.7,419.965
2039,16703488,4.62674,0.000986256,0.672281,45582.1,420.145
2040,16711680,4.81522,0.000986239,0.67031,44553.3,420.329
2041,16719872,4.60294,0.000986221,0.697787,38040.8,420.544
2042,16728064,4.54323,0.000986203,0.638263,43008.6,420.735
2043,16736256,4.74581,0.000986185,0.641847,44649.7,420.918
2044,16744448,4.56478,0.000986167,0.682575,45150.5,421.1
2045,16752640,4.67277,0.000986149,0.680369,44736.8,421.283
2046,16760832,4.34617,0.000986132,0.648501,43198.9,421.472
2047,16769024,4.66371,0.000986114,0.692639,42934.6,421.663
2048,16777216,4.67728,0.000986096,0.671555,44193.9,421.849
2049,16785408,4.62067,0.000986078,0.681273,45312.9,422.029
2050,16793600,4.58113,0.00098606,0.672792,45641.6,422.209
2051,16801792,4.46966,0.000986042,0.67191,42743.7,422.401
2052,16809984,4.60448,0.000986024,0.683854,46049.9,422.578
2053,16818176,4.60165,0.000986006,0.667853,45999.1,422.756
2054,16826368,4.55257,0.000985988,0.68473,45990.7,422.935
2055,16834560,4.48899,0.00098597,0.679455,39867,423.14
2056,16842752,4.79955,0.000985952,0.711984,39231.6,423.349
2057,16850944,4.61548,0.000985934,0.675336,44981.8,423.531
2058,16859136,4.61652,0.000985916,0.660006,45745.4,423.71
2059,16867328,4.59002,0.000985898,0.669512,45854.6,423.889
2060,16875520,4.76344,0.00098588,0.695091,43031.3,424.079
2061,16883712,4.49383,0.000985862,0.692372,37419.7,424.298
2062,16891904,4.47806,0.000985844,0.641727,43572.5,424.486
2063,16900096,4.69841,0.000985826,0.688067,45208.6,424.667
2064,16908288,4.77077,0.000985808,0.664069,45746.9,424.846
2065,16916480,4.44147,0.00098579,0.647598,45024.1,425.028
2066,16924672,4.29755,0.000985772,0.683749,41292.1,425.227
2067,16932864,4.43992,0.000985754,0.653247,42670.3,425.419
2068,16941056,4.50375,0.000985736,0.647162,44690,425.602
2069,16949248,4.70931,0.000985718,0.694149,45615.1,425.782
2070,16957440,4.61815,0.0009857,0.712925,45211.5,425.963
2071,16965632,4.61296,0.000985682,0.666664,40235.9,426.166
2072,16973824,4.65524,0.000985663,0.614982,43098.6,426.356
2073,16982016,4.65982,0.000985645,0.645907,44325.4,426.541
2074,16990208,4.51505,0.000985627,0.717007,45266.8,426.722
2075,16998400,4.53901,0.000985609,0.667794,45358.1,426.903
2076,17006592,4.47396,0.000985591,0.68442,46093.6,427.081
2077,17014784,4.57873,0.000985573,0.664482,46883.5,427.255
2078,17022976,4.56091,0.000985554,0.672465,47469.6,427.428
2079,17031168,4.69079,0.000985536,0.695096,47183.7,427.601
2080,17039360,4.55544,0.000985518,0.693368,41317.2,427.8
2081,17047552,4.52929,0.0009855,0.693228,36488,428.024
2082,17055744,4.68346,0.000985481,0.703297,45023.6,428.206
2083,17063936,4.60774,0.000985463,0.675798,45996.2,428.384
2084,17072128,4.78482,0.000985445,0.729602,45833.9,428.563
2085,17080320,4.53544,0.000985426,0.744755,43389.5,428.752
2086,17088512,4.47976,0.000985408,0.726629,39603.2,428.959
2087,17096704,4.59816,0.00098539,0.743496,43462.9,429.147
2088,17104896,4.54275,0.000985372,0.704411,45321,429.328
2089,17113088,4.69923,0.000985353,0.69248,45723.3,429.507
2090,17121280,4.67094,0.000985335,0.695665,44783.5,429.69
2091,17129472,4.74277,0.000985316,0.702313,38658,429.902
2092,17137664,4.75123,0.000985298,0.674404,42990.6,430.092
2093,17145856,4.61902,0.00098528,0.691086,44396.6,430.277
2094,17154048,4.72951,0.000985261,0.664625,45197.9,430.458
2095,17162240,4.53528,0.000985243,0.6774,45105.9,430.64
2096,17170432,4.90658,0.000985224,0.692544,43315.1,430.829
2097,17178624,4.79117,0.000985206,0.702374,42643.3,431.021
2098,17186816,4.66115,0.000985188,0.703885,44212.8,431.206
2099,17195008,4.46065,0.000985169,0.698989,44899.5,431.389
2100,17203200,4.53307,0.000985151,0.657748,45523.4,431.569
2101,17211392,4.70056,0.000985132,0.697573,41617.9,431.766
2102,17219584,4.62195,0.000985114,0.663964,46113.2,431.943
2103,17227776,4.57716,0.000985095,0.683181,46032.1,432.121
2104,17235968,4.6821,0.000985077,0.706793,46000.1,432.299
2105,17244160,4.48186,0.000985058,0.661149,40036.9,432.504
2106,17252352,4.49522,0.00098504,0.675788,38648.4,432.716
2107,17260544,4.74955,0.000985021,0.708183,44632.1,432.899
2108,17268736,4.61058,0.000985003,0.698734,46079.2,433.077
2109,17276928,4.66828,0.000984984,0.720823,45660.8,433.257
2110,17285120,4.78329,0.000984965,0.688181,43321.9,433.446
2111,17293312,4.69359,0.000984947,0.727892,37690.8,433.663
2112,17301504,4.5673,0.000984928,0.696758,44178.5,433.849
2113,17309696,4.5979,0.00098491,0.762311,44946.7,434.031
2114,17317888,4.71753,0.000984891,0.720042,45830.7,434.21
2115,17326080,4.6782,0.000984872,0.688484,44176.8,434.395
2116,17334272,4.57279,0.000984854,0.700892,41162.4,434.594
2117,17342464,4.62698,0.000984835,0.661758,42973.3,434.785
2118,17350656,4.38987,0.000984816,0.700866,43885.7,434.971
2119,17358848,4.53476,0.000984798,0.686583,45360.7,435.152
2120,17367040,4.54921,0.000984779,0.694664,44792.6,435.335
2121,17375232,4.4905,0.00098476,0.707859,40699.6,435.536
2122,17383424,4.44136,0.000984742,0.680115,43277.9,435.725
2123,17391616,4.53601,0.000984723,0.651228,43789.9,435.912
2124,17399808,4.5952,0.000984704,0.710337,45093.1,436.094
2125,17408000,4.66093,0.000984685,0.699224,45609.5,436.274
2126,17416192,4.7741,0.000984667,0.722494,45014.6,436.456
2127,17424384,4.68096,0.000984648,0.691813,45969.9,436.634
2128,17432576,4.62044,0.000984629,0.703707,45898.7,436.812
2129,17440768,4.4991,0.00098461,0.672941,45865.2,436.991
2130,17448960,4.69066,0.000984591,0.707837,41549.9,437.188
2131,17457152,4.53056,0.000984573,0.728383,36384.9,437.413
2132,17465344,4.59876,0.000984554,0.683592,44860.7,437.596
2133,17473536,4.57224,0.000984535,0.675831,45898.3,437.774
2134,17481728,4.56444,0.000984516,0.65684,45764.7,437.953
2135,17489920,4.57425,0.000984497,0.672332,43387.6,438.142
2136,17498112,4.78885,0.000984478,0.713249,39766.7,438.348
2137,17506304,4.74491,0.00098446,0.716121,43490.1,438.537
2138,17514496,4.71091,0.000984441,0.667612,45276.4,438.717
2139,17522688,4.68509,0.000984422,0.674308,45589.8,438.897
2140,17530880,4.62607,0.000984403,0.664521,44313.7,439.082
2141,17539072,4.7168,0.000984384,0.711023,38903.5,439.293
2142,17547264,4.6014,0.000984365,0.666184,42841,439.484
2143,17555456,4.64758,0.000984346,0.720578,44897.1,439.666
2144,17563648,4.59328,0.000984327,0.70256,45515.3,439.846
2145,17571840,4.61385,0.000984308,0.729698,44969.1,440.028
2146,17580032,4.71698,0.000984289,0.735389,43288.7,440.218
2147,17588224,4.57573,0.00098427,0.693108,42682.5,440.41
2148,17596416,4.68597,0.000984251,0.639404,43987.8,440.596
2149,17604608,4.64097,0.000984232,0.674739,45323.4,440.777
2150,17612800,4.54295,0.000984213,0.720883,45219.1,440.958
2151,17620992,4.40649,0.000984194,0.690662,42278.8,441.151
2152,17629184,4.59285,0.000984175,0.649549,45712.9,441.331
2153,17637376,4.5947,0.000984156,0.666328,45555.4,441.511
2154,17645568,4.58615,0.000984137,0.752753,45677.6,441.69
2155,17653760,4.69285,0.000984118,0.693887,39276.7,441.898
2156,17661952,4.478,0.000984099,0.69843,38745,442.11
2157,17670144,4.58441,0.00098408,0.745575,44812.5,442.293
2158,17678336,4.65956,0.00098406,0.737546,45513.4,442.473
2159,17686528,4.56946,0.000984041,0.709667,45680.2,442.652
2160,17694720,4.63326,0.000984022,0.706967,42779.9,442.843
2161,17702912,4.52555,0.000984003,0.698257,37634.2,443.061
2162,17711104,4.67494,0.000983984,0.733307,44156.5,443.247
2163,17719296,4.73036,0.000983965,0.697913,45069.3,443.428
2164,17727488,4.5823,0.000983945,0.65314,45525.3,443.608
2165,17735680,4.61048,0.000983926,0.669526,44379.8,443.793
2166,17743872,4.55964,0.000983907,0.691718,40851.5,443.994
2167,17752064,4.62607,0.000983888,0.701011,42979.7,444.184
2168,17760256,4.58761,0.000983869,0.690896,44694.4,444.367
2169,17768448,4.63438,0.000983849,0.742823,45023.3,444.549
2170,17776640,4.56287,0.00098383,0.718197,45184.3,444.731
2171,17784832,4.67127,0.000983811,0.698088,40165.9,444.935
2172,17793024,4.62491,0.000983792,0.675109,43129.5,445.125
2173,17801216,4.61693,0.000983772,0.709666,44395.4,445.309
2174,17809408,4.41121,0.000983753,0.663294,45215.4,445.49
2175,17817600,4.52747,0.000983734,0.671528,45417.8,445.671
2176,17825792,4.66713,0.000983714,0.75186,45065.9,445.852
2177,17833984,4.46336,0.000983695,0.735084,45697.4,446.032
2178,17842176,4.60638,0.000983676,0.71776,45763.5,446.211
2179,17850368,4.60124,0.000983656,0.665654,45973.2,446.389
2180,17858560,4.55061,0.000983637,0.660194,40069.6,446.593
2181,17866752,4.68402,0.000983618,0.691896,35576.1,446.824
2182,17874944,4.50226,0.000983598,0.664003,45399.4,447.004
2183,17883136,4.57835,0.000983579,0.695473,45687.9,447.183
2184,17891328,4.47928,0.000983559,0.715503,46034.4,447.361
2185,17899520,4.62356,0.00098354,0.694901,43233,447.551
2186,17907712,4.61318,0.00098352,0.745078,39705.4,447.757
2187,17915904,4.4599,0.000983501,0.678362,43891.5,447.944
2188,17924096,4.45478,0.000983482,0.712516,45087.8,448.125
2189,17932288,4.48276,0.000983462,0.69075,45820.6,448.304
2190,17940480,4.53696,0.000983443,0.710025,44321.3,448.489
2191,17948672,4.50557,0.000983423,0.699431,38337,448.703
2192,17956864,4.48216,0.000983404,0.685315,43629.7,448.89
2193,17965056,4.6827,0.000983384,0.685074,44815.8,449.073
2194,17973248,4.66677,0.000983365,0.70635,45439.7,449.254
2195,17981440,4.59818,0.000983345,0.71304,44826.4,449.436
2196,17989632,4.65109,0.000983326,0.689065,42219.9,449.63
2197,17997824,4.68834,0.000983306,0.657277,42752.8,449.822
2198,18006016,4.72316,0.000983286,0.680019,44376.3,450.007
2199,18014208,4.69908,0.000983267,0.657791,45440.9,450.187
2200,18022400,4.32581,0.000983247,0.730134,45155.5,450.368
2201,18030592,4.51791,0.000983228,0.71185,43227.9,450.558
2202,18038784,4.54665,0.000983208,0.674151,46393.3,450.734
2203,18046976,4.60966,0.000983188,0.692875,46069.7,450.912
2204,18055168,4.28485,0.000983169,0.739182,46080.3,451.09
2205,18063360,4.47327,0.000983149,0.695347,40264.4,451.293
2206,18071552,4.54219,0.000983129,0.702959,38838.8,451.504
2207,18079744,4.26922,0.00098311,0.689519,44860.9,451.687
2208,18087936,4.82281,0.00098309,0.770889,45683.1,451.866
2209,18096128,4.60228,0.00098307,0.688121,45886.6,452.045
2210,18104320,4.441,0.000983051,0.791648,43524.8,452.233
2211,18112512,4.57036,0.000983031,0.749934,37582.6,452.451
2212,18120704,4.56369,0.000983011,0.673036,44056.2,452.637
2213,18128896,4.63067,0.000982992,0.708408,44988.7,452.819
2214,18137088,4.46811,0.000982972,0.693706,46023.8,452.997
2215,18145280,4.48122,0.000982952,0.712202,44405.4,453.181
2216,18153472,4.53395,0.000982932,0.730713,41111.8,453.381
2217,18161664,4.4427,0.000982912,0.722065,42747.2,453.572
2218,18169856,4.53938,0.000982893,0.720252,44513.4,453.756
2219,18178048,4.73629,0.000982873,0.718531,45574.6,453.936
2220,18186240,4.6145,0.000982853,0.699355,45234.9,454.117
2221,18194432,4.67843,0.000982833,0.68325,40141,454.321
2222,18202624,4.53574,0.000982813,0.671554,42565.5,454.514
2223,18210816,4.52808,0.000982794,0.704258,44022.7,454.7
2224,18219008,4.37215,0.000982774,0.69831,45447,454.88
2225,18227200,4.32275,0.000982754,0.658741,45612.1,455.06
2226,18235392,4.6511,0.000982734,0.660787,44506,455.244
2227,18243584,4.69514,0.000982714,0.706029,45851.3,455.422
2228,18251776,4.59881,0.000982694,0.724707,45822.9,455.601
2229,18259968,4.64575,0.000982674,0.678778,45884.7,455.78
2230,18268160,4.41778,0.000982654,0.746442,41137.1,455.979
2231,18276352,4.34243,0.000982634,0.665146,36056.7,456.206
2232,18284544,4.68996,0.000982614,0.675528,45105.3,456.388
2233,18292736,4.45148,0.000982594,0.696947,45476.4,456.568
2234,18300928,4.55505,0.000982574,0.702359,45961.1,456.746
2235,18309120,4.57165,0.000982554,0.686467,43163.2,456.936
2236,18317312,4.52757,0.000982534,0.671242,38982.8,457.146
2237,18325504,4.41526,0.000982514,0.705127,43113.4,457.336
2238,18333696,4.4926,0.000982494,0.710873,45110.8,457.518
2239,18341888,4.46853,0.000982474,0.715421,45676.4,457.697
2240,18350080,4.55988,0.000982454,0.66716,44485.8,457.881
2241,18358272,4.7615,0.000982434,0.74434,38744.3,458.093
2242,18366464,4.55777,0.000982414,0.663805,42570.1,458.285
2243,18374656,4.5619,0.000982394,0.662302,44662.2,458.468
2244,18382848,4.41766,0.000982374,0.672567,45304.1,458.649
2245,18391040,4.53533,0.000982354,0.65648,45075.5,458.831
2246,18399232,4.53484,0.000982334,0.68478,43423.7,459.02
2247,18407424,4.31932,0.000982314,0.689268,42339.2,459.213
2248,18415616,4.55486,0.000982294,0.697309,44149.6,459.399
2249,18423808,4.52694,0.000982273,0.643845,45117.1,459.58
2250,18432000,4.46605,0.000982253,0.692319,45766.4,459.759
2251,18440192,4.46112,0.000982233,0.694401,42898.8,459.95
2252,18448384,4.54461,0.000982213,0.716778,45938.5,460.129
2253,18456576,4.57123,0.000982193,0.704199,45737.7,460.308
2254,18464768,4.53049,0.000982173,0.727766,46085.6,460.485
2255,18472960,4.25713,0.000982152,0.690519,41422.5,460.683
2256,18481152,4.55099,0.000982132,0.711423,38753.1,460.895
2257,18489344,4.40188,0.000982112,0.758242,44656.1,461.078
2258,18497536,4.58107,0.000982092,0.742063,45506,461.258
2259,18505728,4.49701,0.000982071,0.697999,45809.5,461.437
2260,18513920,4.56153,0.000982051,0.838077,43295.5,461.626
2261,18522112,4.50535,0.000982031,0.717278,37369.3,461.845
2262,18530304,4.48053,0.000982011,0.666362,43844.3,462.032
2263,18538496,4.68656,0.00098199,0.757107,44841.7,462.215
2264,18546688,4.73739,0.00098197,0.742442,46316.5,462.392
2265,18554880,4.34526,0.00098195,0.688417,44708.7,462.575
2266,18563072,4.54737,0.000981929,0.689074,40983,462.775
2267,18571264,4.60237,0.000981909,0.701291,42255.5,462.969
2268,18579456,4.43463,0.000981889,0.721994,44436.3,463.153
2269,18587648,4.52071,0.000981868,0.66923,45286,463.334
2270,18595840,4.52814,0.000981848,0.671652,45202.2,463.515
2271,18604032,4.67261,0.000981828,0.746769,40140.9,463.719
2272,18612224,4.61941,0.000981807,0.654519,42946.6,463.91
2273,18620416,4.48521,0.000981787,0.71232,44167.1,464.095
2274,18628608,4.54941,0.000981766,0.710295,45046.5,464.277
2275,18636800,4.61486,0.000981746,0.718767,45506.7,464.457
2276,18644992,4.51738,0.000981725,0.693878,45338,464.638
2277,18653184,4.57315,0.000981705,0.763738,45837.6,464.817
2278,18661376,4.30424,0.000981684,0.726633,45835.5,464.995
2279,18669568,4.54825,0.000981664,0.781198,45888.9,465.174
2280,18677760,4.51694,0.000981643,0.683004,39928.6,465.379
2281,18685952,4.63211,0.000981623,0.674863,36751.8,465.602
2282,18694144,4.63452,0.000981602,0.712255,45048.9,465.784
2283,18702336,4.62382,0.000981582,0.726909,45594.3,465.964
2284,18710528,4.64473,0.000981561,0.700945,45738.5,466.143
2285,18718720,4.58805,0.000981541,0.735131,42465.3,466.336
2286,18726912,4.60135,0.00098152,0.717106,39260.5,466.544
2287,18735104,4.61034,0.0009815,0.725864,44023.5,466.73
2288,18743296,4.65117,0.000981479,0.713088,45327.9,466.911
2289,18751488,4.58749,0.000981459,0.718605,45686.9,467.09
2290,18759680,4.19073,0.000981438,0.73334,44123.8,467.276
2291,18767872,4.4393,0.000981417,0.669294,38459.4,467.489
2292,18776064,4.50316,0.000981397,0.706254,43415.7,467.678
2293,18784256,4.71735,0.000981376,0.717455,44722.3,467.861
2294,18792448,4.50196,0.000981355,0.682561,45616.2,468.04
2295,18800640,4.42011,0.000981335,0.696104,44877,468.223
2296,18808832,4.42679,0.000981314,0.714723,42569.2,468.415
2297,18817024,4.56121,0.000981293,0.707494,42871.7,468.607
2298,18825216,4.63913,0.000981273,0.72966,44210.8,468.792
2299,18833408,4.292,0.000981252,0.705157,45497.9,468.972
2300,18841600,4.56803,0.000981231,0.710652,45347.4,469.153
2301,18849792,4.59127,0.000981211,0.702508,42698.8,469.344
2302,18857984,4.52701,0.00098119,0.753442,45690.6,469.524
2303,18866176,4.52376,0.000981169,0.704492,45803.9,469.703
2304,18874368,4.60077,0.000981148,0.760971,45645.5,469.882
2305,18882560,4.49616,0.000981128,0.782259,39532.1,470.089
2306,18890752,4.469,0.000981107,0.671495,38871.5,470.3
2307,18898944,4.68404,0.000981086,0.707545,44700.6,470.483
2308,18907136,4.47128,0.000981065,0.739623,45769.8,470.662
2309,18915328,4.43228,0.000981044,0.72624,45731.7,470.841
2310,18923520,4.42473,0.000981024,0.726454,43099.3,471.031
2311,18931712,4.46598,0.000981003,0.706855,37663.2,471.249
2312,18939904,4.52849,0.000980982,0.680904,43840.5,471.436
2313,18948096,4.57026,0.000980961,0.684611,45232.4,471.617
2314,18956288,4.4175,0.00098094,0.727304,45864.6,471.795
2315,18964480,4.54831,0.000980919,0.671001,44424.3,471.98
2316,18972672,4.63259,0.000980898,0.713787,41192.9,472.179
2317,18980864,4.55715,0.000980878,0.686155,42409.5,472.372
2318,18989056,4.53535,0.000980857,0.706734,44645.4,472.555
2319,18997248,4.56221,0.000980836,0.762287,45592.3,472.735
2320,19005440,4.6275,0.000980815,0.67887,45018.4,472.917
2321,19013632,4.55591,0.000980794,0.771306,40046.5,473.122
2322,19021824,4.51826,0.000980773,0.70587,42349.4,473.315
2323,19030016,4.52505,0.000980752,0.727717,43818.4,473.502
2324,19038208,4.61037,0.000980731,0.671022,45259.8,473.683
2325,19046400,4.45055,0.00098071,0.723763,45349.7,473.864
2326,19054592,4.6282,0.000980689,0.701974,46280.5,474.041
2327,19062784,4.47345,0.000980668,0.736136,46354.5,474.217
2328,19070976,4.70513,0.000980647,0.673397,46165.7,474.395
2329,19079168,4.53727,0.000980626,0.711315,45751.5,474.574
2330,19087360,4.57678,0.000980605,0.739852,40348.6,474.777
2331,19095552,4.41219,0.000980584,0.717591,36370.7,475.002
2332,19103744,4.65168,0.000980563,0.711135,46020.8,475.18
2333,19111936,4.33864,0.000980542,0.699008,46227.4,475.357
2334,19120128,4.41742,0.00098052,0.683687,45852.1,475.536
2335,19128320,4.48789,0.000980499,0.682196,43506.1,475.724
2336,19136512,4.45889,0.000980478,0.729104,39165.4,475.933
2337,19144704,4.54477,0.000980457,0.67687,43724.7,476.121
2338,19152896,4.68244,0.000980436,0.727393,45593.5,476.301
2339,19161088,4.59271,0.000980415,0.741564,45787.4,476.479
2340,19169280,4.59985,0.000980394,0.768084,44574.8,476.663
2341,19177472,4.5186,0.000980372,0.760461,38644.6,476.875
2342,19185664,4.39999,0.000980351,0.646491,43285.4,477.064
2343,19193856,4.3165,0.00098033,0.670676,44956.1,477.247
2344,19202048,4.59707,0.000980309,0.693285,45584.4,477.426
2345,19210240,4.42064,0.000980288,0.74821,44997.9,477.608
2346,19218432,4.59439,0.000980266,0.75637,42456,477.801
2347,19226624,4.58729,0.000980245,0.755423,42493.7,477.994
2348,19234816,4.77557,0.000980224,0.70135,44232.9,478.179
2349,19243008,4.41622,0.000980203,0.690078,45204.5,478.361
2350,19251200,4.73656,0.000980181,0.691587,45238.7,478.542
2351,19259392,4.43843,0.00098016,0.719244,42335.7,478.735
2352,19267584,4.62201,0.000980139,0.757563,45876.1,478.914
2353,19275776,4.43932,0.000980118,0.680116,45657.5,479.093
2354,19283968,4.41068,0.000980096,0.706563,46111.5,479.271
2355,19292160,4.53152,0.000980075,0.747481,39417.4,479.479
2356,19300352,4.55431,0.000980054,0.770046,39499.9,479.686
2357,19308544,4.49959,0.000980032,0.74427,45006,479.868
2358,19316736,4.59205,0.000980011,0.711582,45451.2,480.048
2359,19324928,4.53606,0.000979989,0.690222,45799.7,480.227
2360,19333120,4.40091,0.000979968,0.71311,42713.4,480.419
2361,19341312,4.51873,0.000979947,0.699511,37760.2,480.636
2362,19349504,4.29891,0.000979925,0.685992,44078.5,480.822
2363,19357696,4.44143,0.000979904,0.71992,45024.2,481.004
2364,19365888,4.41495,0.000979882,0.759364,45403.5,481.184
2365,19374080,4.68616,0.000979861,0.765053,44000.8,481.37
2366,19382272,4.36062,0.00097984,0.705136,40912.1,481.571
2367,19390464,4.47273,0.000979818,0.751084,42798.3,481.762
2368,19398656,4.57019,0.000979797,0.756721,44693.2,481.945
2369,19406848,4.45325,0.000979775,0.706192,45445.9,482.126
2370,19415040,4.32622,0.000979754,0.700291,44610,482.309
2371,19423232,4.58339,0.000979732,0.752709,39839.2,482.515
2372,19431424,4.47007,0.000979711,0.708764,43888.8,482.701
2373,19439616,4.37266,0.000979689,0.733159,43997.6,482.888
2374,19447808,4.47285,0.000979668,0.805103,45067.9,483.069
2375,19456000,4.4711,0.000979646,0.734637,45031.8,483.251
2376,19464192,4.4613,0.000979624,0.728173,45249.3,483.432
2377,19472384,4.57915,0.000979603,0.754338,45303,483.613
2378,19480576,4.63234,0.000979581,0.721904,45351.6,483.794
2379,19488768,4.48528,0.00097956,0.691958,45651.2,483.973
2380,19496960,4.57481,0.000979538,0.717875,39849.7,484.179
2381,19505152,4.52351,0.000979516,0.667284,35852.5,484.407
2382,19513344,4.38726,0.000979495,0.691916,45053.2,484.589
2383,19521536,4.34618,0.000979473,0.71608,45546.9,484.769
2384,19529728,4.46593,0.000979451,0.732062,45894.4,484.948
2385,19537920,4.6599,0.00097943,0.719935,43423.5,485.136
2386,19546112,4.59945,0.000979408,0.709939,39608.2,485.343
2387,19554304,4.6027,0.000979386,0.724074,43367.1,485.532
2388,19562496,4.54532,0.000979365,0.738043,44924.8,485.714
2389,19570688,4.61781,0.000979343,0.703436,45405,485.895
2390,19578880,4.4067,0.000979321,0.70751,44827,486.077
2391,19587072,4.32002,0.0009793,0.681536,38812.1,486.288
2392,19595264,4.45748,0.000979278,0.728558,42954.8,486.479
2393,19603456,4.4857,0.000979256,0.767529,44354.2,486.664
2394,19611648,4.62382,0.000979234,0.71942,45228.3,486.845
2395,19619840,4.50573,0.000979213,0.750204,45228,487.026
2396,19628032,4.63037,0.000979191,0.709476,43395.6,487.215
2397,19636224,4.54218,0.000979169,0.754081,42655.4,487.407
2398,19644416,4.14959,0.000979147,0.701267,44522.6,487.591
2399,19652608,4.59754,0.000979125,0.761237,45222.1,487.772
2400,19660800,4.3538,0.000979104,0.66741,45698.4,487.951
2401,19668992,4.5593,0.000979082,0.692807,42563.5,488.144
2402,19677184,4.51362,0.00097906,0.73678,46532,488.32
2403,19685376,4.64181,0.000979038,0.740716,46804.8,488.495
2404,19693568,4.35615,0.000979016,0.697029,46075.2,488.673
2405,19701760,4.80994,0.000978994,0.741883,41430.6,488.87
2406,19709952,4.49441,0.000978972,0.747265,38877.3,489.081
2407,19718144,4.50217,0.00097895,0.734792,44824.3,489.264
2408,19726336,4.45506,0.000978928,0.763817,45813.7,489.443
2409,19734528,4.55941,0.000978907,0.777423,45753.4,489.622
2410,19742720,4.24583,0.000978885,0.749286,43399.2,489.811
2411,19750912,4.38183,0.000978863,0.689437,37891.3,490.027
2412,19759104,4.4126,0.000978841,0.727981,43665.8,490.214
2413,19767296,4.40908,0.000978819,0.714884,45277.3,490.395
2414,19775488,4.60428,0.000978797,0.738264,45615.4,490.575
2415,19783680,4.51484,0.000978775,0.7269,44276.4,490.76
2416,19791872,4.46113,0.000978753,0.730209,40935.6,490.96
2417,19800064,4.40791,0.000978731,0.711671,42236.1,491.154
2418,19808256,4.74224,0.000978709,0.707999,44867.5,491.337
2419,19816448,4.52937,0.000978687,0.756712,45613.8,491.516
2420,19824640,4.46615,0.000978665,0.73506,44967.1,491.698
2421,19832832,4.5407,0.000978643,0.696383,40352.6,491.901
2422,19841024,4.47117,0.00097862,0.755697,45545.7,492.081
2423,19849216,4.37582,0.000978598,0.726879,46418.2,492.258
2424,19857408,4.24647,0.000978576,0.791391,46333.6,492.434
2425,19865600,4.42968,0.000978554,0.721855,46535.1,492.61
2426,19873792,4.5636,0.000978532,0.751547,45061.1,492.792
2427,19881984,4.64684,0.00097851,0.779761,45012.9,492.974
2428,19890176,4.35114,0.000978488,0.692494,45065.5,493.156
2429,19898368,4.56305,0.000978466,0.734674,45325,493.337
2430,19906560,4.49468,0.000978443,0.69388,39111.3,493.546
2431,19914752,4.30111,0.000978421,0.723805,37235.9,493.766
2432,19922944,4.58329,0.000978399,0.833431,45074.6,493.948
2433,19931136,4.40673,0.000978377,0.732755,45251.7,494.129
2434,19939328,4.45411,0.000978355,0.707968,45426.6,494.309
2435,19947520,4.57718,0.000978332,0.757384,42273.8,494.503
2436,19955712,4.19553,0.00097831,0.735469,39877.1,494.709
2437,19963904,4.6662,0.000978288,0.812938,44203.9,494.894
2438,19972096,4.66247,0.000978266,0.724778,45177.6,495.075
2439,19980288,4.51987,0.000978243,0.732271,45391,495.256
2440,19988480,4.54128,0.000978221,0.726423,43498.2,495.444
2441,19996672,4.32799,0.000978199,0.723517,38387.6,495.657
2442,20004864,4.62451,0.000978177,0.727409,43250.3,495.847
2443,20013056,4.58652,0.000978154,0.724844,44670.9,496.03
2444,20021248,4.49883,0.000978132,0.739738,45352.9,496.211
2445,20029440,4.52885,0.00097811,0.740509,44689.3,496.394
2446,20037632,4.30976,0.000978087,0.744201,42678.1,496.586
2447,20045824,4.41141,0.000978065,0.698449,42966.7,496.777
2448,20054016,4.48743,0.000978043,0.699077,44404.3,496.961
2449,20062208,4.35174,0.00097802,0.723088,45243.1,497.142
2450,20070400,4.47495,0.000977998,0.697746,45132.6,497.324
2451,20078592,4.46358,0.000977975,0.721859,41723.7,497.52
2452,20086784,4.26465,0.000977953,0.79668,46449.6,497.697
2453,20094976,4.56569,0.000977931,0.714968,46052.7,497.874
2454,20103168,4.55155,0.000977908,0.713351,45999,498.053
2455,20111360,4.33594,0.000977886,0.812143,40145.6,498.257
2456,20119552,4.54377,0.000977863,0.699304,39169.7,498.466
2457,20127744,4.59825,0.000977841,0.752314,44710.7,498.649
2458,20135936,4.39726,0.000977818,0.769065,45852.6,498.828
2459,20144128,4.50739,0.000977796,0.794775,46218.1,499.005
2460,20152320,4.29174,0.000977773,0.738769,43185.3,499.195
2461,20160512,4.48411,0.000977751,0.690337,36881.2,499.417
2462,20168704,4.45646,0.000977728,0.730112,43861,499.603
2463,20176896,4.61481,0.000977706,0.779935,45562.6,499.783
2464,20185088,4.44101,0.000977683,0.735875,45637.5,499.963
2465,20193280,4.44806,0.000977661,0.759236,44195.5,500.148
2466,20201472,4.3491,0.000977638,0.6994,41107.7,500.347
2467,20209664,4.41475,0.000977616,0.769786,42585.4,500.54
2468,20217856,4.5556,0.000977593,0.756569,44903.6,500.722
2469,20226048,4.54137,0.00097757,0.745438,45501.1,500.902
2470,20234240,4.45275,0.000977548,0.741286,44919.3,501.085
2471,20242432,4.54622,0.000977525,0.741081,40068.9,501.289
2472,20250624,4.4178,0.000977503,0.772812,42687.7,501.481
2473,20258816,4.66563,0.00097748,0.738668,44210.9,501.666
2474,20267008,4.67313,0.000977457,0.730172,45429.6,501.847
2475,20275200,4.39245,0.000977435,0.723706,45377.9,502.027
2476,20283392,4.60285,0.000977412,0.771404,44955.4,502.209
2477,20291584,4.54824,0.000977389,0.73072,44626.9,502.393
2478,20299776,4.40474,0.000977366,0.715597,45279.9,502.574
2479,20307968,4.54065,0.000977344,0.703226,45070.6,502.756
2480,20316160,4.61982,0.000977321,0.749627,41091.6,502.955
2481,20324352,4.34608,0.000977298,0.740112,35765.1,503.184
2482,20332544,4.50788,0.000977276,0.745446,44342.7,503.369
2483,20340736,4.49471,0.000977253,0.760602,45045.8,503.551
2484,20348928,4.55451,0.00097723,0.747365,45466.7,503.731
2485,20357120,4.67355,0.000977207,0.726353,43606.1,503.919
2486,20365312,4.50686,0.000977185,0.766418,39965.6,504.124
2487,20373504,4.47909,0.000977162,0.726754,42678.2,504.316
2488,20381696,4.38002,0.000977139,0.750218,44711.6,504.499
2489,20389888,4.56127,0.000977116,0.678513,45320.8,504.68
2490,20398080,4.39352,0.000977093,0.748579,44741.8,504.863
2491,20406272,4.48057,0.00097707,0.722883,39022.9,505.073
2492,20414464,4.22804,0.000977048,0.721316,42831.2,505.264
2493,20422656,4.64768,0.000977025,0.749697,44238.4,505.449
2494,20430848,4.38142,0.000977002,0.707524,45380.2,505.629
2495,20439040,4.45907,0.000976979,0.692235,45134.4,505.811
2496,20447232,4.64404,0.000976956,0.752151,43207,506.001
2497,20455424,4.67493,0.000976933,0.745238,42340.1,506.194
2498,20463616,4.37586,0.00097691,0.77424,43587.7,506.382
2499,20471808,4.55624,0.000976887,0.698838,44940,506.564
2500,20480000,4.49734,0.000976864,0.755423,45572.5,506.744
2501,20488192,4.53913,0.000976841,0.716479,41663.5,506.941
2502,20496384,4.44543,0.000976818,0.772399,45582.9,507.12
2503,20504576,4.63699,0.000976795,0.746812,45481.5,507.301
2504,20512768,4.43293,0.000976772,0.751207,45955.5,507.479
2505,20520960,4.52926,0.000976749,0.713073,40369.7,507.682
2506,20529152,4.32989,0.000976726,0.723518,40117.2,507.886
2507,20537344,4.42847,0.000976703,0.707858,44717.7,508.069
2508,20545536,4.40427,0.00097668,0.784402,45694.2,508.248
2509,20553728,4.6381,0.000976657,0.79327,45744.8,508.427
2510,20561920,4.42934,0.000976634,0.684363,42963.1,508.618
2511,20570112,4.36092,0.000976611,0.723894,37871.8,508.834
2512,20578304,4.25907,0.000976588,0.700755,44176.4,509.02
2513,20586496,4.43167,0.000976565,0.716708,44867.4,509.202
2514,20594688,4.32498,0.000976542,0.694493,45509.8,509.382
2515,20602880,4.37727,0.000976519,0.709857,44624.6,509.566
2516,20611072,4.59034,0.000976496,0.702936,41568.7,509.763
2517,20619264,4.46742,0.000976473,0.6778,42366.9,509.956
2518,20627456,4.55554,0.00097645,0.758517,44298.6,510.141
2519,20635648,4.60703,0.000976426,0.737319,45733.8,510.321
2520,20643840,4.46991,0.000976403,0.713608,45040.2,510.502
2521,20652032,4.32788,0.00097638,0.7608,40902.2,510.703
2522,20660224,4.33255,0.000976357,0.716585,43020,510.893
2523,20668416,4.51537,0.000976334,0.769267,43613.8,511.081
2524,20676608,4.45768,0.00097631,0.741612,44795,511.264
2525,20684800,4.50221,0.000976287,0.782704,45362.8,511.444
2526,20692992,4.29678,0.000976264,0.706438,45680,511.624
2527,20701184,4.38073,0.000976241,0.768903,45875.6,511.802
2528,20709376,4.34745,0.000976217,0.748527,46368.5,511.979
2529,20717568,4.31499,0.000976194,0.709134,45950.7,512.157
2530,20725760,4.49921,0.000976171,0.725851,41131.3,512.356
2531,20733952,4.56661,0.000976148,0.8061,35511.6,512.587
2532,20742144,4.46848,0.000976124,0.708741,45245.5,512.768
2533,20750336,4.46345,0.000976101,0.752318,45691.7,512.947
2534,20758528,4.40972,0.000976078,0.765092,45938.6,513.126
2535,20766720,4.62829,0.000976054,0.783374,43569.5,513.314
2536,20774912,4.34421,0.000976031,0.694397,39553.7,513.521
2537,20783104,4.39797,0.000976008,0.670708,43047.1,513.711
2538,20791296,4.41847,0.000975984,0.695887,45485.9,513.891
2539,20799488,4.48265,0.000975961,0.70562,45696,514.071
2540,20807680,4.44013,0.000975938,0.753714,44368,514.255
2541,20815872,4.50608,0.000975914,0.745316,38541.8,514.468
2542,20824064,4.33584,0.000975891,1.02437,42897.6,514.659
2543,20832256,4.33722,0.000975867,0.699282,44755.9,514.842
2544,20840448,4.38546,0.000975844,0.777148,45441.9,515.022
2545,20848640,4.39143,0.000975821,0.83701,44866.1,515.205
2546,20856832,4.42427,0.000975797,0.787056,42965.5,515.395
2547,20865024,4.45083,0.000975774,0.720675,43215.4,515.585
2548,20873216,4.52612,0.00097575,0.799061,44361.8,515.77
2549,20881408,4.5884,0.000975727,0.787967,45479.7,515.95
2550,20889600,4.45709,0.000975703,0.716865,45540,516.13
2551,20897792,4.62981,0.00097568,0.788787,42641.4,516.322
2552,20905984,4.52991,0.000975656,0.809659,46153,516.499
2553,20914176,4.43713,0.000975633,0.709963,46175,516.677
2554,20922368,4.43002,0.000975609,0.701135,46075.5,516.854
2555,20930560,4.36936,0.000975586,0.756114,40420.7,517.057
2556,20938752,4.44364,0.000975562,0.739103,39281,517.266
2557,20946944,4.49084,0.000975538,0.777156,44742.8,517.449
2558,20955136,4.53697,0.000975515,0.727185,45830.9,517.627
2559,20963328,4.51928,0.000975491,0.771997,46078.9,517.805
2560,20971520,4.40711,0.000975468,0.73017,43191.2,517.995
2561,20979712,4.47493,0.000975444,0.753554,37440.5,518.214
2562,20987904,4.43324,0.00097542,0.713334,44093.7,518.399
2563,20996096,4.32821,0.000975397,0.843802,45153.7,518.581
2564,21004288,4.60507,0.000975373,0.775094,46110,518.759
2565,21012480,4.33892,0.000975349,0.730093,44103.3,518.944
2566,21020672,4.14469,0.000975326,0.722946,41092.4,519.144
2567,21028864,4.44283,0.000975302,0.758271,42867.5,519.335
2568,21037056,4.54234,0.000975278,0.740225,44325.8,519.52
2569,21045248,4.37248,0.000975255,0.762403,45753.9,519.699
2570,21053440,4.39208,0.000975231,0.802671,45291.7,519.879
2571,21061632,4.48721,0.000975207,0.79865,39895.9,520.085
2572,21069824,4.51858,0.000975184,0.786775,43293.2,520.274
2573,21078016,4.53104,0.00097516,0.739713,44359.7,520.459
2574,21086208,4.57684,0.000975136,0.915678,45206,520.64
2575,21094400,4.5291,0.000975112,0.754381,45569.1,520.82
2576,21102592,4.49322,0.000975088,0.767016,45214.1,521.001
2577,21110784,4.5741,0.000975065,0.774511,46052.1,521.179
2578,21118976,4.53239,0.000975041,0.726377,46014.9,521.357
2579,21127168,4.49065,0.000975017,0.73955,45885.6,521.535
2580,21135360,4.58516,0.000974993,0.852271,40007.6,521.74
2581,21143552,4.33411,0.000974969,0.700759,36302.4,521.966
2582,21151744,4.55289,0.000974946,0.709628,45195.4,522.147
2583,21159936,4.42598,0.000974922,0.786097,45760.9,522.326
2584,21168128,4.47822,0.000974898,0.714015,45790.2,522.505
2585,21176320,4.53448,0.000974874,0.774273,43249.4,522.694
2586,21184512,4.6222,0.00097485,0.69349,39671,522.901
2587,21192704,4.41374,0.000974826,0.75462,43417.6,523.089
2588,21200896,4.31414,0.000974802,0.824284,45070.8,523.271
2589,21209088,4.32121,0.000974778,0.73195,45649.1,523.451
2590,21217280,4.43277,0.000974754,0.751376,44340.7,523.635
2591,21225472,4.48852,0.00097473,0.705185,38224.5,523.85
2592,21233664,4.49355,0.000974706,0.71914,43334,524.039
2593,21241856,4.40439,0.000974682,0.774582,44822.7,524.222
2594,21250048,4.3646,0.000974658,0.742654,45065.6,524.403
2595,21258240,4.47577,0.000974634,0.799012,44467,524.588
2596,21266432,4.37018,0.00097461,0.787084,42762.3,524.779
2597,21274624,4.33462,0.000974586,0.787421,43083.4,524.969
2598,21282816,4.53853,0.000974562,0.767565,43520.6,525.158
2599,21291008,4.30947,0.000974538,0.767307,45004.9,525.34
2600,21299200,4.47818,0.000974514,0.724848,45582.7,525.519
2601,21307392,4.52128,0.00097449,0.778359,42437.8,525.712
2602,21315584,4.39132,0.000974466,0.820944,46422.7,525.889
2603,21323776,4.66979,0.000974442,0.759562,46285.5,526.066
2604,21331968,4.34708,0.000974418,0.766327,46429.2,526.242
2605,21340160,4.32913,0.000974394,0.779426,40352.7,526.445
2606,21348352,4.38075,0.00097437,0.699109,39397.6,526.653
2607,21356544,4.225,0.000974346,0.766898,44992.1,526.835
2608,21364736,4.6275,0.000974322,0.731002,45635.2,527.015
2609,21372928,4.33128,0.000974297,0.737444,46503.2,527.191
2610,21381120,4.48698,0.000974273,0.768958,44129.4,527.377
2611,21389312,4.17273,0.000974249,0.749927,36725.5,527.6
2612,21397504,4.3519,0.000974225,0.760613,43934.8,527.786
2613,21405696,4.47086,0.000974201,0.772153,45106.1,527.968
2614,21413888,4.22731,0.000974177,0.747465,45698.5,528.147
2615,21422080,4.25693,0.000974152,0.75699,44681.3,528.33
2616,21430272,4.5146,0.000974128,0.788208,41054.9,528.53
2617,21438464,4.35568,0.000974104,0.769241,42877.5,528.721
2618,21446656,4.27587,0.00097408,0.800096,44540.9,528.905
2619,21454848,4.27315,0.000974055,0.83598,45215.5,529.086
2620,21463040,4.41206,0.000974031,0.752638,44896.8,529.268
2621,21471232,4.4221,0.000974007,0.740353,40065.3,529.473
2622,21479424,4.62557,0.000973983,0.779051,42856.6,529.664
2623,21487616,4.33713,0.000973958,0.777454,44107.2,529.85
2624,21495808,4.39018,0.000973934,0.758539,44930.9,530.032
2625,21504000,4.49132,0.00097391,0.766413,44986.7,530.214
2626,21512192,4.15143,0.000973885,0.743778,44241.9,530.399
2627,21520384,4.42921,0.000973861,0.681786,45454.8,530.58
2628,21528576,4.3462,0.000973837,0.793478,45069.1,530.761
2629,21536768,4.39762,0.000973812,0.723121,45421.7,530.942
2630,21544960,4.39365,0.000973788,0.795509,41170,531.141
2631,21553152,4.28982,0.000973763,0.726739,35834.7,531.369
2632,21561344,4.45991,0.000973739,0.925395,44595.5,531.553
2633,21569536,4.39372,0.000973715,0.733072,45157.8,531.734
2634,21577728,4.4386,0.00097369,0.858348,45464.1,531.915
2635,21585920,4.41708,0.000973666,0.792204,43741.5,532.102
2636,21594112,4.18791,0.000973641,0.734935,39960.4,532.307
2637,21602304,4.57919,0.000973617,0.755524,42835.5,532.498
2638,21610496,4.39815,0.000973592,0.753119,45182,532.679
2639,21618688,4.37192,0.000973568,0.838327,45674.9,532.859
2640,21626880,4.38742,0.000973543,0.724008,44904.7,533.041
2641,21635072,4.31554,0.000973519,0.722314,39346.1,533.249
2642,21643264,4.46883,0.000973494,0.752223,42782.3,533.441
2643,21651456,4.38422,0.00097347,0.746105,44932.4,533.623
2644,21659648,4.45445,0.000973445,0.709731,45121.7,533.805
2645,21667840,4.47662,0.000973421,0.791552,45377.7,533.985
2646,21676032,4.58792,0.000973396,0.735017,43496.6,534.174
2647,21684224,4.51249,0.000973372,0.740757,43143.6,534.363
2648,21692416,4.32854,0.000973347,0.762599,43953.7,534.55
2649,21700608,4.41905,0.000973323,0.741265,44918.9,534.732
2650,21708800,4.29039,0.000973298,0.753086,45254.8,534.913
2651,21716992,4.48804,0.000973273,0.774628,41465.3,535.111
2652,21725184,4.17147,0.000973249,0.727184,45981,535.289
2653,21733376,4.46273,0.000973224,0.720653,45848.9,535.468
2654,21741568,4.33603,0.0009732,0.727662,45743.6,535.647
2655,21749760,4.59742,0.000973175,0.788592,41474.8,535.844
2656,21757952,4.53465,0.00097315,0.760519,37940.4,536.06
2657,21766144,4.17283,0.000973126,0.716705,44187.8,536.246
2658,21774336,4.34924,0.000973101,0.77913,45693.2,536.425
2659,21782528,4.45923,0.000973076,0.709356,45861.7,536.603
2660,21790720,4.30486,0.000973051,0.749577,43969.6,536.79
2661,21798912,4.46562,0.000973027,0.777461,37214.5,537.01
2662,21807104,4.33366,0.000973002,0.716097,43375.4,537.199
2663,21815296,4.32002,0.000972977,0.733082,45196,537.38
2664,21823488,4.46565,0.000972953,0.760806,45614.4,537.56
2665,21831680,4.4528,0.000972928,0.732183,44476.4,537.744
2666,21839872,4.32572,0.000972903,0.763707,41952.6,537.939
2667,21848064,4.44506,0.000972878,0.719976,42335.9,538.133
2668,21856256,4.52469,0.000972853,0.775689,44189.7,538.318
2669,21864448,4.34258,0.000972829,0.788686,45314.9,538.499
2670,21872640,4.46806,0.000972804,0.767748,45459.8,538.679
2671,21880832,4.48128,0.000972779,0.706873,41076.9,538.878
2672,21889024,4.4725,0.000972754,0.750407,43073.6,539.069
2673,21897216,4.31069,0.000972729,0.727024,43826.2,539.255
2674,21905408,4.496,0.000972704,0.712015,45212.1,539.437
2675,21913600,4.48981,0.00097268,0.744266,45313.3,539.617
2676,21921792,4.20644,0.000972655,0.804143,45729.6,539.797
2677,21929984,4.44591,0.00097263,0.756527,46182.1,539.974
2678,21938176,4.36623,0.000972605,0.769657,46098.8,540.152
2679,21946368,4.62809,0.00097258,0.781692,45965.6,540.33
2680,21954560,4.40706,0.000972555,0.820259,39555.9,540.537
2681,21962752,4.45584,0.00097253,0.750442,36374.6,540.762
2682,21970944,4.44105,0.000972505,0.715662,45383.1,540.943
2683,21979136,4.25323,0.00097248,0.716618,45990.1,541.121
2684,21987328,4.33932,0.000972455,0.840299,45565.1,541.301
2685,21995520,4.54412,0.00097243,0.707119,42801.6,541.492
2686,22003712,4.40777,0.000972405,0.786963,39624.4,541.699
2687,22011904,4.31992,0.00097238,0.814857,43560.9,541.887
2688,22020096,4.44926,0.000972355,0.710408,45163.8,542.068
2689,22028288,4.42863,0.00097233,0.728446,45621.5,542.248
2690,22036480,4.40506,0.000972305,0.724201,44732.8,542.431
2691,22044672,4.50031,0.00097228,0.727111,37884.4,542.647
2692,22052864,4.4711,0.000972255,0.763111,43258.4,542.837
2693,22061056,4.26605,0.00097223,0.795846,44393.9,543.021
2694,22069248,4.24792,0.000972205,0.714031,45249.1,543.202
2695,22077440,4.33974,0.00097218,0.782429,45082.2,543.384
2696,22085632,4.57195,0.000972155,0.745453,43314.5,543.573
2697,22093824,4.53837,0.00097213,0.787105,42729.9,543.765
2698,22102016,4.35038,0.000972104,0.783773,44073.9,543.951
2699,22110208,4.35879,0.000972079,0.723062,44965.2,544.133
2700,22118400,4.48266,0.000972054,0.734479,45535.3,544.313
2701,22126592,4.41846,0.000972029,0.754267,43302.5,544.502
2702,22134784,4.5046,0.000972004,0.776767,46582,544.678
2703,22142976,4.53672,0.000971979,0.773977,46153.4,544.855
2704,22151168,4.47437,0.000971954,0.740472,46099.5,545.033
2705,22159360,4.44041,0.000971928,0.77608,40524.8,545.235
2706,22167552,4.53814,0.000971903,0.759244,39405.8,545.443
2707,22175744,4.21105,0.000971878,0.756923,44979.3,545.625
2708,22183936,4.51763,0.000971853,0.833422,45663.2,545.804
2709,22192128,4.49698,0.000971827,0.734738,45932.2,545.983
2710,22200320,4.51751,0.000971802,0.749132,43230.6,546.172
2711,22208512,4.45893,0.000971777,0.768425,37246.1,546.392
2712,22216704,4.30986,0.000971752,0.735417,44361.7,546.577
2713,22224896,4.47085,0.000971726,0.761334,45339.2,546.758
2714,22233088,4.30556,0.000971701,0.699651,45761.9,546.937
2715,22241280,4.55996,0.000971676,0.795782,44163,547.122
2716,22249472,4.40776,0.00097165,0.725529,40966.4,547.322
2717,22257664,4.6019,0.000971625,0.78536,42910.8,547.513
2718,22265856,4.54572,0.0009716,0.723995,44536,547.697
2719,22274048,4.39008,0.000971574,0.71353,45221.6,547.878
2720,22282240,4.29138,0.000971549,0.758869,45133.8,548.06
2721,22290432,4.29721,0.000971524,0.749795,39688,548.266
2722,22298624,4.08771,0.000971498,0.732724,43303.7,548.455
2723,22306816,4.31828,0.000971473,0.782383,44252.9,548.64
2724,22315008,4.21402,0.000971447,0.833735,45414.2,548.821
2725,22323200,4.55904,0.000971422,0.729601,45559.1,549
2726,22331392,4.54912,0.000971397,0.743871,45257.5,549.181
2727,22339584,4.22812,0.000971371,0.769577,45859.4,549.36
2728,22347776,4.4036,0.000971346,0.728483,45813.8,549.539
2729,22355968,4.49603,0.00097132,0.760861,46407.5,549.715
2730,22364160,4.30156,0.000971295,0.747939,40078.4,549.92
2731,22372352,4.56815,0.000971269,0.871155,36476.8,550.144
2732,22380544,4.42478,0.000971244,0.801757,45140.4,550.326
2733,22388736,4.41376,0.000971218,0.824175,45666.2,550.505
2734,22396928,4.34824,0.000971193,0.784797,46055,550.683
2735,22405120,4.43849,0.000971167,0.712004,43387.9,550.872
2736,22413312,4.42292,0.000971142,0.729318,39409.7,551.08
2737,22421504,4.38861,0.000971116,0.833706,43506.6,551.268
2738,22429696,4.34475,0.000971091,0.714291,45289.8,551.449
2739,22437888,4.32432,0.000971065,0.749232,45711.1,551.628
2740,22446080,4.61436,0.000971039,0.755626,45150.6,551.81
2741,22454272,4.47265,0.000971014,0.77564,38750.6,552.021
2742,22462464,4.31539,0.000970988,0.755962,43354.2,552.21
2743,22470656,4.48169,0.000970963,0.744954,44579,552.394
2744,22478848,4.39179,0.000970937,0.737477,45574.4,552.574
2745,22487040,4.54539,0.000970911,0.727768,45502.4,552.754
2746,22495232,4.5487,0.000970886,0.741842,42993.7,552.944
2747,22503424,4.33673,0.00097086,0.727164,42915.2,553.135
2748,22511616,4.33824,0.000970834,0.691367,44022.3,553.321
2749,22519808,4.43762,0.000970809,0.759758,45384.3,553.502
2750,22528000,4.25551,0.000970783,0.724321,45577.2,553.681
2751,22536192,4.37872,0.000970757,0.772676,42151.6,553.876
2752,22544384,4.4366,0.000970732,0.746637,45918.3,554.054
2753,22552576,4.4189,0.000970706,0.747941,45556.6,554.234
2754,22560768,4.31944,0.00097068,0.727774,45541.3,554.414
2755,22568960,4.39283,0.000970654,0.756314,39764.6,554.62
2756,22577152,4.11763,0.000970629,0.715181,39462.4,554.827
2757,22585344,4.46499,0.000970603,0.777391,44763.3,555.01
2758,22593536,4.34395,0.000970577,0.773552,45443.2,555.191
2759,22601728,4.57466,0.000970551,0.73159,45516.8,555.371
2760,22609920,4.41996,0.000970525,0.756026,42108.6,555.565
2761,22618112,4.52392,0.0009705,0.780322,37882.4,555.781
2762,22626304,4.38751,0.000970474,0.746316,44331.1,555.966
2763,22634496,4.21479,0.000970448,0.728632,45114.1,556.148
2764,22642688,4.57578,0.000970422,0.775264,45336.2,556.328
2765,22650880,4.27308,0.000970396,0.696833,44009.1,556.515
2766,22659072,4.50267,0.00097037,0.7608,40662.7,556.716
2767,22667264,4.37065,0.000970345,0.830684,43050.1,556.906
2768,22675456,4.48782,0.000970319,0.736757,44562.8,557.09
2769,22683648,4.46441,0.000970293,0.797725,45290.9,557.271
2770,22691840,4.16779,0.000970267,0.74034,44889,557.454
2771,22700032,4.442,0.000970241,0.79913,39112.7,557.663
2772,22708224,4.21268,0.000970215,0.704478,43802.4,557.85
2773,22716416,4.27004,0.000970189,0.756062,44224.9,558.035
2774,22724608,4.37869,0.000970163,0.764655,45194.6,558.217
2775,22732800,4.51434,0.000970137,0.783358,45056.3,558.398
2776,22740992,4.2706,0.000970111,0.76141,44513.3,558.582
2777,22749184,4.34557,0.000970085,0.794568,45756.7,558.761
2778,22757376,4.4751,0.000970059,0.766706,45363,558.942
2779,22765568,4.30033,0.000970033,0.781771,45816.6,559.121
2780,22773760,4.24216,0.000970007,0.739904,40626.5,559.322
2781,22781952,4.41555,0.000969981,0.753505,36292.5,559.548
2782,22790144,4.52297,0.000969955,0.794555,44675.7,559.732
2783,22798336,4.3088,0.000969929,0.78162,45722,559.911
2784,22806528,4.17426,0.000969903,0.76417,45878.8,560.089
2785,22814720,4.48225,0.000969877,0.791645,44094.2,560.275
2786,22822912,4.49471,0.000969851,0.744159,39736.8,560.481
2787,22831104,4.49617,0.000969825,0.728286,42922,560.672
2788,22839296,4.58956,0.000969799,0.763087,45029.1,560.854
2789,22847488,4.37066,0.000969773,0.732525,45430.6,561.034
2790,22855680,4.46533,0.000969746,0.726949,45039.8,561.216
2791,22863872,4.45073,0.00096972,0.830423,39111,561.426
2792,22872064,4.31091,0.000969694,0.744392,42480,561.618
2793,22880256,4.27472,0.000969668,0.705711,44598.7,561.802
2794,22888448,4.09033,0.000969642,0.769067,45585.9,561.982
2795,22896640,4.44934,0.000969616,0.810519,45403.7,562.162
2796,22904832,4.45827,0.000969589,0.751348,43708.8,562.35
2797,22913024,4.51071,0.000969563,0.750881,42617.5,562.542
2798,22921216,4.30201,0.000969537,0.720552,43631.5,562.73
2799,22929408,4.56487,0.000969511,0.747599,45207.9,562.911
2800,22937600,4.46893,0.000969485,0.80899,45918.1,563.089
2801,22945792,4.27894,0.000969458,0.744252,43053.6,563.28
2802,22953984,4.28659,0.000969432,0.73278,45794.2,563.458
2803,22962176,4.32419,0.000969406,0.78453,45379.6,563.639
2804,22970368,4.35901,0.000969379,0.764184,45989.5,563.817
2805,22978560,4.45441,0.000969353,0.841043,40007.4,564.022
2806,22986752,4.68906,0.000969327,0.783062,39213.4,564.231
2807,22994944,4.45923,0.000969301,0.793413,44811.8,564.414
2808,23003136,4.33865,0.000969274,0.762353,45894.4,564.592
2809,23011328,4.42881,0.000969248,0.785541,46152.5,564.77
2810,23019520,4.35177,0.000969222,0.714435,43220.2,564.959
2811,23027712,4.26089,0.000969195,0.759353,37849.7,565.176
2812,23035904,4.49016,0.000969169,0.772276,44319.8,565.36
2813,23044096,4.28141,0.000969142,0.739948,45361.4,565.541
2814,23052288,4.24764,0.000969116,0.786452,45702.7,565.72
2815,23060480,4.44843,0.00096909,0.761037,44394.9,565.905
2816,23068672,4.54937,0.000969063,0.733391,41455.3,566.102
2817,23076864,4.23786,0.000969037,0.731348,42982.1,566.293
2818,23085056,4.56958,0.00096901,0.74898,44418.6,566.477
2819,23093248,4.38261,0.000968984,0.783072,45355.1,566.658
2820,23101440,4.26312,0.000968957,0.768976,44646.5,566.842
2821,23109632,4.36944,0.000968931,0.822605,40349.1,567.045
2822,23117824,4.44128,0.000968905,0.719906,43064.6,567.235
2823,23126016,4.36078,0.000968878,0.757838,43900.1,567.421
2824,23134208,4.29009,0.000968852,0.793086,45186.7,567.603
2825,23142400,4.24758,0.000968825,0.791625,44945,567.785
2826,23150592,4.34033,0.000968799,0.822632,46139,567.962
2827,23158784,4.3097,0.000968772,0.766538,45708.1,568.142
2828,23166976,4.32707,0.000968745,0.798377,45576.5,568.321
2829,23175168,4.39516,0.000968719,0.781154,45776.9,568.5
2830,23183360,4.29253,0.000968692,0.798826,39841.6,568.706
2831,23191552,4.44073,0.000968666,0.716798,35539.3,568.937
2832,23199744,4.13078,0.000968639,0.739433,44808.6,569.119
2833,23207936,4.30245,0.000968613,0.781242,45873.4,569.298
2834,23216128,4.47652,0.000968586,0.890058,45696.4,569.477
2835,23224320,4.3943,0.000968559,0.79134,43099.8,569.667
2836,23232512,4.47572,0.000968533,0.754419,39697,569.874
2837,23240704,4.3837,0.000968506,0.776218,42600.8,570.066
2838,23248896,4.16347,0.000968479,0.765584,45170.3,570.247
2839,23257088,4.17981,0.000968453,0.747015,45744.5,570.426
2840,23265280,4.16326,0.000968426,0.740885,44535,570.61
2841,23273472,4.19447,0.000968399,0.783296,39005.7,570.82
2842,23281664,4.44634,0.000968373,0.775597,42561.4,571.013
2843,23289856,4.54143,0.000968346,0.797075,44923.9,571.195
2844,23298048,4.49119,0.000968319,0.709323,45193.8,571.376
2845,23306240,4.40989,0.000968293,0.704128,45419.2,571.557
2846,23314432,4.32116,0.000968266,0.751458,43231.7,571.746
2847,23322624,4.34493,0.000968239,0.860526,42469.1,571.939
2848,23330816,4.38168,0.000968212,0.751433,44053.1,572.125
2849,23339008,4.26128,0.000968186,0.752373,44960.4,572.307
2850,23347200,4.21937,0.000968159,0.743603,45726.8,572.486
2851,23355392,4.08755,0.000968132,0.742147,41407.5,572.684
2852,23363584,4.30091,0.000968105,0.786399,45799.2,572.863
2853,23371776,4.36194,0.000968078,0.733044,45706,573.042
2854,23379968,4.47156,0.000968052,0.732148,45871.9,573.221
2855,23388160,4.30739,0.000968025,0.797914,40189.9,573.425
2856,23396352,4.45039,0.000967998,0.737072,38613.8,573.637
2857,23404544,4.25496,0.000967971,0.789069,44486.9,573.821
2858,23412736,4.2631,0.000967944,0.723484,45597.7,574.001
2859,23420928,4.2884,0.000967917,0.757864,45914.9,574.179
2860,23429120,4.49235,0.00096789,0.726415,43351,574.368
2861,23437312,4.41868,0.000967863,0.786236,37225.4,574.588
2862,23445504,4.31278,0.000967837,0.8193,43434.5,574.777
2863,23453696,4.34995,0.00096781,0.77948,44640.1,574.96
2864,23461888,4.39641,0.000967783,0.74556,45431.2,575.141
2865,23470080,4.19986,0.000967756,0.748429,44057.1,575.327
2866,23478272,4.22358,0.000967729,0.712366,40791.7,575.527
2867,23486464,4.32037,0.000967702,0.810037,42728.7,575.719
2868,23494656,4.40892,0.000967675,0.74443,44037.5,575.905
2869,23502848,4.44219,0.000967648,0.808533,44694,576.088
2870,23511040,4.25488,0.000967621,0.808062,44938.5,576.271
2871,23519232,4.14282,0.000967594,0.7736,41089,576.47
2872,23527424,4.3182,0.000967567,0.744973,42814.4,576.661
2873,23535616,4.30518,0.00096754,0.818218,43840.6,576.848
2874,23543808,4.38204,0.000967513,0.801331,45177.7,577.03
2875,23552000,4.31274,0.000967486,0.817966,45014.6,577.212
2876,23560192,4.49409,0.000967459,0.790445,45229.3,577.393
2877,23568384,4.45078,0.000967432,0.821628,45286,577.574
2878,23576576,4.53319,0.000967405,0.766242,45441.7,577.754
2879,23584768,4.23068,0.000967377,0.762355,45229.9,577.935
2880,23592960,4.38844,0.00096735,0.798684,40128,578.139
2881,23601152,4.18813,0.000967323,0.798586,35932.5,578.367
2882,23609344,4.1712,0.000967296,0.767237,44861.7,578.55
2883,23617536,4.22337,0.000967269,0.701755,45854.8,578.728
2884,23625728,4.46586,0.000967242,0.791407,45263,578.909
2885,23633920,4.34568,0.000967215,0.768913,43589.3,579.097
2886,23642112,4.34371,0.000967187,0.777874,39207.9,579.306
2887,23650304,4.51055,0.00096716,0.821541,43179.2,579.496
2888,23658496,4.40786,0.000967133,0.781191,45213.2,579.677
2889,23666688,4.47886,0.000967106,0.737804,45758.9,579.856
2890,23674880,4.17369,0.000967079,0.783766,44612.6,580.04
2891,23683072,4.41717,0.000967051,0.772175,38568.5,580.252
2892,23691264,4.51991,0.000967024,0.781977,43039.4,580.443
2893,23699456,4.12724,0.000966997,0.796431,44651.6,580.626
2894,23707648,4.44129,0.00096697,0.84566,45382.1,580.807
2895,23715840,4.15095,0.000966942,0.775718,44958.6,580.989
2896,23724032,4.34975,0.000966915,0.82995,42283.7,581.183
2897,23732224,4.47718,0.000966888,0.799822,42673.3,581.374
2898,23740416,4.47267,0.000966861,0.792552,44173.8,581.56
2899,23748608,4.31548,0.000966833,0.73933,45095.9,581.742
2900,23756800,4.43179,0.000966806,0.832133,45249.7,581.923
2901,23764992,4.44489,0.000966779,0.884264,42845.4,582.114
2902,23773184,4.26224,0.000966751,0.751417,45833.6,582.293
2903,23781376,4.26266,0.000966724,0.739607,45433.9,582.473
2904,23789568,4.39257,0.000966697,0.817606,45335.4,582.654
2905,23797760,4.20546,0.000966669,0.810852,39463.6,582.861
2906,23805952,4.23699,0.000966642,0.756958,38808.6,583.072
2907,23814144,4.25617,0.000966614,0.750953,44462.5,583.256
2908,23822336,4.14316,0.000966587,0.814871,45318.4,583.437
2909,23830528,4.18659,0.00096656,0.758993,45563.1,583.617
2910,23838720,4.42852,0.000966532,0.746895,42780.9,583.809
2911,23846912,4.20995,0.000966505,0.761937,37268.7,584.028
2912,23855104,4.09227,0.000966477,0.71709,44175.1,584.214
2913,23863296,4.27126,0.00096645,0.771172,44909.1,584.396
2914,23871488,4.26298,0.000966422,0.729327,45360,584.577
2915,23879680,4.32165,0.000966395,0.732418,44084.9,584.763
2916,23887872,4.41605,0.000966367,0.742576,41294.5,584.961
2917,23896064,4.3957,0.00096634,0.762163,42842.3,585.152
2918,23904256,4.37875,0.000966312,0.742294,44663.1,585.336
2919,23912448,4.24332,0.000966285,0.750909,45360.9,585.516
2920,23920640,4.44214,0.000966257,0.779754,44757.6,585.699
2921,23928832,4.38873,0.00096623,0.740308,39641.2,585.906
2922,23937024,4.30428,0.000966202,0.785306,43308.3,586.095
2923,23945216,4.32114,0.000966175,0.849915,44289.1,586.28
2924,23953408,4.32471,0.000966147,0.766684,44748.9,586.463
2925,23961600,4.26768,0.000966119,0.775278,45023.3,586.645
2926,23969792,4.42353,0.000966092,0.721338,44548.2,586.829
2927,23977984,4.31909,0.000966064,0.756628,45387,587.009
2928,23986176,4.52473,0.000966037,0.778619,45787,587.188
2929,23994368,4.38348,0.000966009,0.802516,45704.2,587.368
2930,24002560,4.35556,0.000965981,0.786481,41301,587.566
2931,24010752,4.19456,0.000965954,0.847588,35988.6,587.794
2932,24018944,4.39713,0.000965926,0.772393,44510.4,587.978
2933,24027136,4.34208,0.000965898,0.720263,45802.3,588.156
2934,24035328,4.42675,0.000965871,0.780873,45817.6,588.335
2935,24043520,4.36687,0.000965843,0.769214,43586.1,588.523
2936,24051712,4.31021,0.000965815,0.775788,39727.8,588.729
2937,24059904,4.23467,0.000965787,0.686515,42829.2,588.921
2938,24068096,4.38103,0.00096576,0.731543,45151.5,589.102
2939,24076288,4.2746,0.000965732,0.836729,45599.1,589.282
2940,24084480,4.29818,0.000965704,0.829954,44632.2,589.465
2941,24092672,4.6668,0.000965676,0.870779,39131.3,589.675
2942,24100864,4.29444,0.000965649,0.726688,42830.8,589.866
2943,24109056,4.35377,0.000965621,0.772896,44588.2,590.05
2944,24117248,4.19845,0.000965593,0.716257,45304.3,590.23
2945,24125440,4.50155,0.000965565,0.731223,45113.5,590.412
2946,24133632,4.4947,0.000965537,0.83173,43157.4,590.602
2947,24141824,4.30244,0.00096551,0.753639,42402.3,590.795
2948,24150016,4.46039,0.000965482,0.789128,43960.5,590.981
2949,24158208,4.42734,0.000965454,0.748043,44834.4,591.164
2950,24166400,4.37786,0.000965426,0.814628,45492.8,591.344
2951,24174592,4.16275,0.000965398,0.770934,41414.8,591.542
2952,24182784,4.38433,0.00096537,0.715223,46131.9,591.72
2953,24190976,4.4713,0.000965342,0.79441,46213.7,591.897
2954,24199168,4.24913,0.000965314,0.811169,46037.3,592.075
2955,24207360,4.29477,0.000965287,0.871141,40208.7,592.279
2956,24215552,4.41999,0.000965259,0.796172,38613.3,592.491
2957,24223744,4.42553,0.000965231,0.827996,44204.2,592.676
2958,24231936,4.20483,0.000965203,0.80285,45539,592.856
2959,24240128,4.37037,0.000965175,0.752713,45813.6,593.035
2960,24248320,4.42613,0.000965147,0.770136,44264.4,593.22
2961,24256512,4.31551,0.000965119,0.75319,37670.9,593.437
2962,24264704,4.43678,0.000965091,0.768343,43056.6,593.628
2963,24272896,4.44411,0.000965063,0.801132,44868.2,593.81
2964,24281088,4.26732,0.000965035,0.791396,45376.1,593.991
2965,24289280,4.38171,0.000965007,0.79002,44812.9,594.173
2966,24297472,4.31244,0.000964979,0.766171,42111.1,594.368
2967,24305664,4.45687,0.000964951,0.704846,41961.4,594.563
2968,24313856,4.42742,0.000964923,0.735959,43957.7,594.75
2969,24322048,4.31812,0.000964895,0.794457,45357.2,594.93
2970,24330240,4.31019,0.000964867,0.722175,45704.7,595.109
2971,24338432,4.54221,0.000964838,0.779609,40963.6,595.309
2972,24346624,4.18268,0.00096481,0.735442,43161.6,595.499
2973,24354816,4.19951,0.000964782,0.741225,43738.9,595.686
2974,24363008,4.51925,0.000964754,0.802222,44836.1,595.869
2975,24371200,4.37069,0.000964726,0.755236,45524.4,596.049
2976,24379392,4.46963,0.000964698,0.771992,44806,596.232
2977,24387584,4.48681,0.00096467,0.779419,45265,596.413
2978,24395776,4.35579,0.000964641,0.88296,45013.1,596.595
2979,24403968,4.31207,0.000964613,0.888658,45403,596.775
2980,24412160,4.44414,0.000964585,0.721648,40809.8,596.976
2981,24420352,4.40615,0.000964557,0.755385,36186,597.202
2982,24428544,4.52239,0.000964529,0.74176,44550.6,597.386
2983,24436736,4.28094,0.000964501,0.752696,45095,597.568
2984,24444928,4.30836,0.000964472,0.748403,45642.1,597.748
2985,24453120,4.2432,0.000964444,0.788711,43763.3,597.935
2986,24461312,4.30559,0.000964416,0.717938,39929.5,598.14
2987,24469504,4.37306,0.000964388,0.703171,43003.6,598.33
2988,24477696,4.28487,0.000964359,0.745939,44335.2,598.515
2989,24485888,4.27137,0.000964331,0.728212,45450.7,598.695
2990,24494080,4.31968,0.000964303,0.730146,44797.9,598.878
2991,24502272,4.41474,0.000964274,0.827412,39664.4,599.085
2992,24510464,4.13189,0.000964246,0.706405,42414.3,599.278
2993,24518656,4.35109,0.000964218,0.752344,44184.9,599.463
2994,24526848,4.11026,0.000964189,0.750731,45027,599.645
2995,24535040,4.26322,0.000964161,0.776709,45078.9,599.827
2996,24543232,4.27707,0.000964133,0.764455,43438.1,600.016
2997,24551424,4.25262,0.000964104,0.756231,42650.1,600.208
2998,24559616,4.38322,0.000964076,0.981803,43807,600.395
2999,24567808,4.43167,0.000964048,0.745782,44773.1,600.578
3000,24576000,4.06159,0.000964019,0.73915,45255.6,600.759
